title,year,doi,venue,repo_ref
The effect of different starting procedures on sprinters' reaction time,2013,10.1080/02640414.2012.746724,J Sports Sci,systematic_forensics.md s1-s2
Reaction time aspects of elite sprinters in athletic world championships,2013,10.1519/jsc.0b013e31826520c3,J Strength Cond Res,systematic_forensics.md s1.3
Effects of false-start disqualification rules on response-times of elite-standard sprinters,2017,10.1080/02640414.2016.1201213,J Sports Sci,systematic_forensics.md s2
On the implications of a sex difference in the reaction times of sprinters at the Beijing Olympics,2011,10.1371/journal.pone.0026141,PLoS One,systematic_forensics.md s2
On the apparent decrease in Olympic sprinter reaction times,2018,10.1371/journal.pone.0198633,PLoS One,systematic_forensics.md s2
On Devon Allen's Disqualification at the 2022 World Track and Field Championships,2025,10.1080/00031305.2025.2515869,Am Stat,systematic_forensics.md s2
The long-term effects of Current false Start rules on reaction time and athletic performance,2025,10.1080/24748668.2025.2579341,Int J Perform Anal Sport,systematic_forensics.md s2
Strategic aspects of reaction time in world-class sprinters,1999,10.2466/pms.1999.88.1.65,Percept Mot Skills,systematic_forensics.md s4 A3
Changes in the Start Reaction Times in the 200 m Run at the World Championships After the Tightening of False Start Rules,2020,10.2478/afepuc-2020-0017,AFEPUC,systematic_forensics.md s4 A1
Intraindividual Evaluation of Reaction Time at the Women's World Athletics Championships 1999 - 2019,2021,10.2478/afepuc-2021-0017,AFEPUC,systematic_forensics.md s4 A1
Intraindividual Evaluation of Reaction Time At the Men's World Athletics Championships 1999 - 2019,2022,10.2478/afepuc-2022-0007,AFEPUC,systematic_forensics.md s4 A1
Relationship Between Reaction Time Medal Winning and Performance in the 60 m Hurdle Indoor Event Before and After the Last False Start Rule Modification,2021,10.2478/afepuc-2021-0007,AFEPUC,systematic_forensics.md s4 A1
Go signal intensity influences the sprint start,2008,10.1249/mss.0b013e31816770e1,Med Sci Sports Exerc,systematic_forensics.md s2
Start reaction time and performance at the sprint events in World Athletic Championships,2012,10.1080/24748668.2012.11868587,Int J Perform Anal Sport,systematic_forensics.md s4 A1
Start reaction time and performance at the sprint events in the Olympic Games,2012,,Kinesiology,lit_notes_sports.md s2 (Pilianidis Kasabalis Mantzouranis Mavvidis 2012)
Relationship between reaction time and performance in the 60 m hurdles at the 2022 World Indoor Championships,2023,10.31382/eqol.230602,Exercise and Quality of Life,systematic_forensics.md s4 A4
Deciding when to start in 100-m sprints at Athletic World Championships,2020,10.1109/kst48564.2020.9059442,KST 2020 (IEEE),systematic_forensics.md s4 A3
Correlation Analysis of Sprint Performance and Reaction Time Based on Double Logarithm Model,2021,10.1155/2021/6633326,Complexity,systematic_forensics.md s4 A4
The importance of Reaction Time in Athletics: Influence on the Results of Sprint Runs of World Championships Finalists,2021,10.18276/cej.2021.2-05,CEJSSM,systematic_forensics.md s4 A4
Reaction Time Trends in the Sprint and Hurdle Events at the 2004 Olympic Games: Differences Between Male and Female Athletes,2009,,New Stud Athl 24(1):59-68,systematic_forensics.md s4 A2
Reaction Time Trends in the Women's Sprint and Hurdle Events at the 2004 Olympic Games,2009,,New Stud Athl 24(1):49-57,lit_notes_sports.md s2
Has the new false start rule affected the reaction time of elite sprinters?,2004,,New Stud Athl 19(1):13-19,systematic_forensics.md s4 A1
Yokokura Fuwa Kajiwara Kuragano 100 m final reaction times at World Championships 1999-2011,2013,,Bull Meisei Univ (Informatics) 21:11-16,novelty-final-check.md 3a row 4
Problems in false-start judging: differences between false-start devices with different detection methods,1997,10.20693/jspeconf.48.0_498,JSPE congress abstracts,novelty-final-check.md 3a row 2
Nozaki Yokokura Kajiwara 2001 JSPE 52nd congress abstract (Seville 1999 vs Sydney 2000 RT),2001,10.20693/jspeconf.52.0_514,JSPE congress abstracts,novelty-final-check.md 3a row 3
Nozaki Yokokura Kajiwara Ito 2002 JSPE 53rd congress abstract (Sydney 2000 vs Edmonton 2001 RT),2002,10.20693/jspeconf.53.0_516,JSPE congress abstracts,novelty-final-check.md 3a row 3
Nozaki Yokokura Kajiwara Ito 2003 JSPE 54th congress abstract (Olympic vs World Championship RT by device),2003,10.20693/jspeconf.54.0_542,JSPE congress abstracts,novelty-final-check.md 3a row 3
Nozaki Yokokura 2000 JSPE 51st congress abstract (Seville 1999 Seiko block-force waveforms),2000,10.20693/jspeconf.51.0_438,JSPE congress abstracts,novelty-final-check.md 3c row 19
Nozaki Kaneko 1994 JSPE 45th congress abstract (Tokyo 1991 hand-timed holds),1994,,JSPE congress abstracts,novelty-final-check.md 3b row 15
Comparative analysis of reaction time of elite sprinters at the world championships in 2013 and 2015,2015,10.5937/gfsfv1521043j,Godisnjak Fakulteta sporta i fizickog vaspitanja,novelty-final-check.md 3a row 9
Differences in time of start reaction and achieved result in the sprint disciplines in the finals of the Olympic Games in London and the World Championship in Moscow,2015,,SportSPA 12(1),novelty-final-check.md 3a row 9
Munoz-Perez and Lago-Fuentes reaction time World Championships 2013-2019,2021,,unknown,novelty-final-check.md 3a row 9
Martin and Buoncristiani 1995 reaction time Olympic finals,1995,,unknown,systematic_forensics.md s4 A2 (via Milloz 2021)
The Relationship Between Reaction Time and 60 m Performance in Elite Athletes,2018,10.11114/jets.v6i12a.3931,J Educ Train Stud,systematic_forensics.md s4 A4
Start reaction time and performance time in women's sprint at the world championships in athletics,2011,,unknown,systematic_forensics.md s4 A4 (via Milloz 2021)
Reaction time and performance in the short sprints,2013,,New Stud Athl 28(1/2):95-103,lit_notes_sports.md s2
The influence of age and reaction time on sprint performance: an analytical study across the last five editions of the World Athletics Championships,2025,10.24193/subbeag.70.sp.iss.2.54,Studia UBB Educatio Artis Gymnasticae,novelty-final-check.md 3c row 20
Sprinters at the 1996 Olympic Games in Atlanta did not hear the starter's gun through the loudspeakers on the starting blocks,2003,,New Stud Athl 18:23-27,systematic_forensics.md s4 A5
The loud gun starting system currently used at the Olympic Games does not work properly,2005,,web report (Dapena),systematic_forensics.md s4 A5
Timing of Gun Fire Influences Sprinters' Multiple Joint Reaction Times of Whole Body in Block Start,2017,10.3389/fpsyg.2017.00810,Front Psychol,review.md s2.1
Sprint Start Regulation in Athletics: A Critical Review,2021,10.1007/s40279-020-01350-4,Sports Med,systematic_forensics.md s4
