race_id,foreperiod_s,set_onset_s,gun_s,method,uncertainty_s,qc_flag,url,notes,attempt,attempt_status,foreperiod_offset_s,set_offset_s,manual_check,set_snr_db,video_id
OG2020-100m-M-F-H1,,,349.1940,none,,set_not_identifiable,https://www.youtube.com/watch?v=zMFb8Y2QLPc&t=339s,verification sheet: heavy tonal noise; Set not visible; automated fp_on was 1.468 s,1,recalled,,,visual_unidentifiable,10.3900,zMFb8Y2QLPc
OG2020-100m-M-F-H1,,,457.5516,none,,set_not_identifiable,https://www.youtube.com/watch?v=zMFb8Y2QLPc&t=447s,verification sheet: heavy tonal noise; Set not visible; automated fp_on was 1.395 s,2,valid,,,visual_unidentifiable,10.1600,zMFb8Y2QLPc
OG2020-100m-M-SF-H1,1.7387,491.5245,493.2632,audio_auto_v1,0.0816,set_estimators_disagree,https://www.youtube.com/watch?v=rXChjH2hzFk&t=483s,automated marks confirmed on a non-blind verification sheet,1,recalled,1.3902,491.8730,visual_ok,25.3300,rXChjH2hzFk
OG2020-100m-M-SF-H1,1.6265,837.4870,839.1135,audio_auto_v1,0.0827,set_estimators_disagree,https://www.youtube.com/watch?v=rXChjH2hzFk&t=829s,automated marks confirmed on a non-blind verification sheet,2,valid,1.3055,837.8080,visual_ok,26.7500,rXChjH2hzFk
OG2020-100m-M-SF-H2,1.4615,1307.6875,1309.1490,audio_auto_v1,0.0718,set_estimators_disagree,https://www.youtube.com/watch?v=rXChjH2hzFk&t=1299s,automated marks confirmed on a non-blind verification sheet,1,valid,1.2190,1307.9300,visual_ok,28.5300,rXChjH2hzFk
OG2020-100m-M-SF-H3,1.4506,1745.6555,1747.1061,audio_auto_v1,0.1110,set_estimators_disagree,https://www.youtube.com/watch?v=rXChjH2hzFk&t=1737s,automated marks confirmed on a non-blind verification sheet,1,valid,1.1041,1746.0020,visual_ok,23.0000,rXChjH2hzFk
OG2020-100m-W-SF-H1,1.7740,425.1250,426.8990,visual_override,0.1021,no_whisper_set;set_estimators_disagree;no_offset;speech_in_hold;weak_s_onset,https://www.youtube.com/watch?v=nMmKgT46FUc&t=416s,"automated marks wrong on verification sheet (auto mark after the vowel onset; no visible /s/, vowel onset 425.125 read on zoom sheet; gun 426.899); auto fp_on was 1.523 s; no visible /s/: onset = vowel onset (+0.10 s uncertainty)",1,valid,,,visual_corrected,30.4400,nMmKgT46FUc
OG2020-100m-W-SF-H2,1.7355,956.2235,957.9590,audio_auto_v1,0.0915,no_whisper_set;set_estimators_disagree,https://www.youtube.com/watch?v=nMmKgT46FUc&t=947s,automated marks confirmed on a non-blind verification sheet,1,valid,1.3410,956.6180,visual_ok,21.3500,nMmKgT46FUc
OG2020-100m-W-SF-H3,1.8144,1398.6810,1400.4954,audio_auto_v1,0.1279,set_estimators_disagree;weak_s_onset,https://www.youtube.com/watch?v=nMmKgT46FUc&t=1390s,automated marks confirmed on a non-blind verification sheet; no visible /s/: onset = vowel onset (+0.10 s uncertainty),1,valid,1.5854,1398.9100,visual_ok,26.0700,nMmKgT46FUc
OG2020-110mH-M-SF-H1,1.8704,233.5090,235.3794,audio_auto_v1,0.0522,no_whisper_set,https://www.youtube.com/watch?v=dW4GWNAN8Tk&t=225s,automated marks confirmed on a non-blind verification sheet,1,valid,1.6284,233.7510,visual_ok,29.1500,dW4GWNAN8Tk
OG2020-110mH-M-SF-H2,1.8190,166.9155,168.7345,audio_auto_v1,0.0588,no_whisper_set;set_estimators_disagree;speech_before_set,https://www.youtube.com/watch?v=WWNE_TwZ8-Q&t=158s,automated marks confirmed on a non-blind verification sheet,1,valid,1.6475,167.0870,visual_ok,20.3300,WWNE_TwZ8-Q
OG2024-100m-M-F-H1,1.9829,406.3900,408.3729,audio_auto_v1,0.1752,set_estimators_disagree;no_offset,https://www.youtube.com/watch?v=7Xnr805bm4E&t=398s,automated marks confirmed on a non-blind verification sheet,1,valid,,,visual_ok,18.0400,7Xnr805bm4E
OG2024-100m-M-R1-H3,,,155.4249,none,,set_not_identifiable,https://www.youtube.com/watch?v=lr9NwcQnbqQ&t=145s,"verification sheet: weak Set; mark between faint /s/ and vowel, cannot confirm within 40 ms; automated fp_on was 1.927 s",1,valid,,,visual_unidentifiable,20.3200,lr9NwcQnbqQ
OG2024-100m-M-R1-H4,1.6609,155.6550,157.3159,audio_auto_v1,0.1607,weak_s_onset,https://www.youtube.com/watch?v=owSs5f5bKHo&t=147s,automated marks confirmed on a non-blind verification sheet; no visible /s/: onset = vowel onset (+0.10 s uncertainty),1,valid,1.4879,155.8280,visual_ok,19.7300,owSs5f5bKHo
OG2024-100m-M-R1-H8,,,33.9030,none,,set_not_identifiable,https://www.youtube.com/watch?v=3S6M0g1VqDc&t=23s,verification sheet: continuous commentary (SportsMax); automated fp_on was 1.772 s,1,valid,,,visual_unidentifiable,24.6100,3S6M0g1VqDc
OG2024-100m-M-SF-H1,,,187.1505,none,,set_not_identifiable,https://www.youtube.com/watch?v=3b_XDgqQMbo&t=177s,verification sheet: continuous commentary (SportsMax); automated fp_on was 1.867 s,1,valid,,,visual_unidentifiable,33.5900,3b_XDgqQMbo
OG2024-100m-M-SF-H2,,,203.0965,none,,set_not_identifiable,https://www.youtube.com/watch?v=LdNWS1b0F0U&t=193s,verification sheet: continuous commentary (SportsMax); automated fp_on was 1.119 s,1,valid,,,visual_unidentifiable,36.1600,LdNWS1b0F0U
OG2024-100m-M-SF-H3,,,193.5245,none,,set_not_identifiable,https://www.youtube.com/watch?v=7vs7-kFCp-Q&t=183s,verification sheet: continuous commentary (SportsMax); automated fp_on was 2.951 s,1,valid,,,visual_unidentifiable,22.6800,7vs7-kFCp-Q
OG2024-100m-W-R1-H4,,,170.9419,none,,set_not_identifiable,https://www.youtube.com/watch?v=Sry4ZZ5hQvE&t=160s,verification sheet: commentary over the command; automated fp_on was 2.362 s,1,valid,,,visual_unidentifiable,36.3900,Sry4ZZ5hQvE
OG2024-100m-W-R1-H8,,,181.7183,none,,set_not_identifiable,https://www.youtube.com/watch?v=EW196wLnBfw&t=171s,verification sheet: commentary ends just after marked burst; automated fp_on was 2.305 s,1,valid,,,visual_unidentifiable,30.8400,EW196wLnBfw
OG2024-100m-W-SF-H1,,,173.8968,none,,set_not_identifiable,https://www.youtube.com/watch?v=DqrVX1FyW6U&t=163s,verification sheet: continuous commentary (SportsMax); automated fp_on was 1.677 s,1,valid,,,visual_unidentifiable,12.0600,DqrVX1FyW6U
OG2024-100m-W-SF-H2,,,110.0186,none,,set_not_identifiable,https://www.youtube.com/watch?v=QVJNE9CqlHo&t=100s,verification sheet: continuous commentary (SportsMax); automated fp_on was 1.293 s,1,valid,,,visual_unidentifiable,27.2500,QVJNE9CqlHo
OG2024-100mH-W-F-H1,2.0808,62.3285,64.4093,audio_auto_v1,0.1482,set_estimators_disagree,https://www.youtube.com/watch?v=tNsTVJX3oUY&t=54s,automated marks confirmed on a non-blind verification sheet,1,valid,1.6313,62.7780,visual_ok,19.2600,tNsTVJX3oUY
OG2024-100mH-W-R1-H1,,,142.1730,none,,set_not_identifiable,https://www.youtube.com/watch?v=lmpJMcO9VjE&t=132s,verification sheet: commentary over the command; automated fp_on was 2.058 s,1,valid,,,visual_unidentifiable,33.5100,lmpJMcO9VjE
OG2024-100mH-W-R1-H2,1.7228,217.7345,219.4573,audio_auto_v1,0.1555,set_estimators_disagree,https://www.youtube.com/watch?v=WoVmhi6Abys&t=209s,automated marks confirmed on a non-blind verification sheet,1,valid,1.3983,218.0590,visual_ok,14.8500,WoVmhi6Abys
OG2024-100mH-W-R1-H3,2.0238,140.5245,142.5482,audio_auto_v1,0.0926,set_estimators_disagree,https://www.youtube.com/watch?v=vGY3Ccjh6dA&t=132s,automated marks confirmed on a non-blind verification sheet,1,valid,1.7313,140.8170,visual_ok,21.5000,vGY3Ccjh6dA
OG2024-100mH-W-SF-H2,2.0921,307.7870,309.8791,audio_auto_v1,0.1613,no_whisper_set;set_estimators_disagree,https://www.youtube.com/watch?v=NtRUqhX24ys&t=299s,automated marks confirmed on a non-blind verification sheet,1,valid,1.7911,308.0880,visual_ok,17.5300,NtRUqhX24ys
OG2024-100mH-W-SF-H3,,,176.4939,none,,set_not_identifiable,https://www.youtube.com/watch?v=pTxLVsxXA4Q&t=166s,verification sheet: continuous commentary (SportsMax); automated fp_on was 2.279 s,1,valid,,,visual_unidentifiable,18.6200,pTxLVsxXA4Q
OG2024-110mH-M-F-H1,2.2022,246.3220,248.5242,audio_auto_v1,0.0534,ok,https://www.youtube.com/watch?v=6a2oHdxxJ-I&t=238s,automated marks confirmed on a non-blind verification sheet,1,valid,1.7722,246.7520,visual_ok,21.7300,6a2oHdxxJ-I
OG2024-110mH-M-SF-H2,1.8368,236.8160,238.6528,audio_auto_v1,0.1497,set_estimators_disagree,https://www.youtube.com/watch?v=uULOjWF5dVM&t=228s,automated marks confirmed on a non-blind verification sheet,1,valid,1.4748,237.1780,visual_ok,19.5600,uULOjWF5dVM
WCH2019-100m-M-F-H1,1.8068,283.8925,285.6993,audio_auto_v1,0.0666,set_estimators_disagree,https://www.youtube.com/watch?v=hMDALOHv1fE&t=275s,automated marks confirmed on a non-blind verification sheet,1,valid,1.4283,284.2710,visual_ok,23.0900,hMDALOHv1fE
WCH2019-100m-M-SF-H1,1.9463,408.7275,410.6738,audio_auto_v1,0.0534,speech_in_hold,https://www.youtube.com/watch?v=HH0KCEeVrkY&t=400s,automated marks confirmed on a non-blind verification sheet,1,valid,1.5508,409.1230,visual_ok,24.8300,HH0KCEeVrkY
WCH2019-100m-M-SF-H2,1.9519,805.5450,807.4969,audio_auto_v1,0.0659,set_estimators_disagree,https://www.youtube.com/watch?v=HH0KCEeVrkY&t=797s,automated marks confirmed on a non-blind verification sheet,1,valid,1.2859,806.2110,visual_ok,22.5400,HH0KCEeVrkY
WCH2019-100m-M-SF-H3,,,1282.8836,none,,set_not_identifiable,https://www.youtube.com/watch?v=HH0KCEeVrkY&t=1272s,verification sheet: commentary over the command; auto foreperiod 3.27 s implausible; automated fp_on was 3.273 s,1,valid,,,visual_unidentifiable,27.4700,HH0KCEeVrkY
WCH2019-100m-W-F-H1,1.9797,567.9175,569.8972,audio_auto_v1,0.0679,set_estimators_disagree,https://www.youtube.com/watch?v=sdr8LRvAtwI&t=559s,automated marks confirmed on a non-blind verification sheet,1,valid,1.4612,568.4360,visual_ok,25.9300,sdr8LRvAtwI
WCH2019-100m-W-SF-H1,1.7253,141.6255,143.3508,audio_auto_v1,0.1106,no_whisper_set;set_estimators_disagree,https://www.youtube.com/watch?v=ozD0PqkTYek&t=133s,automated marks confirmed on a non-blind verification sheet,1,valid,1.2298,142.1210,visual_ok,22.7300,ozD0PqkTYek
WCH2019-100m-W-SF-H2,1.9424,475.2480,477.1904,audio_auto_v1,0.0857,set_estimators_disagree,https://www.youtube.com/watch?v=ozD0PqkTYek&t=467s,automated marks confirmed on a non-blind verification sheet,1,valid,1.4254,475.7650,visual_ok,21.4000,ozD0PqkTYek
WCH2019-100m-W-SF-H3,1.7718,841.6505,843.4223,audio_auto_v1,0.0550,ok,https://www.youtube.com/watch?v=ozD0PqkTYek&t=833s,automated marks confirmed on a non-blind verification sheet,1,valid,0.9253,842.4970,visual_ok,20.8000,ozD0PqkTYek
WCH2019-100mH-W-F-H1,2.1291,253.1345,255.2636,audio_auto_v1,0.1177,set_estimators_disagree;no_offset;speech_in_hold,https://www.youtube.com/watch?v=qtibu_VJb9Y&t=245s,automated marks confirmed on a non-blind verification sheet,1,valid,,,visual_ok,23.4500,qtibu_VJb9Y
WCH2019-100mH-W-SF-H1,2.1048,128.9490,131.0538,audio_auto_v1,0.1390,set_estimators_disagree,https://www.youtube.com/watch?v=_FaNl21VoJw&t=121s,automated marks confirmed on a non-blind verification sheet,1,valid,1.7668,129.2870,visual_ok,14.7800,_FaNl21VoJw
WCH2019-100mH-W-SF-H2,2.0691,418.7165,420.7856,audio_auto_v1,0.0576,set_estimators_disagree,https://www.youtube.com/watch?v=_FaNl21VoJw&t=410s,automated marks confirmed on a non-blind verification sheet,1,valid,1.5996,419.1860,visual_ok,23.2900,_FaNl21VoJw
WCH2019-100mH-W-SF-H3,1.9783,676.7415,678.7198,audio_auto_v1,0.0580,set_estimators_disagree,https://www.youtube.com/watch?v=_FaNl21VoJw&t=668s,automated marks confirmed on a non-blind verification sheet,1,valid,1.5018,677.2180,visual_ok,22.7600,_FaNl21VoJw
WCH2019-110mH-M-F-H1,1.9474,263.7615,265.7089,audio_auto_v1,0.1257,ok,https://www.youtube.com/watch?v=pPyQosEYwwE&t=255s,automated marks confirmed on a non-blind verification sheet,1,valid,1.6569,264.0520,visual_ok,19.8000,pPyQosEYwwE
WCH2019-110mH-M-SF-H1,1.9660,135.5580,137.5240,audio_auto_v1,0.0524,ok,https://www.youtube.com/watch?v=VXmgO6sXQ0g&t=127s,automated marks confirmed on a non-blind verification sheet,1,recalled,1.6570,135.8670,visual_ok,25.0900,VXmgO6sXQ0g
WCH2019-110mH-M-SF-H1,1.9260,300.6565,302.5825,audio_auto_v1,0.0521,ok,https://www.youtube.com/watch?v=VXmgO6sXQ0g&t=292s,automated marks confirmed on a non-blind verification sheet,2,valid,1.5655,301.0170,visual_ok,26.7100,VXmgO6sXQ0g
WCH2019-110mH-M-SF-H2,1.6059,655.2390,656.8449,audio_auto_v1,0.0542,ok,https://www.youtube.com/watch?v=VXmgO6sXQ0g&t=646s,automated marks confirmed on a non-blind verification sheet,1,valid,1.3249,655.5200,visual_ok,24.5100,VXmgO6sXQ0g
WCH2019-110mH-M-SF-H3,1.7158,944.6440,946.3598,audio_auto_v1,0.0540,ok,https://www.youtube.com/watch?v=VXmgO6sXQ0g&t=936s,automated marks confirmed on a non-blind verification sheet,1,valid,1.3238,945.0360,visual_ok,24.8600,VXmgO6sXQ0g
WCH2022-100m-W-F-H1,1.7641,172.8590,174.6231,audio_auto_v1,0.0592,no_whisper_set;set_estimators_disagree,https://www.youtube.com/watch?v=3553F-6Q044&t=164s,blind manual reading agrees within 40 ms (manual fp_on 1.733 s),1,valid,1.3411,173.2820,agree,20.4800,3553F-6Q044
WCH2022-100mH-W-F-H1,1.6230,180.7840,182.4070,manual_override,0.0112,no_whisper_set;set_estimators_disagree;speech_in_hold,https://www.youtube.com/watch?v=8lkzDBDUzD0&t=172s,automated differed from blind manual reading by 46 ms (auto fp_on 1.668 s); manual used,1,valid,1.3270,181.0800,override,28.8000,8lkzDBDUzD0
WCH2022-100mH-W-R1-H2,1.5671,52.5390,54.1061,audio_auto_v1,0.0192,ok,https://www.youtube.com/watch?v=SDxS1AB2PUQ&t=44s,automated marks confirmed on a non-blind verification sheet,1,valid,1.3221,52.7840,visual_ok,34.4200,SDxS1AB2PUQ
WCH2022-100mH-W-SF-H1,1.5747,120.0815,121.6562,audio_auto_v1,0.0691,no_whisper_set;set_estimators_disagree,https://www.youtube.com/watch?v=k-rqO4ufy8o&t=111s,automated marks confirmed on a non-blind verification sheet,1,valid,1.3872,120.2690,visual_ok,26.1600,k-rqO4ufy8o
WCH2022-110mH-M-F-H1,1.9805,248.0670,250.0475,audio_auto_v1,0.0523,ok,https://www.youtube.com/watch?v=4cUfAmsTnLo&t=240s,blind manual reading agrees within 40 ms (manual fp_on 1.992 s),1,recalled,1.4595,248.5880,agree,23.2000,4cUfAmsTnLo
WCH2022-110mH-M-F-H1,2.0396,548.1080,550.1476,audio_auto_v1,0.0570,no_whisper_set;set_estimators_disagree,https://www.youtube.com/watch?v=4cUfAmsTnLo&t=540s,blind manual reading agrees within 40 ms (manual fp_on 2.056 s),2,valid,1.5366,548.6110,agree,24.8900,4cUfAmsTnLo
WCH2022-110mH-M-R1-H2,1.7596,67.7000,69.4596,audio_auto_v1,0.0525,ok,https://www.youtube.com/watch?v=I0sZ6srUnN4&t=59s,automated marks confirmed on a non-blind verification sheet,1,valid,1.4956,67.9640,visual_ok,27.7100,I0sZ6srUnN4
WCH2022-110mH-M-R1-H3,,,94.6788,none,,set_not_identifiable,https://www.youtube.com/watch?v=L9rcMeWQBgQ&t=84s,verification sheet: commentary before the marked burst; auto FP inconsistent with same-championship Seiko offset; automated fp_on was 1.552 s,1,valid,,,visual_unidentifiable,26.2800,L9rcMeWQBgQ
WCH2023-100m-M-F-H1,1.9772,262.1475,264.1246,audio_auto_v1,0.0134,ok,https://www.youtube.com/watch?v=u0wI4FtyOtE&t=254s,blind manual reading agrees within 40 ms (manual fp_on 1.971 s),1,valid,1.5607,262.5640,agree,41.6400,u0wI4FtyOtE
WCH2023-100m-W-F-H1,2.1299,320.2970,322.4269,audio_auto_v1,0.0137,ok,https://www.youtube.com/watch?v=3-YOXm6_yVI&t=312s,blind manual reading agrees within 40 ms (manual fp_on 2.129 s),1,valid,1.7509,320.6760,agree,46.9700,3-YOXm6_yVI
WCH2023-100mH-W-F-H1,2.0060,288.6290,290.6350,audio_auto_v1,0.0162,ok,https://www.youtube.com/watch?v=pvwL10FELHw&t=280s,blind manual reading agrees within 40 ms (manual fp_on 1.985 s),1,valid,1.6370,288.9980,agree,46.1500,pvwL10FELHw
WCH2023-100mH-W-R1-H3,2.1595,162.5430,164.7025,audio_auto_v1,0.0154,ok,https://www.youtube.com/watch?v=FgipHHwzKrg&t=154s,automated marks confirmed on a non-blind verification sheet,1,valid,1.8345,162.8680,visual_ok,41.7100,FgipHHwzKrg
WCH2023-100mH-W-R1-H5,2.3388,261.6025,263.9412,audio_auto_v1,0.0135,ok,https://www.youtube.com/watch?v=ryCzpIN37dc&t=253s,automated marks confirmed on a non-blind verification sheet,1,valid,1.8702,262.0710,visual_ok,42.9600,ryCzpIN37dc
WCH2023-110mH-M-F-H1,2.1884,296.1315,298.3199,audio_auto_v1,0.0162,speech_in_hold,https://www.youtube.com/watch?v=pVKEBJPFssc&t=288s,blind manual reading agrees within 40 ms (manual fp_on 2.183 s),1,valid,1.7769,296.5430,agree,40.6600,pVKEBJPFssc
WCH2025-100m-M-F-H1,,,3551.1402,none,,set_not_identifiable,https://www.youtube.com/watch?v=i8spi5W5Wyc&t=3541s,manual: recalled attempt; commentary overlaps; Set ambiguous; automated fp_on was 2.462 s,1,recalled,,,unidentifiable,31.8700,i8spi5W5Wyc
WCH2025-100m-M-F-H1,2.4000,3663.9250,3666.3250,manual_override,0.0112,set_estimators_disagree;speech_before_set,https://www.youtube.com/watch?v=i8spi5W5Wyc&t=3656s,automated differed from blind manual reading by 93 ms (auto fp_on 2.306 s); manual used,2,valid,2.0450,3664.2800,override,22.1600,i8spi5W5Wyc
WCH2025-100m-M-R1-H1,,,183.5481,none,,set_not_identifiable,https://www.youtube.com/watch?v=i8spi5W5Wyc&t=173s,manual: commentary runs over the command; Set not identifiable (HF burst 181.37 may be the /s/ but overlaps speech); automated fp_on was 2.055 s,1,valid,,,unidentifiable,23.4700,i8spi5W5Wyc
WCH2025-100m-M-R1-H2,1.9874,506.8560,508.8434,audio_auto_v1,0.0133,ok,https://www.youtube.com/watch?v=i8spi5W5Wyc&t=498s,blind manual reading agrees within 40 ms (manual fp_on 1.982 s),1,valid,1.6364,507.2070,agree,37.1600,i8spi5W5Wyc
WCH2025-100m-M-R1-H3,,,922.6867,none,,set_not_identifiable,https://www.youtube.com/watch?v=i8spi5W5Wyc&t=912s,manual: two fricative+vowel groups (920.40 and 920.55); which one is Set is ambiguous; automated fp_on was 2.219 s,1,valid,,,unidentifiable,45.7900,i8spi5W5Wyc
WCH2025-100m-M-R1-H4,2.3039,1169.2475,1171.5514,audio_auto_v1,0.0181,ok,https://www.youtube.com/watch?v=i8spi5W5Wyc&t=1161s,blind manual reading agrees within 40 ms (manual fp_on 2.280 s),1,valid,1.9014,1169.6500,agree,38.7300,i8spi5W5Wyc
WCH2025-100m-M-R1-H5,2.1688,1588.9090,1591.0778,audio_auto_v1,0.0133,ok,https://www.youtube.com/watch?v=i8spi5W5Wyc&t=1581s,blind manual reading agrees within 40 ms (manual fp_on 2.172 s),1,valid,1.7328,1589.3450,agree,43.3300,i8spi5W5Wyc
WCH2025-100m-M-R1-H6,2.0713,1820.3705,1822.4418,audio_auto_v1,0.0142,no_whisper_set,https://www.youtube.com/watch?v=i8spi5W5Wyc&t=1812s,blind manual reading agrees within 40 ms (manual fp_on 2.082 s),1,recalled,1.7118,1820.7300,agree,40.1400,i8spi5W5Wyc
WCH2025-100m-M-R1-H6,2.4498,2009.0955,2011.5453,audio_auto_v1,0.0141,speech_in_hold,https://www.youtube.com/watch?v=i8spi5W5Wyc&t=2001s,blind manual reading agrees within 40 ms (manual fp_on 2.441 s),2,valid,2.0003,2009.5450,agree,37.9200,i8spi5W5Wyc
WCH2025-100m-M-R1-H7,,,2213.0742,none,,set_not_identifiable,https://www.youtube.com/watch?v=i8spi5W5Wyc&t=2203s,manual: harmonic burst 2211.50-2211.76 without /s/ onset; commentary nearby; Set ambiguous; automated fp_on was 1.524 s,1,valid,,,unidentifiable,28.4900,i8spi5W5Wyc
WCH2025-100m-M-SF-H1,2.1067,2468.5750,2470.6817,audio_auto_v1,0.0291,no_whisper_set;set_estimators_disagree,https://www.youtube.com/watch?v=i8spi5W5Wyc&t=2460s,blind manual reading agrees within 40 ms (manual fp_on 2.112 s),1,valid,1.7777,2468.9040,agree,47.1800,i8spi5W5Wyc
WCH2025-100m-M-SF-H2,2.1226,2741.7750,2743.8975,audio_auto_v1,0.0135,ok,https://www.youtube.com/watch?v=i8spi5W5Wyc&t=2733s,blind manual reading agrees within 40 ms (manual fp_on 2.117 s),1,valid,1.7216,2742.1760,agree,42.2700,i8spi5W5Wyc
WCH2025-100m-M-SF-H3,2.2665,3042.5925,3044.8590,audio_auto_v1,0.0748,no_whisper_set;set_estimators_disagree,https://www.youtube.com/watch?v=i8spi5W5Wyc&t=3034s,blind manual reading agrees within 40 ms (manual fp_on 2.289 s),1,recalled,2.0480,3042.8110,agree,45.0000,i8spi5W5Wyc
WCH2025-100m-M-SF-H3,2.7179,3185.2195,3187.9374,audio_auto_v1,0.0243,no_whisper_set;set_estimators_disagree,https://www.youtube.com/watch?v=i8spi5W5Wyc&t=3177s,blind manual reading agrees within 40 ms (manual fp_on 2.697 s),2,valid,2.3874,3185.5500,agree,45.4100,i8spi5W5Wyc
WCH2025-100m-W-R1-H1,2.5304,136.7765,139.3069,audio_auto_v1,0.0203,ok,https://www.youtube.com/watch?v=2McuUM2729o&t=129s,automated marks confirmed on a non-blind verification sheet,1,valid,2.1669,137.1400,visual_ok,38.3900,2McuUM2729o
WCH2025-100m-W-R1-H2,2.2109,364.3055,366.5164,audio_auto_v1,0.0173,ok,https://www.youtube.com/watch?v=2McuUM2729o&t=356s,blind manual reading agrees within 40 ms (manual fp_on 2.189 s),1,valid,1.8134,364.7030,agree,32.2800,2McuUM2729o
WCH2025-100m-W-R1-H3,2.2637,612.3785,614.6422,audio_auto_v1,0.0319,set_estimators_disagree,https://www.youtube.com/watch?v=2McuUM2729o&t=604s,automated marks confirmed on a non-blind verification sheet,1,valid,1.8872,612.7550,visual_ok,33.4000,2McuUM2729o
WCH2025-100m-W-R1-H5,,,1135.2607,none,,set_not_identifiable,https://www.youtube.com/watch?v=2McuUM2729o&t=1125s,"manual: commentary overlaps the command; Set not identifiable; gun two-step (1135.240 first arrival, main 1135.261); automated fp_on was 2.471 s",1,valid,,,unidentifiable,29.9100,2McuUM2729o
WCH2025-100m-W-R1-H6,2.5031,1421.3260,1423.8291,audio_auto_v1,0.1468,set_estimators_disagree,https://www.youtube.com/watch?v=2McuUM2729o&t=1413s,automated marks confirmed on a non-blind verification sheet,1,valid,1.6881,1422.1410,visual_ok,16.2100,2McuUM2729o
WCH2025-100m-W-R1-H7,2.5675,1662.8440,1665.4115,audio_auto_v1,0.0165,ok,https://www.youtube.com/watch?v=2McuUM2729o&t=1655s,automated marks confirmed on a non-blind verification sheet,1,valid,2.1935,1663.2180,visual_ok,39.0100,2McuUM2729o
WCH2025-100m-W-SF-H1,2.5190,2006.1900,2008.7090,manual_override,0.1078,no_whisper_set;set_estimators_disagree;weak_s_onset,https://www.youtube.com/watch?v=2McuUM2729o&t=1998s,automated differed from blind manual reading by 89 ms (auto fp_on 2.608 s); manual used; no visible /s/: onset = vowel onset (+0.10 s uncertainty),1,recalled,2.4090,2006.3000,override,17.8100,2McuUM2729o
WCH2025-100m-W-SF-H1,1.9030,2117.4870,2119.3900,manual_override,0.0158,no_whisper_set;speech_before_set,https://www.youtube.com/watch?v=2McuUM2729o&t=2109s,automated differed from blind manual reading by 136 ms (auto fp_on 2.030 s); manual used,2,valid,1.6800,2117.7100,override,29.5300,2McuUM2729o
WCH2025-100m-W-SF-H2,,,2355.1837,none,,set_not_identifiable,https://www.youtube.com/watch?v=2McuUM2729o&t=2345s,verification sheet: commentary over the command; automated fp_on was 2.563 s,1,valid,,,visual_unidentifiable,40.9600,2McuUM2729o
WCH2025-100m-W-SF-H3,2.3143,2595.2400,2597.5543,audio_auto_v1,0.1261,no_whisper_set;speech_before_set,https://www.youtube.com/watch?v=2McuUM2729o&t=2587s,blind manual reading agrees within 40 ms (manual fp_on 2.340 s),1,valid,2.0613,2595.4930,agree,19.0300,2McuUM2729o
WCH2025-100mH-W-F-H1,2.1798,2897.1040,2899.2838,audio_auto_v1,0.0149,ok,https://www.youtube.com/watch?v=a2R6qxmIfYU&t=2889s,automated marks confirmed on a non-blind verification sheet,1,valid,1.7898,2897.4940,visual_ok,40.4900,a2R6qxmIfYU
WCH2025-100mH-W-R1-H1,,,135.7033,none,,set_not_identifiable,https://www.youtube.com/watch?v=a2R6qxmIfYU&t=125s,manual: continuous commentary; Set not identifiable; automated fp_on was 2.149 s,1,valid,,,unidentifiable,23.6100,a2R6qxmIfYU
WCH2025-100mH-W-R1-H2,2.5710,431.7750,434.3460,manual_override,0.0112,set_estimators_disagree,https://www.youtube.com/watch?v=a2R6qxmIfYU&t=424s,automated differed from blind manual reading by 51 ms (auto fp_on 2.522 s); manual used,1,valid,2.2460,432.1000,override,37.0500,a2R6qxmIfYU
WCH2025-100mH-W-R1-H3,,,854.9935,none,,set_not_identifiable,https://www.youtube.com/watch?v=a2R6qxmIfYU&t=844s,verification sheet: commentary over the command; automated fp_on was 2.531 s,1,valid,,,visual_unidentifiable,27.0200,a2R6qxmIfYU
WCH2025-100mH-W-R1-H4,2.2229,1130.9775,1133.2004,audio_auto_v1,0.0137,no_whisper_set,https://www.youtube.com/watch?v=a2R6qxmIfYU&t=1123s,automated marks confirmed on a non-blind verification sheet,1,valid,1.9974,1131.2030,visual_ok,34.2800,a2R6qxmIfYU
WCH2025-100mH-W-R1-H5,2.5671,1386.7170,1389.2841,audio_auto_v1,0.0330,no_whisper_set;set_estimators_disagree,https://www.youtube.com/watch?v=a2R6qxmIfYU&t=1379s,automated marks confirmed on a non-blind verification sheet,1,valid,2.1861,1387.0980,visual_ok,38.7700,a2R6qxmIfYU
WCH2025-100mH-W-R1-H6,2.1800,1661.6415,1663.8215,audio_auto_v1,0.0157,no_whisper_set,https://www.youtube.com/watch?v=a2R6qxmIfYU&t=1653s,blind manual reading agrees within 40 ms (manual fp_on 2.174 s),1,valid,1.7645,1662.0570,agree,36.1400,a2R6qxmIfYU
WCH2025-100mH-W-SF-H1,2.4147,2030.7755,2033.1902,audio_auto_v1,0.0194,speech_in_hold,https://www.youtube.com/watch?v=a2R6qxmIfYU&t=2023s,blind manual reading agrees within 40 ms (manual fp_on 2.404 s),1,recalled,1.9632,2031.2270,agree,45.5200,a2R6qxmIfYU
WCH2025-100mH-W-SF-H1,2.1613,2136.1565,2138.3178,audio_auto_v1,0.0136,ok,https://www.youtube.com/watch?v=a2R6qxmIfYU&t=2128s,blind manual reading agrees within 40 ms (manual fp_on 2.162 s),2,valid,1.8108,2136.5070,agree,36.2400,a2R6qxmIfYU
WCH2025-100mH-W-SF-H2,1.8925,2383.5730,2385.4655,audio_auto_v1,0.0136,ok,https://www.youtube.com/watch?v=a2R6qxmIfYU&t=2375s,blind manual reading agrees within 40 ms (manual fp_on 1.906 s),1,valid,1.4435,2384.0220,agree,36.8300,a2R6qxmIfYU
WCH2025-100mH-W-SF-H3,2.1235,2618.9875,2621.1109,audio_auto_v1,0.0162,speech_in_hold,https://www.youtube.com/watch?v=a2R6qxmIfYU&t=2611s,automated marks confirmed on a non-blind verification sheet,1,valid,1.7310,2619.3800,visual_ok,37.6000,a2R6qxmIfYU
WCH2025-110mH-M-F-H1,2.0836,2348.7025,2350.7861,audio_auto_v1,0.0139,no_whisper_set,https://www.youtube.com/watch?v=dWV-SNRwbZY&t=2340s,automated marks confirmed on a non-blind verification sheet,1,valid,1.7201,2349.0660,visual_ok,42.5400,dWV-SNRwbZY
WCH2025-110mH-M-R1-H1,2.7839,129.0905,131.8744,audio_auto_v1,0.0137,ok,https://www.youtube.com/watch?v=dWV-SNRwbZY&t=121s,automated marks confirmed on a non-blind verification sheet,1,valid,2.3734,129.5010,visual_ok,36.6400,dWV-SNRwbZY
WCH2025-110mH-M-R1-H2,2.3277,396.7530,399.0807,audio_auto_v1,0.0190,speech_in_hold,https://www.youtube.com/watch?v=dWV-SNRwbZY&t=389s,automated marks confirmed on a non-blind verification sheet,1,valid,1.9097,397.1710,visual_ok,39.5300,dWV-SNRwbZY
WCH2025-110mH-M-R1-H3,2.5995,631.5960,634.1955,audio_auto_v1,0.0198,speech_in_hold,https://www.youtube.com/watch?v=dWV-SNRwbZY&t=624s,automated marks confirmed on a non-blind verification sheet,1,valid,2.1565,632.0390,visual_ok,35.7500,dWV-SNRwbZY
WCH2025-110mH-M-R1-H4,,,882.4610,none,,set_not_identifiable,https://www.youtube.com/watch?v=dWV-SNRwbZY&t=872s,verification sheet: commentary before and after the marked burst; automated fp_on was 2.445 s,1,valid,,,visual_unidentifiable,39.9600,dWV-SNRwbZY
WCH2025-110mH-M-R1-H5,2.4488,1109.2485,1111.6973,audio_auto_v1,0.0152,ok,https://www.youtube.com/watch?v=dWV-SNRwbZY&t=1101s,blind manual reading agrees within 40 ms (manual fp_on 2.429 s),1,valid,2.0113,1109.6860,agree,40.0200,dWV-SNRwbZY
WCH2025-110mH-M-SF-H1,2.4953,1432.3790,1434.8743,audio_auto_v1,0.0154,ok,https://www.youtube.com/watch?v=dWV-SNRwbZY&t=1424s,automated marks confirmed on a non-blind verification sheet,1,valid,2.0823,1432.7920,visual_ok,35.7300,dWV-SNRwbZY
WCH2025-110mH-M-SF-H2,2.0761,1714.5470,1716.6231,audio_auto_v1,0.0258,set_estimators_disagree,https://www.youtube.com/watch?v=dWV-SNRwbZY&t=1706s,automated marks confirmed on a non-blind verification sheet,1,valid,1.7731,1714.8500,visual_ok,38.2600,dWV-SNRwbZY
WCH2025-110mH-M-SF-H3,,,2009.9654,none,,set_not_identifiable,https://www.youtube.com/watch?v=dWV-SNRwbZY&t=1999s,verification sheet: commentary over the command; automated fp_on was 2.404 s,1,valid,,,visual_unidentifiable,30.0300,dWV-SNRwbZY
