comp,year,event,sex,races,rounds,races_with_seiko_hold,false_starts,starts,starts_with_rt,rts_with_seiko_hold
WIC,2025,60m,M,12,R1/SF/F,11,0,90,90,82
WIC,2025,60m,W,10,R1/SF/F,10,0,74,73,73
WIC,2025,60mH,M,9,R1/SF/F,8,0,66,65,59
WIC,2025,60mH,W,9,R1/SF/F,9,0,67,67,67
WIC,2024,60m,M,11,R1/SF/F,10,0,82,81,74
WIC,2024,60m,W,11,R1/SF/F,11,0,85,84,84
WIC,2024,60mH,M,10,R1/SF/F,10,2,74,73,71
WIC,2024,60mH,W,10,R1/SF/F,10,0,73,73,73
WCH,2025,100m,M,14,PR/R1/SF/F,14,1,113,113,112
WCH,2025,100m,W,11,R1/SF/F,9,0,93,92,75
WCH,2025,100mH,W,10,R1/SF/F,10,1,77,76,75
WCH,2025,110mH,M,9,R1/SF/F,9,0,74,73,73
WCH,2025,200m,M,10,R1/SF/F,10,0,84,83,83
WCH,2025,200m,W,10,R1/SF/F,10,1,81,80,79
WCH,2023,100m,M,15,PR/R1/SF/F,15,2,117,115,113
WCH,2023,100m,W,11,R1/SF/F,11,2,89,87,87
WCH,2023,100mH,W,9,R1/SF/F,9,0,75,75,75
WCH,2023,110mH,M,9,R1/SF/F,8,1,78,78,70
WCH,2023,200m,M,11,R1/SF/F,11,1,90,88,88
WCH,2023,200m,W,10,R1/SF/F,9,0,77,76,68
WCH,2022,100m,M,15,PR/R1/SF/F,14,1,117,113,104
WCH,2022,100m,W,11,R1/SF/F,11,2,81,81,79
WCH,2022,100mH,W,11,R1/SF/F,11,0,74,74,74
WCH,2022,110mH,M,9,R1/SF/F,9,1,72,71,70
WCH,2022,200m,M,11,R1/SF/F,11,0,81,76,76
WCH,2022,200m,W,10,R1/SF/F,10,0,77,76,76
WCH,2019,100m,M,14,PR/R1/SF/F,0,0,109,106,0
WCH,2019,100m,W,10,R1/SF/F,0,0,79,77,0
WCH,2019,100mH,W,9,R1/SF/F,0,1,70,70,0
WCH,2019,110mH,M,9,R1/SF/F,0,1,74,72,0
WCH,2019,200m,M,11,R1/SF/F,0,0,85,82,0
WCH,2019,200m,W,10,R1/SF/F,0,0,80,75,0
WCH,2017,100m,M,14,PR/R1/SF/F,0,2,108,105,0
WCH,2017,100m,W,10,R1/SF/F,0,1,79,79,0
WCH,2017,100mH,W,9,R1/SF/F,0,0,72,72,0
WCH,2017,110mH,M,9,R1/SF/F,0,0,73,73,0
WCH,2017,200m,M,12,R1/SF/F,0,0,84,82,0
WCH,2017,200m,W,11,R1/SF/F,0,1,81,77,0
WCH,2015,100m,M,14,PR/R1/SF/F,0,2,116,112,0
WCH,2015,100m,W,11,R1/SF/F,0,2,86,84,0
WCH,2015,100mH,W,9,R1/SF/F,0,1,69,69,0
WCH,2015,110mH,M,9,R1/SF/F,0,3,75,75,0
WCH,2015,200m,M,11,R1/SF/F,0,1,92,89,0
WCH,2015,200m,W,11,R1/SF/F,0,0,83,81,0
OG,2024,100m,M,18,PR/R1/SF/F,0,1,153,150,0
OG,2024,100m,W,16,PR/R1/SF/F,0,0,143,142,0
OG,2024,100mH,W,12,R1/RP/SF/F,0,0,93,93,0
OG,2024,110mH,M,12,R1/RP/SF/F,0,1,93,92,0
OG,2024,200m,M,14,R1/RP/SF/F,0,0,102,96,0
OG,2024,200m,W,14,R1/RP/SF/F,0,0,106,101,0
OG,2020,100m,M,14,PR/R1/SF/F,0,0,121,115,0
OG,2020,100m,W,14,PR/R1/SF/F,0,0,113,112,0
OG,2020,100mH,W,9,R1/SF/F,0,0,73,65,0
OG,2020,110mH,M,9,R1/SF/F,0,0,74,72,0
OG,2020,200m,M,11,R1/SF/F,0,0,82,80,0
OG,2020,200m,W,11,R1/SF/F,0,0,75,74,0
ALL,,,,625,,270,32,4904,4805,2060
