race_id,url,channel,title,duration_s,match_confidence,status,notes,video_id,retrieved_at
OG2020-100m-M-F-H1,https://www.youtube.com/watch?v=JniLkO5_pv4,NBC Sports,Marcell Jacobs claims Olympic men's 100m gold for Italy in Tokyo stunner (With Replays) | NBC Sports,306,medium,candidate,title; NBC Sports (With Replays),JniLkO5_pv4,2026-09-29
OG2020-100m-M-F-H1,https://www.youtube.com/watch?v=zMFb8Y2QLPc,Olympic Games,Men's 100m final 🏃‍♂️ | Tokyo Replays,1274,medium,measured,starts: att1@349.2s(recalled);att2@457.6s(valid); evidence: official Olympic replay; WEAK: gun jump ~9 dB; false start (Hughes DQ); commentary 'well and truly a break' follows,zMFb8Y2QLPc,2026-09-29
OG2020-100m-M-SF-H1,https://www.youtube.com/watch?v=rXChjH2hzFk,Olympic Games,The 100m semifinals at Tokyo 2020!,2009,high,measured,starts: att1@493.2s(recalled);att2@839.1s(valid); evidence: official Olympic replay; starter commands audible; recall shot ~0.9 s after gun; results: Prescod DQ (false start) in SF1,rXChjH2hzFk,2026-09-29
OG2020-100m-M-SF-H2,https://www.youtube.com/watch?v=rXChjH2hzFk,Olympic Games,The 100m semifinals at Tokyo 2020!,2009,high,measured,starts: att1@1309.1s(valid); evidence: official Olympic replay; order of semis,rXChjH2hzFk,2026-09-29
OG2020-100m-M-SF-H3,https://www.youtube.com/watch?v=rXChjH2hzFk,Olympic Games,The 100m semifinals at Tokyo 2020!,2009,high,measured,starts: att1@1747.1s(valid); evidence: official Olympic replay; order of semis,rXChjH2hzFk,2026-09-29
OG2020-100m-W-F-H1,https://www.youtube.com/watch?v=uydkwXzzOAs,NBC Sports,"Elaine Thompson-Herah stays on top, wins historic 100m gold medal | Tokyo Olympics | NBC Sports",308,medium,candidate,title; NBC Sports,uydkwXzzOAs,2026-09-29
OG2020-100m-W-SF-H1,https://www.youtube.com/watch?v=nMmKgT46FUc,Olympic Games,Women’s 100m Semi Finals from Tokyo 2020! 🏃‍♀️,1703,high,measured,starts: att1@426.9s(valid); evidence: official Olympic replay; order of semis; 'On your mark' heard at 387.6 s,nMmKgT46FUc,2026-09-29
OG2020-100m-W-SF-H2,https://www.youtube.com/watch?v=nMmKgT46FUc,Olympic Games,Women’s 100m Semi Finals from Tokyo 2020! 🏃‍♀️,1703,high,measured,starts: att1@957.9s(valid); evidence: official Olympic replay; order of semis,nMmKgT46FUc,2026-09-29
OG2020-100m-W-SF-H3,https://www.youtube.com/watch?v=nMmKgT46FUc,Olympic Games,Women’s 100m Semi Finals from Tokyo 2020! 🏃‍♀️,1703,high,measured,starts: att1@1400.5s(valid); evidence: official Olympic replay; order of semis,nMmKgT46FUc,2026-09-29
OG2020-100mH-W-F-H1,https://www.youtube.com/watch?v=w-6-SSLDrrk,NBC Sports,Jasmine Camacho-Quinn's historic 100m hurdles victory (With Replays) | Tokyo Olympics | NBC Sports,314,medium,candidate,title; NBC Sports (With Replays),w-6-SSLDrrk,2026-09-29
OG2020-110mH-M-F-H1,https://www.youtube.com/watch?v=_Eek1Qjl5Sg,NBC Sports,"Parchment denies Holloway, wins 110m hurdles gold with wicked surge | Tokyo Olympics | NBC Sports",223,medium,candidate,title; NBC Sports,_Eek1Qjl5Sg,2026-09-29
OG2020-110mH-M-SF-H1,https://www.youtube.com/watch?v=dW4GWNAN8Tk,SportsMax TV,TOKYO 2020: Men's 110m Hurdles Semi-Final 1 | SportsMax TV,372,high,measured,"starts: att1@235.4s(valid); evidence: single-race clip; race from title athletes + start list; top-ranked candidate (score>=40, crowd surge)",dW4GWNAN8Tk,2026-09-29
OG2020-110mH-M-SF-H2,https://www.youtube.com/watch?v=WWNE_TwZ8-Q,SportsMax TV,TOKYO 2020: Men's 110m Hurdles Semi-Final 2 | SportsMax TV,401,high,measured,"starts: att1@168.7s(valid); evidence: single-race clip; race from title athletes + start list; top-ranked candidate (score>=40, crowd surge)",WWNE_TwZ8-Q,2026-09-29
OG2024-100m-M-F-H1,https://www.youtube.com/watch?v=tcxyXnPIF4o,NBC Sports,Noah Lyles wins 100m in a PHOTO FINISH you have to see to believe | Paris Olympics | NBC Sports,407,medium,candidate,title; NBC Sports,tcxyXnPIF4o,2026-09-29
OG2024-100m-M-F-H1,https://www.youtube.com/watch?v=7Xnr805bm4E,Olympic Games,Men's 100m Final | Paris Champions,885,high,measured,"starts: att1@408.4s(valid); evidence: single-race clip; race from title athletes + start list; top-ranked candidate (score>=40, crowd surge)",7Xnr805bm4E,2026-09-29
OG2024-100m-M-R1-H3,https://www.youtube.com/watch?v=lr9NwcQnbqQ,SportsMax TV,Paris 2024 | USA's Noah Lyles 2nd in Men's 100m heat  | SportsMax,256,high,measured,"starts: att1@155.4s(valid); evidence: single-race clip; race from title athletes + start list; top-ranked candidate (score>=40, crowd surge)",lr9NwcQnbqQ,2026-09-29
OG2024-100m-M-R1-H4,https://www.youtube.com/watch?v=owSs5f5bKHo,SportsMax TV,"Paris 2024 | Jamaica's Oblique Seville wins Men's 100m heat 4, Jones 6th | SportsMax",237,high,measured,"starts: att1@157.3s(valid); evidence: single-race clip; race from title athletes + start list; top-ranked candidate (score>=40, crowd surge)",owSs5f5bKHo,2026-09-29
OG2024-100m-M-R1-H8,https://www.youtube.com/watch?v=xIymlGOsinY,NBC Sports,Fred Kerley shows patience while coasting into men's 100m semifinal | Paris Olympics | NBC Sports,212,medium,candidate,title+start list; NBC Sports; 'coasting into men's 100m semifinal',xIymlGOsinY,2026-09-29
OG2024-100m-M-R1-H8,https://www.youtube.com/watch?v=3S6M0g1VqDc,SportsMax TV,Paris 2024 | Fred Kerley wins Men's 100m heat 8 | SportsMax,215,high,measured,"starts: att1@33.9s(valid); evidence: single-race clip; race from title athletes + start list; top-ranked candidate (score>=40, crowd surge)",3S6M0g1VqDc,2026-09-29
OG2024-100m-M-SF-H1,https://www.youtube.com/watch?v=3ZrbtD34nsk,NBC Sports,Noah Lyles advances to 100m final in ultra-competitive semifinal | Paris Olympics | NBC Sports,57,medium,candidate,title+start list; NBC Sports; 'advances to 100m final',3ZrbtD34nsk,2026-09-29
OG2024-100m-M-SF-H1,https://www.youtube.com/watch?v=3b_XDgqQMbo,SportsMax TV,Paris 2024 | Jamaica's Oblique Seville advances to Men's 100m final after beating Lyles | SportsMax,351,high,measured,"starts: att1@187.1s(valid); evidence: single-race clip; race from title athletes + start list; top-ranked candidate (score>=40, crowd surge)",3b_XDgqQMbo,2026-09-29
OG2024-100m-M-SF-H2,https://www.youtube.com/watch?v=LdNWS1b0F0U,SportsMax TV,"Paris 2024 |Jamaica's Akeem Blake 5th in Men's 100m semi-final heat, Cuba's Espinosa 9th | SportsMax",352,medium,measured,starts: att1@203.1s(valid); evidence: single-race clip; race from title athletes + start list; MODERATE: top candidate score 35-45 or weak crowd surge,LdNWS1b0F0U,2026-09-29
OG2024-100m-M-SF-H3,https://www.youtube.com/watch?v=7vs7-kFCp-Q,SportsMax TV,Paris 2024 | Jamaica's Kishane Thompson makes it look easy advancing to Men's 100m final | SportsMax,278,high,measured,"starts: att1@193.5s(valid); evidence: single-race clip; race from title athletes + start list; top-ranked candidate (score>=40, crowd surge)",7vs7-kFCp-Q,2026-09-29
OG2024-100m-W-F-H1,https://www.youtube.com/watch?v=6QbnZAPQrqU,NBC Sports,"Julien Alfred OVERPOWERS field to win 100m; USA's Richardson, Jefferson go 2-3 | Paris Olympics",428,medium,candidate,title; NBC Sports,6QbnZAPQrqU,2026-09-29
OG2024-100m-W-R1-H1,https://www.youtube.com/watch?v=4c9jAcKNmkQ,NBC Sports,"Sha'Carri Richardson arrives, STORMS through 100m heat in Paris Olympics debut | NBC Sports",164,medium,candidate,title+start list; NBC Sports; '100m heat',4c9jAcKNmkQ,2026-09-29
OG2024-100m-W-R1-H4,https://www.youtube.com/watch?v=Sry4ZZ5hQvE,SportsMax TV,Paris 2024 | Jamaica's Tia Clayton 2nd in Women's 100m heat  | SportsMax,353,high,measured,"starts: att1@170.9s(valid); evidence: single-race clip; race from title athletes + start list; top-ranked candidate (score>=40, crowd surge)",Sry4ZZ5hQvE,2026-09-29
OG2024-100m-W-R1-H8,https://www.youtube.com/watch?v=y6A45FPyzBA,NBC Sports,Olympic legend Shelly-Ann Fraser-Pryce coasts into 100m semifinal | Paris Olympics | NBC Sports,192,medium,candidate,title+start list; NBC Sports; 'coasts into 100m semifinal',y6A45FPyzBA,2026-09-29
OG2024-100m-W-R1-H8,https://www.youtube.com/watch?v=EW196wLnBfw,SportsMax TV,"Paris 2024 |  Shelly Ann Fraser pryce 2nd in Women's 100m heat, Ta Lou wins | SportsMax",390,high,measured,"starts: att1@181.7s(valid); evidence: single-race clip; race from title athletes + start list; top-ranked candidate (score>=40, crowd surge)",EW196wLnBfw,2026-09-29
OG2024-100m-W-SF-H1,https://www.youtube.com/watch?v=DqrVX1FyW6U,SportsMax TV,Paris 2024 | Jamaica's Shashalee Forbes elimated in Women's 100m semi-final round | SportsMax,287,medium,measured,starts: att1@173.9s(valid); evidence: single-race clip; race from title athletes + start list; MODERATE: top candidate score 35-45 or weak crowd surge,DqrVX1FyW6U,2026-09-29
OG2024-100m-W-SF-H2,https://www.youtube.com/watch?v=QVJNE9CqlHo,SportsMax TV,"Paris 2024 | Julien Alfred into 100m Women's final w/ 10.84s run, Sha'carri Richards 2nd | SportsMax",220,high,measured,"starts: att1@110.0s(valid); evidence: single-race clip; race from title athletes + start list; top-ranked candidate (score>=40, crowd surge)",QVJNE9CqlHo,2026-09-29
OG2024-100mH-W-F-H1,https://www.youtube.com/watch?v=m7wokSY3-Bw,NBC Sports,Masai Russell CLOSES STRONG to win competitive women's 100m hurdles final | Paris Olympics,337,medium,candidate,title; NBC Sports,m7wokSY3-Bw,2026-09-29
OG2024-100mH-W-F-H1,https://www.youtube.com/watch?v=tNsTVJX3oUY,Olympic Games,Women's 100mH Final 🏃‍♀️| Paris Champions,279,high,measured,"starts: att1@64.4s(valid); evidence: single-race clip; race from title athletes + start list; top-ranked candidate (score>=40, crowd surge)",tNsTVJX3oUY,2026-09-29
OG2024-100mH-W-R1-H1,https://www.youtube.com/watch?v=lmpJMcO9VjE,SportsMax TV,"Paris 2024 | Jamaica's Janeek Brown 3rd in Women's 100m hurdles heat, Amusan wins | SportsMax",272,medium,measured,starts: att1@142.2s(valid); evidence: single-race clip; race from title athletes + start list; MODERATE: top candidate score 35-45 or weak crowd surge,lmpJMcO9VjE,2026-09-29
OG2024-100mH-W-R1-H2,https://www.youtube.com/watch?v=WoVmhi6Abys,SportsMax TV,"Paris 2024 | Camacho-Quinn wins women's 100m hurdles heat, Cartwright 4th, Chatfield 8th | SportsMax",309,high,measured,"starts: att1@219.5s(valid); evidence: single-race clip; race from title athletes + start list; top-ranked candidate (score>=40, crowd surge)",WoVmhi6Abys,2026-09-29
OG2024-100mH-W-R1-H3,https://www.youtube.com/watch?v=NUnMJsabB0Q,NBC Sports,"Michelle Jenneke is all grit, no quit after brutal fall in 100m hurdles heat | Paris Olympics",114,medium,candidate,title+start list; NBC Sports; '100m hurdles heat',NUnMJsabB0Q,2026-09-29
OG2024-100mH-W-R1-H3,https://www.youtube.com/watch?v=vGY3Ccjh6dA,SportsMax TV,"Paris 2024| Bahamas' Charisma Taylor 4th in Women's 100m hurdles heat, USA's Russell wins |SportsMax",296,high,measured,"starts: att1@142.5s(valid); evidence: single-race clip; race from title athletes + start list; top-ranked candidate (score>=40, crowd surge)",vGY3Ccjh6dA,2026-09-29
OG2024-100mH-W-SF-H2,https://www.youtube.com/watch?v=NtRUqhX24ys,SportsMax TV,"Paris 2024 | BAH' Taylor 3rd in Women's 100m hurdles semis, JA's Brown 7th | SportsMax",478,high,measured,"starts: att1@309.9s(valid); evidence: single-race clip; race from title athletes + start list; top-ranked candidate (score>=40, crowd surge)",NtRUqhX24ys,2026-09-29
OG2024-100mH-W-SF-H3,https://www.youtube.com/watch?v=pTxLVsxXA4Q,SportsMax TV,Paris 2024 | PR's Camacho-Quinn and JA's Nugent through to Women's 100m hurdles final | SportsMax,371,high,measured,"starts: att1@176.5s(valid); evidence: single-race clip; race from title athletes + start list; top-ranked candidate (score>=40, crowd surge)",pTxLVsxXA4Q,2026-09-29
OG2024-110mH-M-F-H1,https://www.youtube.com/watch?v=TihU5okTye8,NBC Sports,"Team USA goes gold-silver as Grant Holloway, Daniel Roberts lead 110m hurdles | Paris Olympics",429,medium,candidate,title; NBC Sports,TihU5okTye8,2026-09-29
OG2024-110mH-M-F-H1,https://www.youtube.com/watch?v=6a2oHdxxJ-I,Olympic Games,Men's 110mH Final 🏃‍♀️| Paris Champions,347,high,measured,"starts: att1@248.5s(valid); evidence: single-race clip; race from title athletes + start list; top-ranked candidate (score>=40, crowd surge)",6a2oHdxxJ-I,2026-09-29
OG2024-110mH-M-R1-H2,https://www.youtube.com/watch?v=0723yX5GtTY,NBC Sports,Freddie Crittenden opts to jog through 110m hurdles heat | Paris Olympics | NBC Sports,215,medium,candidate,title+start list; NBC Sports; '110m hurdles heat',0723yX5GtTY,2026-09-29
OG2024-110mH-M-SF-H1,https://www.youtube.com/watch?v=Cbmp6LfH8XU,NBC Sports,Grant Holloway posts FOURTH-FASTEST 110m hurdles EVER to earn second Paris berth | NBC Sports,426,medium,candidate,title+start list; NBC Sports; 'earn second Paris berth',Cbmp6LfH8XU,2026-09-29
OG2024-110mH-M-SF-H2,https://www.youtube.com/watch?v=uULOjWF5dVM,SportsMax TV,"Paris 2024 | Jamaica's Rasheed Broadbell wins Men's 110m hurdles semis, now into final | SportsMax",383,high,measured,"starts: att1@238.6s(valid); evidence: single-race clip; race from title athletes + start list; top-ranked candidate (score>=40, crowd surge)",uULOjWF5dVM,2026-09-29
WCH2019-100m-M-F-H1,https://www.youtube.com/watch?v=hMDALOHv1fE,World Athletics,Men's 100m Final | World Athletics Championships Doha 2019,742,high,measured,starts: att1@285.7s(valid); evidence: single-race upload; top-ranked candidate with crowd surge,hMDALOHv1fE,2026-09-28
WCH2019-100m-M-R1-H1,https://www.youtube.com/watch?v=XKKbt6b5MSE,World Athletics,Explosive 100m heats in Doha | Men's 100m heats Doha 2019,588,low,candidate,title; WA 'Heats | Reloaded' compilation; heats inside to be identified,XKKbt6b5MSE,2026-09-28
WCH2019-100m-M-R1-H2,https://www.youtube.com/watch?v=XKKbt6b5MSE,World Athletics,Explosive 100m heats in Doha | Men's 100m heats Doha 2019,588,low,candidate,title; WA 'Heats | Reloaded' compilation; heats inside to be identified,XKKbt6b5MSE,2026-09-28
WCH2019-100m-M-R1-H3,https://www.youtube.com/watch?v=XKKbt6b5MSE,World Athletics,Explosive 100m heats in Doha | Men's 100m heats Doha 2019,588,low,candidate,title; WA 'Heats | Reloaded' compilation; heats inside to be identified,XKKbt6b5MSE,2026-09-28
WCH2019-100m-M-R1-H4,https://www.youtube.com/watch?v=XKKbt6b5MSE,World Athletics,Explosive 100m heats in Doha | Men's 100m heats Doha 2019,588,low,candidate,title; WA 'Heats | Reloaded' compilation; heats inside to be identified,XKKbt6b5MSE,2026-09-28
WCH2019-100m-M-R1-H5,https://www.youtube.com/watch?v=XKKbt6b5MSE,World Athletics,Explosive 100m heats in Doha | Men's 100m heats Doha 2019,588,low,candidate,title; WA 'Heats | Reloaded' compilation; heats inside to be identified,XKKbt6b5MSE,2026-09-28
WCH2019-100m-M-R1-H6,https://www.youtube.com/watch?v=XKKbt6b5MSE,World Athletics,Explosive 100m heats in Doha | Men's 100m heats Doha 2019,588,low,candidate,title; WA 'Heats | Reloaded' compilation; heats inside to be identified,XKKbt6b5MSE,2026-09-28
WCH2019-100m-M-SF-H1,https://www.youtube.com/watch?v=HH0KCEeVrkY,World Athletics,Men's 100m Semi-Finals | World Athletics Championships Doha 2019,1445,high,measured,starts: att1@410.7s(valid); evidence: top-ranked candidates with crowd surge (race_loud>12 dB); order in upload and start-list names in commentary agree,HH0KCEeVrkY,2026-09-28
WCH2019-100m-M-SF-H2,https://www.youtube.com/watch?v=HH0KCEeVrkY,World Athletics,Men's 100m Semi-Finals | World Athletics Championships Doha 2019,1445,high,measured,starts: att1@807.5s(valid); evidence: top-ranked candidates with crowd surge (race_loud>12 dB); order in upload and start-list names in commentary agree,HH0KCEeVrkY,2026-09-28
WCH2019-100m-M-SF-H3,https://www.youtube.com/watch?v=HH0KCEeVrkY,World Athletics,Men's 100m Semi-Finals | World Athletics Championships Doha 2019,1445,high,measured,starts: att1@1282.9s(valid); evidence: top-ranked candidates with crowd surge (race_loud>12 dB); order in upload and start-list names in commentary agree,HH0KCEeVrkY,2026-09-28
WCH2019-100m-W-F-H1,https://www.youtube.com/watch?v=sdr8LRvAtwI,World Athletics,Women's 100m Final | World Athletics Championships Doha 2019,973,high,measured,starts: att1@569.9s(valid); evidence: single-race upload; top-ranked candidate with crowd surge,sdr8LRvAtwI,2026-09-28
WCH2019-100m-W-R1-H1,https://www.youtube.com/watch?v=rpmD77fdusA,World Athletics,Shelly-Ann dominates with fastest 100m heat ever  | Women's 100m heats Doha 2019,597,low,candidate,title; WA 'Heats | Reloaded' compilation; heats inside to be identified,rpmD77fdusA,2026-09-28
WCH2019-100m-W-R1-H2,https://www.youtube.com/watch?v=rpmD77fdusA,World Athletics,Shelly-Ann dominates with fastest 100m heat ever  | Women's 100m heats Doha 2019,597,low,candidate,title; WA 'Heats | Reloaded' compilation; heats inside to be identified,rpmD77fdusA,2026-09-28
WCH2019-100m-W-R1-H3,https://www.youtube.com/watch?v=rpmD77fdusA,World Athletics,Shelly-Ann dominates with fastest 100m heat ever  | Women's 100m heats Doha 2019,597,low,candidate,title; WA 'Heats | Reloaded' compilation; heats inside to be identified,rpmD77fdusA,2026-09-28
WCH2019-100m-W-R1-H4,https://www.youtube.com/watch?v=rpmD77fdusA,World Athletics,Shelly-Ann dominates with fastest 100m heat ever  | Women's 100m heats Doha 2019,597,low,candidate,title; WA 'Heats | Reloaded' compilation; heats inside to be identified,rpmD77fdusA,2026-09-28
WCH2019-100m-W-R1-H5,https://www.youtube.com/watch?v=rpmD77fdusA,World Athletics,Shelly-Ann dominates with fastest 100m heat ever  | Women's 100m heats Doha 2019,597,low,candidate,title; WA 'Heats | Reloaded' compilation; heats inside to be identified,rpmD77fdusA,2026-09-28
WCH2019-100m-W-R1-H6,https://www.youtube.com/watch?v=rpmD77fdusA,World Athletics,Shelly-Ann dominates with fastest 100m heat ever  | Women's 100m heats Doha 2019,597,low,candidate,title; WA 'Heats | Reloaded' compilation; heats inside to be identified,rpmD77fdusA,2026-09-28
WCH2019-100m-W-SF-H1,https://www.youtube.com/watch?v=ozD0PqkTYek,World Athletics,Women's 100m Semi-Finals | World Athletics Championships Doha 2019.,1018,high,measured,starts: att1@143.3s(valid); evidence: top-ranked candidates with crowd surge (race_loud>12 dB); order in upload and start-list names in commentary agree,ozD0PqkTYek,2026-09-28
WCH2019-100m-W-SF-H2,https://www.youtube.com/watch?v=ozD0PqkTYek,World Athletics,Women's 100m Semi-Finals | World Athletics Championships Doha 2019.,1018,high,measured,starts: att1@477.2s(valid); evidence: top-ranked candidates with crowd surge (race_loud>12 dB); order in upload and start-list names in commentary agree,ozD0PqkTYek,2026-09-28
WCH2019-100m-W-SF-H3,https://www.youtube.com/watch?v=ozD0PqkTYek,World Athletics,Women's 100m Semi-Finals | World Athletics Championships Doha 2019.,1018,high,measured,starts: att1@843.4s(valid); evidence: top-ranked candidates with crowd surge (race_loud>12 dB); order in upload and start-list names in commentary agree,ozD0PqkTYek,2026-09-28
WCH2019-100mH-W-F-H1,https://www.youtube.com/watch?v=qtibu_VJb9Y,World Athletics,Women's 100m Hurdles Final | World Athletics Championships Doha 2019,521,high,measured,starts: att1@255.2s(valid); evidence: single-race upload; top-ranked candidate with crowd surge,qtibu_VJb9Y,2026-09-28
WCH2019-100mH-W-R1-H1,https://www.youtube.com/watch?v=Jgd6CrYyXM8,World Athletics,Nigeria's Tobi Amusan impresses | Women's 100m hurdles heats Doha 2019,594,low,candidate,title; WA 'Heats | Reloaded' compilation; heats inside to be identified,Jgd6CrYyXM8,2026-09-28
WCH2019-100mH-W-R1-H2,https://www.youtube.com/watch?v=Jgd6CrYyXM8,World Athletics,Nigeria's Tobi Amusan impresses | Women's 100m hurdles heats Doha 2019,594,low,candidate,title; WA 'Heats | Reloaded' compilation; heats inside to be identified,Jgd6CrYyXM8,2026-09-28
WCH2019-100mH-W-R1-H3,https://www.youtube.com/watch?v=Jgd6CrYyXM8,World Athletics,Nigeria's Tobi Amusan impresses | Women's 100m hurdles heats Doha 2019,594,low,candidate,title; WA 'Heats | Reloaded' compilation; heats inside to be identified,Jgd6CrYyXM8,2026-09-28
WCH2019-100mH-W-R1-H4,https://www.youtube.com/watch?v=Jgd6CrYyXM8,World Athletics,Nigeria's Tobi Amusan impresses | Women's 100m hurdles heats Doha 2019,594,low,candidate,title; WA 'Heats | Reloaded' compilation; heats inside to be identified,Jgd6CrYyXM8,2026-09-28
WCH2019-100mH-W-R1-H5,https://www.youtube.com/watch?v=Jgd6CrYyXM8,World Athletics,Nigeria's Tobi Amusan impresses | Women's 100m hurdles heats Doha 2019,594,low,candidate,title; WA 'Heats | Reloaded' compilation; heats inside to be identified,Jgd6CrYyXM8,2026-09-28
WCH2019-100mH-W-SF-H1,https://www.youtube.com/watch?v=_FaNl21VoJw,World Athletics,Women's 100m Hurdles Semi-Finals | World Athletics Championships Doha 2019,856,high,measured,starts: att1@131.1s(valid); evidence: top-ranked candidates with crowd surge (race_loud>12 dB); order in upload and start-list names in commentary agree,_FaNl21VoJw,2026-09-28
WCH2019-100mH-W-SF-H2,https://www.youtube.com/watch?v=_FaNl21VoJw,World Athletics,Women's 100m Hurdles Semi-Finals | World Athletics Championships Doha 2019,856,high,measured,starts: att1@420.8s(valid); evidence: top-ranked candidates with crowd surge (race_loud>12 dB); order in upload and start-list names in commentary agree,_FaNl21VoJw,2026-09-28
WCH2019-100mH-W-SF-H3,https://www.youtube.com/watch?v=_FaNl21VoJw,World Athletics,Women's 100m Hurdles Semi-Finals | World Athletics Championships Doha 2019,856,high,measured,starts: att1@678.7s(valid); evidence: top-ranked candidates with crowd surge (race_loud>12 dB); order in upload and start-list names in commentary agree,_FaNl21VoJw,2026-09-28
WCH2019-110mH-M-F-H1,https://www.youtube.com/watch?v=pPyQosEYwwE,World Athletics,Men's 110m Hurdles Final | World Athletics Championships Doha 2019,871,high,measured,starts: att1@265.7s(valid); evidence: single-race upload; top-ranked candidate with crowd surge,pPyQosEYwwE,2026-09-28
WCH2019-110mH-M-R1-H1,https://www.youtube.com/watch?v=KA4Uw87R5ho,World Athletics,Omar McLeod and Grant Holloway impress in Doha | Men's 110m Hurdles heats Doha 2019,595,low,candidate,title; WA 'Heats | Reloaded' compilation; heats inside to be identified,KA4Uw87R5ho,2026-09-28
WCH2019-110mH-M-R1-H2,https://www.youtube.com/watch?v=KA4Uw87R5ho,World Athletics,Omar McLeod and Grant Holloway impress in Doha | Men's 110m Hurdles heats Doha 2019,595,low,candidate,title; WA 'Heats | Reloaded' compilation; heats inside to be identified,KA4Uw87R5ho,2026-09-28
WCH2019-110mH-M-R1-H3,https://www.youtube.com/watch?v=KA4Uw87R5ho,World Athletics,Omar McLeod and Grant Holloway impress in Doha | Men's 110m Hurdles heats Doha 2019,595,low,candidate,title; WA 'Heats | Reloaded' compilation; heats inside to be identified,KA4Uw87R5ho,2026-09-28
WCH2019-110mH-M-R1-H4,https://www.youtube.com/watch?v=KA4Uw87R5ho,World Athletics,Omar McLeod and Grant Holloway impress in Doha | Men's 110m Hurdles heats Doha 2019,595,low,candidate,title; WA 'Heats | Reloaded' compilation; heats inside to be identified,KA4Uw87R5ho,2026-09-28
WCH2019-110mH-M-R1-H5,https://www.youtube.com/watch?v=KA4Uw87R5ho,World Athletics,Omar McLeod and Grant Holloway impress in Doha | Men's 110m Hurdles heats Doha 2019,595,low,candidate,title; WA 'Heats | Reloaded' compilation; heats inside to be identified,KA4Uw87R5ho,2026-09-28
WCH2019-110mH-M-SF-H1,https://www.youtube.com/watch?v=VXmgO6sXQ0g,World Athletics,Men's 110m Hurdles Semi-Finals | World Athletics Championships Doha 2019,1076,high,measured,"starts: att1@137.5s(recalled);att2@302.6s(valid); evidence: commentary: false start in this semi (athlete reinstated, hip numbers back on)",VXmgO6sXQ0g,2026-09-28
WCH2019-110mH-M-SF-H2,https://www.youtube.com/watch?v=VXmgO6sXQ0g,World Athletics,Men's 110m Hurdles Semi-Finals | World Athletics Championships Doha 2019,1076,high,measured,starts: att1@656.8s(valid); evidence: top-ranked candidates with crowd surge (race_loud>12 dB); order in upload and start-list names in commentary agree,VXmgO6sXQ0g,2026-09-28
WCH2019-110mH-M-SF-H3,https://www.youtube.com/watch?v=VXmgO6sXQ0g,World Athletics,Men's 110m Hurdles Semi-Finals | World Athletics Championships Doha 2019,1076,high,measured,starts: att1@946.4s(valid); evidence: top-ranked candidates with crowd surge (race_loud>12 dB); order in upload and start-list names in commentary agree,VXmgO6sXQ0g,2026-09-28
WCH2022-100m-M-F-H1,https://www.youtube.com/watch?v=pC_d8t87A9A,World Athletics,Men's 100m Final | World Athletics Championships Oregon 2022,756,medium,candidate,"title; WA final; gun at ~265.6 s located via commentary ('They're away first time'); Set masked by commentary, not identifiable; detector missed the gun (low-band rise masked)",pC_d8t87A9A,2026-09-28
WCH2022-100m-W-F-H1,https://www.youtube.com/watch?v=3553F-6Q044,World Athletics,Women's 100m Final | World Athletics Championships Oregon 22,502,high,measured,starts: att1@174.6s(valid); evidence: manual annotation sheet; race by commentary order + Seiko attempt numbers,3553F-6Q044,2026-09-28
WCH2022-100mH-W-F-H1,https://www.youtube.com/watch?v=8lkzDBDUzD0,World Athletics,Women's 100m Hurdles Final | World Athletics Championships Oregon 2022,430,high,measured,starts: att1@182.4s(valid); evidence: manual annotation sheet; race by commentary order + Seiko attempt numbers,8lkzDBDUzD0,2026-09-28
WCH2022-100mH-W-R1-H2,https://www.youtube.com/watch?v=SDxS1AB2PUQ,NBC Sports,Jasmine Camacho-Quinn soars into Worlds 100m hurdles semis with heat win | NBC Sports,201,high,measured,starts: att1@54.1s(valid); evidence: NBC Sports single-race clip; race from title athlete + start list; top-ranked candidate with crowd surge,SDxS1AB2PUQ,2026-09-29
WCH2022-100mH-W-SF-H1,https://www.youtube.com/watch?v=k-rqO4ufy8o,NBC Sports,12.12! Tobi Amusan sets WORLD RECORD in 100m hurdles semi at Worlds | NBC Sports,319,high,measured,starts: att1@121.6s(valid); evidence: NBC Sports single-race clip; race from title athlete + start list; top-ranked candidate with crowd surge,k-rqO4ufy8o,2026-09-29
WCH2022-110mH-M-F-H1,https://www.youtube.com/watch?v=4cUfAmsTnLo,World Athletics,Men's 110m Hurdles Final | World Athletics Championships Oregon 2022,652,high,measured,starts: att1@250.1s(recalled);att2@550.1s(valid); evidence: manual annotation sheet; race by commentary order + Seiko attempt numbers,4cUfAmsTnLo,2026-09-28
WCH2022-110mH-M-R1-H2,https://www.youtube.com/watch?v=I0sZ6srUnN4,NBC Sports,"Grant Holloway, eyeing a repeat, wins 110m hurdles heat at Worlds | NBC Sports",244,high,measured,starts: att1@69.4s(valid); evidence: NBC Sports single-race clip; race from title athlete + start list; top-ranked candidate with crowd surge,I0sZ6srUnN4,2026-09-29
WCH2022-110mH-M-R1-H3,https://www.youtube.com/watch?v=L9rcMeWQBgQ,NBC Sports,U.S. champion Daniel Roberts catches hurdle while leading 110m Worlds heat | NBC Sports,253,medium,measured,starts: att1@94.7s(valid); evidence: NBC Sports single-race clip; race from title athlete + start list; top-ranked candidate with crowd surge; MODERATE score (39),L9rcMeWQBgQ,2026-09-29
WCH2023-100m-M-F-H1,https://www.youtube.com/watch?v=u0wI4FtyOtE,World Athletics,Men's 100m Final | World Athletics Championships Budapest 2023,573,high,measured,starts: att1@264.1s(valid); evidence: manual annotation sheet; race by commentary order + Seiko attempt numbers,u0wI4FtyOtE,2026-09-28
WCH2023-100m-W-F-H1,https://www.youtube.com/watch?v=3-YOXm6_yVI,World Athletics,Women's 100m Final | World Athletics Championships Budapest 2023,783,high,measured,starts: att1@322.4s(valid); evidence: manual annotation sheet; race by commentary order + Seiko attempt numbers,3-YOXm6_yVI,2026-09-28
WCH2023-100mH-W-F-H1,https://www.youtube.com/watch?v=pvwL10FELHw,World Athletics,Women's 100m Hurdles Final | | World Athletics Championships Budapest 2023,476,high,measured,starts: att1@290.6s(valid); evidence: manual annotation sheet; race by commentary order + Seiko attempt numbers,pvwL10FELHw,2026-09-28
WCH2023-100mH-W-R1-H3,https://www.youtube.com/watch?v=FgipHHwzKrg,NBC Sports,Keni Harrison runs fourth fastest time IN HISTORY to win 100m hurdles heat at Worlds | NBC Sports,341,high,measured,starts: att1@164.7s(valid); evidence: NBC Sports single-race clip; race from title athlete + start list; top-ranked candidate with crowd surge (Kendra Harrison won R1-H3),FgipHHwzKrg,2026-09-29
WCH2023-100mH-W-R1-H5,https://www.youtube.com/watch?v=ryCzpIN37dc,NBC Sports,"World record holder Amusan wins heat, clinches 100m hurdles semis spot at Worlds | NBC Sports",402,high,measured,starts: att1@263.9s(valid); evidence: NBC Sports single-race clip; race from title athlete + start list; top-ranked candidate with crowd surge,ryCzpIN37dc,2026-09-29
WCH2023-110mH-M-F-H1,https://www.youtube.com/watch?v=pVKEBJPFssc,World Athletics,Men's 110m Hurdles Final | World Athletics Championships Budapest 2023,612,high,measured,starts: att1@298.3s(valid); evidence: manual annotation sheet; race by commentary order + Seiko attempt numbers,pVKEBJPFssc,2026-09-28
WCH2025-100m-M-F-H1,https://www.youtube.com/watch?v=i8spi5W5Wyc,World Athletics,"Full Men's 100m Heats, Semi-finals & Final | World Athletics Championships Tokyo 25",4128,high,measured,starts: att1@3551.1s(recalled);att2@3666.3s(valid); evidence: manual annotation sheet; race by commentary order + Seiko attempt numbers,i8spi5W5Wyc,2026-09-28
WCH2025-100m-M-R1-H1,https://www.youtube.com/watch?v=i8spi5W5Wyc,World Athletics,"Full Men's 100m Heats, Semi-finals & Final | World Athletics Championships Tokyo 25",4128,high,measured,starts: att1@183.6s(valid); evidence: manual annotation sheet; race by commentary order + Seiko attempt numbers,i8spi5W5Wyc,2026-09-28
WCH2025-100m-M-R1-H2,https://www.youtube.com/watch?v=i8spi5W5Wyc,World Athletics,"Full Men's 100m Heats, Semi-finals & Final | World Athletics Championships Tokyo 25",4128,high,measured,starts: att1@508.8s(valid); evidence: manual annotation sheet; race by commentary order + Seiko attempt numbers,i8spi5W5Wyc,2026-09-28
WCH2025-100m-M-R1-H3,https://www.youtube.com/watch?v=i8spi5W5Wyc,World Athletics,"Full Men's 100m Heats, Semi-finals & Final | World Athletics Championships Tokyo 25",4128,high,measured,starts: att1@922.7s(valid); evidence: manual annotation sheet; race by commentary order + Seiko attempt numbers,i8spi5W5Wyc,2026-09-28
WCH2025-100m-M-R1-H4,https://www.youtube.com/watch?v=i8spi5W5Wyc,World Athletics,"Full Men's 100m Heats, Semi-finals & Final | World Athletics Championships Tokyo 25",4128,high,measured,starts: att1@1171.5s(valid); evidence: manual annotation sheet; race by commentary order + Seiko attempt numbers,i8spi5W5Wyc,2026-09-28
WCH2025-100m-M-R1-H5,https://www.youtube.com/watch?v=i8spi5W5Wyc,World Athletics,"Full Men's 100m Heats, Semi-finals & Final | World Athletics Championships Tokyo 25",4128,high,measured,starts: att1@1591.1s(valid); evidence: manual annotation sheet; race by commentary order + Seiko attempt numbers,i8spi5W5Wyc,2026-09-28
WCH2025-100m-M-R1-H6,https://www.youtube.com/watch?v=i8spi5W5Wyc,World Athletics,"Full Men's 100m Heats, Semi-finals & Final | World Athletics Championships Tokyo 25",4128,high,measured,starts: att1@1822.4s(recalled);att2@2011.5s(valid); evidence: manual annotation sheet; race by commentary order + Seiko attempt numbers,i8spi5W5Wyc,2026-09-28
WCH2025-100m-M-R1-H7,https://www.youtube.com/watch?v=i8spi5W5Wyc,World Athletics,"Full Men's 100m Heats, Semi-finals & Final | World Athletics Championships Tokyo 25",4128,high,measured,starts: att1@2213.1s(valid); evidence: manual annotation sheet; race by commentary order + Seiko attempt numbers,i8spi5W5Wyc,2026-09-28
WCH2025-100m-M-SF-H1,https://www.youtube.com/watch?v=i8spi5W5Wyc,World Athletics,"Full Men's 100m Heats, Semi-finals & Final | World Athletics Championships Tokyo 25",4128,high,measured,starts: att1@2470.7s(valid); evidence: manual annotation sheet; race by commentary order + Seiko attempt numbers,i8spi5W5Wyc,2026-09-28
WCH2025-100m-M-SF-H2,https://www.youtube.com/watch?v=i8spi5W5Wyc,World Athletics,"Full Men's 100m Heats, Semi-finals & Final | World Athletics Championships Tokyo 25",4128,high,measured,starts: att1@2743.9s(valid); evidence: manual annotation sheet; race by commentary order + Seiko attempt numbers,i8spi5W5Wyc,2026-09-28
WCH2025-100m-M-SF-H3,https://www.youtube.com/watch?v=i8spi5W5Wyc,World Athletics,"Full Men's 100m Heats, Semi-finals & Final | World Athletics Championships Tokyo 25",4128,high,measured,starts: att1@3044.9s(recalled);att2@3187.9s(valid); evidence: manual annotation sheet; race by commentary order + Seiko attempt numbers,i8spi5W5Wyc,2026-09-28
WCH2025-100m-W-R1-H1,https://www.youtube.com/watch?v=2McuUM2729o,World Athletics,"Full Women's 100m Heats, Semi-finals & Final | World Athletics Championships Tokyo 25",3168,high,measured,starts: att1@139.3s(valid); evidence: top-ranked candidate; order in compilation; start-list names in commentary,2McuUM2729o,2026-09-28
WCH2025-100m-W-R1-H2,https://www.youtube.com/watch?v=2McuUM2729o,World Athletics,"Full Women's 100m Heats, Semi-finals & Final | World Athletics Championships Tokyo 25",3168,medium,measured,starts: att1@366.5s(valid); evidence: top-ranked candidate; order in compilation; start-list names in commentary,2McuUM2729o,2026-09-28
WCH2025-100m-W-R1-H3,https://www.youtube.com/watch?v=2McuUM2729o,World Athletics,"Full Women's 100m Heats, Semi-finals & Final | World Athletics Championships Tokyo 25",3168,high,measured,starts: att1@614.6s(valid); evidence: top-ranked candidate; order in compilation; start-list names in commentary,2McuUM2729o,2026-09-28
WCH2025-100m-W-R1-H5,https://www.youtube.com/watch?v=2McuUM2729o,World Athletics,"Full Women's 100m Heats, Semi-finals & Final | World Athletics Championships Tokyo 25",3168,high,measured,starts: att1@1135.2s(valid); evidence: top-ranked candidate; order in compilation; start-list names in commentary,2McuUM2729o,2026-09-28
WCH2025-100m-W-R1-H6,https://www.youtube.com/watch?v=2McuUM2729o,World Athletics,"Full Women's 100m Heats, Semi-finals & Final | World Athletics Championships Tokyo 25",3168,high,measured,starts: att1@1423.8s(valid); evidence: top-ranked candidate; order in compilation; start-list names in commentary,2McuUM2729o,2026-09-28
WCH2025-100m-W-R1-H7,https://www.youtube.com/watch?v=2McuUM2729o,World Athletics,"Full Women's 100m Heats, Semi-finals & Final | World Athletics Championships Tokyo 25",3168,high,measured,starts: att1@1665.4s(valid); evidence: top-ranked candidate; order in compilation; start-list names in commentary,2McuUM2729o,2026-09-28
WCH2025-100m-W-SF-H1,https://www.youtube.com/watch?v=2McuUM2729o,World Athletics,"Full Women's 100m Heats, Semi-finals & Final | World Athletics Championships Tokyo 25",3168,high,measured,starts: att1@2008.7s(recalled);att2@2119.4s(valid); evidence: commentary: recalled start ('was there a movement?'); Seiko attempt 2,2McuUM2729o,2026-09-28
WCH2025-100m-W-SF-H2,https://www.youtube.com/watch?v=2McuUM2729o,World Athletics,"Full Women's 100m Heats, Semi-finals & Final | World Athletics Championships Tokyo 25",3168,high,measured,starts: att1@2355.2s(valid); evidence: commentary lane-by-lane intro matches SF-H2 start list,2McuUM2729o,2026-09-28
WCH2025-100m-W-SF-H3,https://www.youtube.com/watch?v=2McuUM2729o,World Athletics,"Full Women's 100m Heats, Semi-finals & Final | World Athletics Championships Tokyo 25",3168,high,measured,starts: att1@2597.6s(valid); evidence: top-ranked candidate labelled final; corrected 2026-10-01 to semi-final 3 after the footage check in notes/lane_confirmatory/L1_report.md,2McuUM2729o,2026-09-28
WCH2025-100mH-W-F-H1,https://www.youtube.com/watch?v=a2R6qxmIfYU,World Athletics,"Full Women's 100m Hurdles Heats, Semi-finals & Final | World Athletics Championships Tokyo 25",3151,high,measured,starts: att1@2899.3s(valid); evidence: top-ranked candidate; final,a2R6qxmIfYU,2026-09-28
WCH2025-100mH-W-R1-H1,https://www.youtube.com/watch?v=a2R6qxmIfYU,World Athletics,"Full Women's 100m Hurdles Heats, Semi-finals & Final | World Athletics Championships Tokyo 25",3151,high,measured,starts: att1@135.7s(valid); evidence: top-ranked candidate; order in compilation; start-list names in commentary,a2R6qxmIfYU,2026-09-28
WCH2025-100mH-W-R1-H2,https://www.youtube.com/watch?v=a2R6qxmIfYU,World Athletics,"Full Women's 100m Hurdles Heats, Semi-finals & Final | World Athletics Championships Tokyo 25",3151,high,measured,starts: att1@434.4s(valid); evidence: top-ranked candidate; order in compilation; start-list names in commentary,a2R6qxmIfYU,2026-09-28
WCH2025-100mH-W-R1-H3,https://www.youtube.com/watch?v=a2R6qxmIfYU,World Athletics,"Full Women's 100m Hurdles Heats, Semi-finals & Final | World Athletics Championships Tokyo 25",3151,high,measured,starts: att1@855.0s(valid); evidence: top-ranked candidate; order in compilation; start-list names in commentary,a2R6qxmIfYU,2026-09-28
WCH2025-100mH-W-R1-H4,https://www.youtube.com/watch?v=a2R6qxmIfYU,World Athletics,"Full Women's 100m Hurdles Heats, Semi-finals & Final | World Athletics Championships Tokyo 25",3151,high,measured,starts: att1@1133.2s(valid); evidence: top-ranked candidate; order in compilation; start-list names in commentary,a2R6qxmIfYU,2026-09-28
WCH2025-100mH-W-R1-H5,https://www.youtube.com/watch?v=a2R6qxmIfYU,World Athletics,"Full Women's 100m Hurdles Heats, Semi-finals & Final | World Athletics Championships Tokyo 25",3151,medium,measured,starts: att1@1389.3s(valid); evidence: top-ranked candidate; order in compilation; start-list names in commentary,a2R6qxmIfYU,2026-09-28
WCH2025-100mH-W-R1-H6,https://www.youtube.com/watch?v=a2R6qxmIfYU,World Athletics,"Full Women's 100m Hurdles Heats, Semi-finals & Final | World Athletics Championships Tokyo 25",3151,high,measured,starts: att1@1663.8s(valid); evidence: top-ranked candidate; order in compilation; start-list names in commentary,a2R6qxmIfYU,2026-09-28
WCH2025-100mH-W-SF-H1,https://www.youtube.com/watch?v=a2R6qxmIfYU,World Athletics,"Full Women's 100m Hurdles Heats, Semi-finals & Final | World Athletics Championships Tokyo 25",3151,high,measured,starts: att1@2033.2s(recalled);att2@2138.3s(valid); evidence: commentary: false start/disqualification; Seiko attempt 2,a2R6qxmIfYU,2026-09-28
WCH2025-100mH-W-SF-H2,https://www.youtube.com/watch?v=a2R6qxmIfYU,World Athletics,"Full Women's 100m Hurdles Heats, Semi-finals & Final | World Athletics Championships Tokyo 25",3151,high,measured,starts: att1@2385.5s(valid); evidence: top-ranked candidate; order; names,a2R6qxmIfYU,2026-09-28
WCH2025-100mH-W-SF-H3,https://www.youtube.com/watch?v=a2R6qxmIfYU,World Athletics,"Full Women's 100m Hurdles Heats, Semi-finals & Final | World Athletics Championships Tokyo 25",3151,high,measured,starts: att1@2621.1s(valid); evidence: commentary: 'the final semi-final',a2R6qxmIfYU,2026-09-28
WCH2025-110mH-M-F-H1,https://www.youtube.com/watch?v=dWV-SNRwbZY,World Athletics,"Full Men's 110m Hurdles Heats, Semi-finals & Final | World Athletics Championships Tokyo 25",2560,high,measured,starts: att1@2350.8s(valid); evidence: 9 top-ranked candidates = 9 races; order and start-list names agree,dWV-SNRwbZY,2026-09-28
WCH2025-110mH-M-R1-H1,https://www.youtube.com/watch?v=dWV-SNRwbZY,World Athletics,"Full Men's 110m Hurdles Heats, Semi-finals & Final | World Athletics Championships Tokyo 25",2560,high,measured,starts: att1@131.9s(valid); evidence: 9 top-ranked candidates = 9 races; order and start-list names agree,dWV-SNRwbZY,2026-09-28
WCH2025-110mH-M-R1-H2,https://www.youtube.com/watch?v=dWV-SNRwbZY,World Athletics,"Full Men's 110m Hurdles Heats, Semi-finals & Final | World Athletics Championships Tokyo 25",2560,high,measured,starts: att1@399.1s(valid); evidence: 9 top-ranked candidates = 9 races; order and start-list names agree,dWV-SNRwbZY,2026-09-28
WCH2025-110mH-M-R1-H3,https://www.youtube.com/watch?v=dWV-SNRwbZY,World Athletics,"Full Men's 110m Hurdles Heats, Semi-finals & Final | World Athletics Championships Tokyo 25",2560,high,measured,starts: att1@634.2s(valid); evidence: 9 top-ranked candidates = 9 races; order and start-list names agree,dWV-SNRwbZY,2026-09-28
WCH2025-110mH-M-R1-H4,https://www.youtube.com/watch?v=dWV-SNRwbZY,World Athletics,"Full Men's 110m Hurdles Heats, Semi-finals & Final | World Athletics Championships Tokyo 25",2560,high,measured,starts: att1@882.4s(valid); evidence: 9 top-ranked candidates = 9 races; order and start-list names agree,dWV-SNRwbZY,2026-09-28
WCH2025-110mH-M-R1-H5,https://www.youtube.com/watch?v=dWV-SNRwbZY,World Athletics,"Full Men's 110m Hurdles Heats, Semi-finals & Final | World Athletics Championships Tokyo 25",2560,high,measured,starts: att1@1111.7s(valid); evidence: 9 top-ranked candidates = 9 races; order and start-list names agree,dWV-SNRwbZY,2026-09-28
WCH2025-110mH-M-SF-H1,https://www.youtube.com/watch?v=dWV-SNRwbZY,World Athletics,"Full Men's 110m Hurdles Heats, Semi-finals & Final | World Athletics Championships Tokyo 25",2560,high,measured,starts: att1@1434.9s(valid); evidence: 9 top-ranked candidates = 9 races; order and start-list names agree,dWV-SNRwbZY,2026-09-28
WCH2025-110mH-M-SF-H2,https://www.youtube.com/watch?v=dWV-SNRwbZY,World Athletics,"Full Men's 110m Hurdles Heats, Semi-finals & Final | World Athletics Championships Tokyo 25",2560,high,measured,starts: att1@1716.6s(valid); evidence: 9 top-ranked candidates = 9 races; order and start-list names agree,dWV-SNRwbZY,2026-09-28
WCH2025-110mH-M-SF-H3,https://www.youtube.com/watch?v=dWV-SNRwbZY,World Athletics,"Full Men's 110m Hurdles Heats, Semi-finals & Final | World Athletics Championships Tokyo 25",2560,high,measured,starts: att1@2009.9s(valid); evidence: 9 top-ranked candidates = 9 races; order and start-list names agree,dWV-SNRwbZY,2026-09-28
