sheet_id,video_id,t_gun_hint,t_set_hint
S01,i8spi5W5Wyc,183.55,181.605
S02,i8spi5W5Wyc,508.845,507.01
S03,i8spi5W5Wyc,922.685,920.43
S04,i8spi5W5Wyc,1171.55,1169.37
S05,i8spi5W5Wyc,1591.08,1589.03
S06,i8spi5W5Wyc,1822.44,1820.48
S07,i8spi5W5Wyc,2011.525,2009.255
S08,i8spi5W5Wyc,2213.075,2211.48
S09,i8spi5W5Wyc,2470.67,2468.62
S10,i8spi5W5Wyc,2743.9,2741.79
S11,i8spi5W5Wyc,3044.86,3042.645
S12,i8spi5W5Wyc,3187.925,3185.35
S13,i8spi5W5Wyc,3551.12,3547.7
S14,i8spi5W5Wyc,3666.335,3663.935
S15,3-YOXm6_yVI,322.4,320.45
S16,u0wI4FtyOtE,264.13,262.335
S17,pvwL10FELHw,290.635,288.825
S18,pVKEBJPFssc,298.31,296.13
S19,3553F-6Q044,174.62,173.02
S20,pC_d8t87A9A,257.46,254.545
S21,pC_d8t87A9A,726.66,725.09
S22,8lkzDBDUzD0,182.395,180.82
S23,4cUfAmsTnLo,250.055,248.175
S24,4cUfAmsTnLo,550.135,548.22
