video_id,noise_type,t0,t1,ref_gun
3-YOXm6_yVI,commentary,247.43,259.43,322.43
3553F-6Q044,commentary,99.62,111.62,174.62
4cUfAmsTnLo,commentary,175.05,187.05,250.05
4cUfAmsTnLo,commentary,475.15,487.15,550.15
8lkzDBDUzD0,commentary,107.41,119.41,182.41
i8spi5W5Wyc,commentary,108.55,120.55,183.55
i8spi5W5Wyc,commentary,433.84,445.84,508.84
i8spi5W5Wyc,commentary,847.69,859.69,922.69
i8spi5W5Wyc,commentary,1096.55,1108.55,1171.55
i8spi5W5Wyc,commentary,1516.08,1528.08,1591.08
i8spi5W5Wyc,commentary,1747.44,1759.44,1822.44
i8spi5W5Wyc,commentary,1936.54,1948.54,2011.54
i8spi5W5Wyc,commentary,2138.07,2150.07,2213.07
i8spi5W5Wyc,commentary,2395.68,2407.68,2470.68
i8spi5W5Wyc,commentary,2668.9,2680.9,2743.9
i8spi5W5Wyc,commentary,2969.86,2981.86,3044.86
i8spi5W5Wyc,commentary,3112.94,3124.94,3187.94
i8spi5W5Wyc,commentary,3476.14,3488.14,3551.14
i8spi5W5Wyc,commentary,3591.32,3603.32,3666.32
pVKEBJPFssc,commentary,223.32,235.32,298.32
pvwL10FELHw,commentary,215.64,227.64,290.64
u0wI4FtyOtE,commentary,189.12,201.12,264.12
3-YOXm6_yVI,hold,320.83,322.396,322.426
3553F-6Q044,hold,173.37,174.593,174.623
4cUfAmsTnLo,hold,248.57,250.017,250.047
4cUfAmsTnLo,hold,548.6,550.116,550.146
8lkzDBDUzD0,hold,181.23,182.377,182.407
i8spi5W5Wyc,hold,507.33,508.812,508.842
i8spi5W5Wyc,hold,1169.73,1171.52,1171.55
i8spi5W5Wyc,hold,1589.4,1591.049,1591.079
i8spi5W5Wyc,hold,1820.89,1822.412,1822.442
i8spi5W5Wyc,hold,2009.6,2011.515,2011.545
i8spi5W5Wyc,hold,2469.15,2470.652,2470.682
i8spi5W5Wyc,hold,2742.35,2743.867,2743.897
i8spi5W5Wyc,hold,3043.01,3044.829,3044.859
i8spi5W5Wyc,hold,3185.73,3187.907,3187.937
i8spi5W5Wyc,hold,3664.43,3666.295,3666.325
pVKEBJPFssc,hold,296.63,298.287,298.317
pvwL10FELHw,hold,289.15,290.605,290.635
u0wI4FtyOtE,hold,262.73,264.095,264.125
3-YOXm6_yVI,hush,297.43,309.43,322.43
3553F-6Q044,hush,149.62,161.62,174.62
4cUfAmsTnLo,hush,225.05,237.05,250.05
4cUfAmsTnLo,hush,525.15,537.15,550.15
8lkzDBDUzD0,hush,157.41,169.41,182.41
i8spi5W5Wyc,hush,158.55,170.55,183.55
i8spi5W5Wyc,hush,483.84,495.84,508.84
i8spi5W5Wyc,hush,897.69,909.69,922.69
i8spi5W5Wyc,hush,1146.55,1158.55,1171.55
i8spi5W5Wyc,hush,1566.08,1578.08,1591.08
i8spi5W5Wyc,hush,1797.44,1809.44,1822.44
i8spi5W5Wyc,hush,1986.54,1998.54,2011.54
i8spi5W5Wyc,hush,2188.07,2200.07,2213.07
i8spi5W5Wyc,hush,2445.68,2457.68,2470.68
i8spi5W5Wyc,hush,2718.9,2730.9,2743.9
i8spi5W5Wyc,hush,3019.86,3031.86,3044.86
i8spi5W5Wyc,hush,3162.94,3174.94,3187.94
i8spi5W5Wyc,hush,3526.14,3538.14,3551.14
i8spi5W5Wyc,hush,3641.32,3653.32,3666.32
pVKEBJPFssc,hush,273.32,285.32,298.32
pvwL10FELHw,hush,265.64,277.64,290.64
u0wI4FtyOtE,hush,239.12,251.12,264.12
3-YOXm6_yVI,race,323.93,335.93,322.43
3553F-6Q044,race,176.12,188.12,174.62
4cUfAmsTnLo,race,251.55,263.55,250.05
4cUfAmsTnLo,race,551.65,563.65,550.15
8lkzDBDUzD0,race,183.91,195.91,182.41
i8spi5W5Wyc,race,185.05,197.05,183.55
i8spi5W5Wyc,race,510.34,522.34,508.84
i8spi5W5Wyc,race,924.19,936.19,922.69
i8spi5W5Wyc,race,1173.05,1185.05,1171.55
i8spi5W5Wyc,race,1592.58,1604.58,1591.08
i8spi5W5Wyc,race,1823.94,1835.94,1822.44
i8spi5W5Wyc,race,2013.04,2025.04,2011.54
i8spi5W5Wyc,race,2214.57,2226.57,2213.07
i8spi5W5Wyc,race,2472.18,2484.18,2470.68
i8spi5W5Wyc,race,2745.4,2757.4,2743.9
i8spi5W5Wyc,race,3046.36,3058.36,3044.86
i8spi5W5Wyc,race,3189.44,3201.44,3187.94
i8spi5W5Wyc,race,3552.64,3564.64,3551.14
i8spi5W5Wyc,race,3667.82,3679.82,3666.32
pVKEBJPFssc,race,299.82,311.82,298.32
pvwL10FELHw,race,292.14,304.14,290.64
u0wI4FtyOtE,race,265.62,277.62,264.12
