video_id,race_group,athlete_hint,match_basis,notes
XKKbt6b5MSE,WCH2019-100m-M-R1,,title,"WA 'Heats | Reloaded' compilation; heats inside to be identified"
rpmD77fdusA,WCH2019-100m-W-R1,,title,"WA 'Heats | Reloaded' compilation; heats inside to be identified"
Jgd6CrYyXM8,WCH2019-100mH-W-R1,,title,"WA 'Heats | Reloaded' compilation; heats inside to be identified"
KA4Uw87R5ho,WCH2019-110mH-M-R1,,title,"WA 'Heats | Reloaded' compilation; heats inside to be identified"
HH0KCEeVrkY,WCH2019-100m-M-SF,,title,"WA full semi-finals; starts found at 410.7, 807.5, 1282.9 s (commentary order)"
ozD0PqkTYek,WCH2019-100m-W-SF,,title,WA full semi-finals
_FaNl21VoJw,WCH2019-100mH-W-SF,,title,WA full semi-finals
VXmgO6sXQ0g,WCH2019-110mH-M-SF,,title,WA full semi-finals
sdr8LRvAtwI,WCH2019-100m-W-F,,title,WA final
hMDALOHv1fE,WCH2019-100m-M-F,,title,WA final
qtibu_VJb9Y,WCH2019-100mH-W-F,,title,WA final
pPyQosEYwwE,WCH2019-110mH-M-F,,title,WA final
pC_d8t87A9A,WCH2022-100m-M-F,,title,"WA final; gun at ~265.6 s located via commentary ('They're away first time'); Set masked by commentary, not identifiable; detector missed the gun (low-band rise masked)"
JniLkO5_pv4,OG2020-100m-M-F,,title,NBC Sports (With Replays)
uydkwXzzOAs,OG2020-100m-W-F,,title,NBC Sports
_Eek1Qjl5Sg,OG2020-110mH-M-F,,title,NBC Sports
w-6-SSLDrrk,OG2020-100mH-W-F,,title,NBC Sports (With Replays)
tcxyXnPIF4o,OG2024-100m-M-F,,title,NBC Sports
6QbnZAPQrqU,OG2024-100m-W-F,,title,NBC Sports
TihU5okTye8,OG2024-110mH-M-F,,title,NBC Sports
m7wokSY3-Bw,OG2024-100mH-W-F,,title,NBC Sports
xIymlGOsinY,OG2024-100m-M-R1,KERLEY,title+start list,"NBC Sports; 'coasting into men's 100m semifinal'"
3ZrbtD34nsk,OG2024-100m-M-SF,LYLES,title+start list,"NBC Sports; 'advances to 100m final'"
y6A45FPyzBA,OG2024-100m-W-R1,FRASER-PRYCE,title+start list,"NBC Sports; 'coasts into 100m semifinal'"
4c9jAcKNmkQ,OG2024-100m-W-R1,RICHARDSON,title+start list,"NBC Sports; '100m heat'"
Cbmp6LfH8XU,OG2024-110mH-M-SF,HOLLOWAY,title+start list,"NBC Sports; 'earn second Paris berth'"
0723yX5GtTY,OG2024-110mH-M-R1,CRITTENDEN,title+start list,"NBC Sports; '110m hurdles heat'"
NUnMJsabB0Q,OG2024-100mH-W-R1,JENNEKE,title+start list,"NBC Sports; '100m hurdles heat'"
