race_id,attempt,status,video_id,gun_s,foreperiod_s,source,onset_s,onset_shift_ms,hf_rise_db,rise_ms,t_peak_ms,dur10_ms,dur20_ms,two_step_ms,peak_hz,centroid_hz,flatness,hf_share,tonal_f1,tonal_f2,n_tonal,gun_minus_set_db,set_snr_db,gun_snr_db,comp,loc
OG2020-100m-M-F-H1,1.0,recalled,zMFb8Y2QLPc,349.194,,foreperiods.csv,349.1945,0.5,16.2,13.0,14.5,25.5,,4.5,1600,1670,0.0,0.021,1629,1521,90,,,,OG2020,straight
OG2020-100m-M-F-H1,2.0,valid,zMFb8Y2QLPc,457.5516,,foreperiods.csv,457.5511,-0.5,22.2,14.5,79.5,109.0,516.0,4.0,1600,1792,0.0,0.039,1512,381,98,,,,OG2020,straight
OG2020-100m-M-SF-H1,1.0,recalled,rXChjH2hzFk,493.2632,1.7387,foreperiods.csv,493.2287,-34.5,44.3,44.5,60.5,62.0,,8.5,1700,1369,0.0,0.003,803,469,82,8.0,23.2,31.2,OG2020,straight
OG2020-100m-M-SF-H1,2.0,valid,rXChjH2hzFk,839.1135,1.6265,foreperiods.csv,839.0745,-39.0,45.8,33.5,64.5,66.0,318.0,9.0,1700,1344,0.0,0.006,803,472,85,8.7,23.4,32.1,OG2020,straight
OG2020-100m-M-SF-H2,1.0,valid,rXChjH2hzFk,1309.149,1.4615,foreperiods.csv,1309.106,-43.0,43.9,44.5,72.0,102.5,438.5,9.5,1025,1214,0.0,0.004,797,1383,70,8.2,25.8,34.0,OG2020,straight
OG2020-100m-M-SF-H3,1.0,valid,rXChjH2hzFk,1747.1061,1.4506,foreperiods.csv,1747.0706,-35.5,44.2,24.0,58.0,72.0,408.5,9.0,1525,1341,0.0,0.005,809,475,85,11.8,21.1,32.9,OG2020,straight
OG2020-100m-W-SF-H1,1.0,valid,nMmKgT46FUc,426.899,1.774,foreperiods.csv,426.877,-22.0,40.5,47.5,77.0,84.5,355.5,6.0,450,1444,0.0,0.016,387,803,90,6.7,24.5,31.3,OG2020,straight
OG2020-100m-W-SF-H2,1.0,valid,nMmKgT46FUc,957.959,1.7355,foreperiods.csv,957.9215,-37.5,43.3,49.5,63.5,76.0,301.0,5.5,800,1365,0.0,0.004,806,466,85,9.3,18.9,28.2,OG2020,straight
OG2020-100m-W-SF-H3,1.0,valid,nMmKgT46FUc,1400.4954,1.8144,foreperiods.csv,1400.4539,-41.5,44.4,46.5,67.0,78.5,431.0,7.0,800,1247,0.0,0.004,806,469,77,10.2,24.0,34.1,OG2020,straight
OG2020-110mH-M-SF-H1,1.0,valid,dW4GWNAN8Tk,235.3794,1.8704,foreperiods.csv,235.3789,-0.5,41.8,68.0,77.5,100.0,350.0,5.0,1925,2004,0.004,0.033,1919,2681,97,5.8,27.3,33.1,OG2020,straight
OG2020-110mH-M-SF-H2,1.0,valid,WWNE_TwZ8-Q,168.7345,1.819,foreperiods.csv,168.7345,0.0,42.7,64.0,72.5,76.0,380.0,5.0,2075,1956,0.001,0.022,1925,2124,91,7.0,27.0,34.1,OG2020,straight
OG2024-100m-M-F-H1,1.0,valid,7Xnr805bm4E,408.3729,1.9829,foreperiods.csv,408.3729,0.0,38.9,60.0,62.0,73.0,373.0,6.0,525,1920,0.047,0.132,1620,1916,96,19.0,6.5,25.5,OG2024,straight
OG2024-100m-M-R1-H3,1.0,valid,lr9NwcQnbqQ,155.4249,,foreperiods.csv,155.4249,0.0,44.3,10.5,22.0,27.0,95.5,8.5,850,1420,0.021,0.046,800,932,99,,,,OG2024,straight
OG2024-100m-M-R1-H4,1.0,valid,owSs5f5bKHo,157.3159,1.6609,foreperiods.csv,157.3044,-11.5,42.2,19.5,23.0,28.5,180.5,8.0,825,1477,0.024,0.061,800,516,97,8.5,22.0,30.5,OG2024,straight
OG2024-100m-M-R1-H8,1.0,valid,3S6M0g1VqDc,33.903,,foreperiods.csv,33.9035,0.5,34.5,55.0,57.0,60.0,61.0,5.0,4950,6146,0.121,0.861,296,437,83,,,,OG2024,straight
OG2024-100m-M-SF-H1,1.0,valid,3b_XDgqQMbo,187.1505,,foreperiods.csv,187.138,-12.5,36.0,54.5,77.5,85.0,314.0,5.5,950,1712,0.015,0.121,539,932,105,,,,OG2024,straight
OG2024-100m-M-SF-H2,1.0,valid,LdNWS1b0F0U,203.0965,,foreperiods.csv,203.0875,-9.0,39.0,42.0,48.0,53.0,83.5,7.0,425,451,0.001,0.001,533,267,94,,,,OG2024,straight
OG2024-100m-M-SF-H3,1.0,valid,7vs7-kFCp-Q,193.5245,,foreperiods.csv,193.5105,-14.0,38.1,60.5,75.5,90.5,277.5,7.0,500,2358,0.035,0.218,539,1620,97,,,,OG2024,straight
OG2024-100m-W-R1-H4,1.0,valid,Sry4ZZ5hQvE,170.9419,,foreperiods.csv,170.9424,0.5,26.3,66.5,72.5,333.0,,9.5,300,315,0.0,0.0,234,334,84,,,,OG2024,straight
OG2024-100m-W-R1-H8,1.0,valid,EW196wLnBfw,181.7183,,foreperiods.csv,181.7173,-1.0,30.1,28.5,54.5,60.5,342.0,4.5,500,1545,0.001,0.064,1014,1913,100,,,,OG2024,straight
OG2024-100m-W-SF-H1,1.0,valid,DqrVX1FyW6U,173.8968,,foreperiods.csv,173.8838,-13.0,25.3,39.0,40.0,43.5,76.0,15.5,275,522,0.001,0.002,527,398,95,,,,OG2024,straight
OG2024-100m-W-SF-H2,1.0,valid,QVJNE9CqlHo,110.0186,,foreperiods.csv,110.0156,-3.0,35.1,65.0,69.5,72.0,294.5,5.5,800,1621,0.002,0.067,1052,1916,98,,,,OG2024,straight
OG2024-100mH-W-F-H1,1.0,valid,tNsTVJX3oUY,64.4093,2.0808,foreperiods.csv,64.4078,-1.5,46.3,65.5,69.0,73.0,180.0,8.0,800,1286,0.007,0.024,381,1623,99,26.2,13.8,40.0,OG2024,straight
OG2024-100mH-W-R1-H1,1.0,valid,lmpJMcO9VjE,142.173,,foreperiods.csv,142.1785,5.5,32.6,9.0,55.5,59.5,68.0,9.0,1150,1059,0.0,0.001,1093,779,98,,,,OG2024,straight
OG2024-100mH-W-R1-H2,1.0,valid,WoVmhi6Abys,219.4573,1.7228,foreperiods.csv,219.4568,-0.5,32.5,41.0,43.0,44.0,289.5,9.5,475,1844,0.011,0.135,797,1617,90,15.5,12.6,28.1,OG2024,straight
OG2024-100mH-W-R1-H3,1.0,valid,vGY3Ccjh6dA,142.5482,2.0238,foreperiods.csv,142.5482,0.0,31.3,41.5,42.0,43.5,236.5,5.5,475,2063,0.021,0.187,806,390,91,5.0,20.7,25.7,OG2024,straight
OG2024-100mH-W-SF-H2,1.0,valid,NtRUqhX24ys,309.8791,2.0921,foreperiods.csv,309.8776,-1.5,37.8,33.5,79.0,96.5,335.0,4.0,1025,1260,0.001,0.01,1916,1617,104,18.9,12.4,31.3,OG2024,straight
OG2024-100mH-W-SF-H3,1.0,valid,pTxLVsxXA4Q,176.4939,,foreperiods.csv,176.4939,0.0,33.4,43.0,72.0,100.0,380.5,4.0,1000,1407,0.001,0.047,1008,1523,104,,,,OG2024,straight
OG2024-110mH-M-F-H1,1.0,valid,6a2oHdxxJ-I,248.5242,2.2022,foreperiods.csv,248.5112,-13.0,56.5,7.5,24.5,32.0,321.0,5.0,800,1214,0.011,0.049,794,387,94,26.8,17.2,44.0,OG2024,straight
OG2024-110mH-M-SF-H2,1.0,valid,uULOjWF5dVM,238.6528,1.8368,foreperiods.csv,238.6378,-15.0,37.9,18.0,34.5,51.0,373.0,4.0,1575,1407,0.007,0.05,1693,1008,97,14.8,18.2,33.0,OG2024,straight
WCH2019-100m-M-F-H1,1.0,valid,hMDALOHv1fE,285.6993,1.8068,foreperiods.csv,285.6998,0.5,38.7,49.0,50.0,70.0,,4.5,550,1354,0.015,0.03,533,1178,107,11.9,13.4,25.3,WCH2019,straight
WCH2019-100m-M-SF-H1,1.0,valid,HH0KCEeVrkY,410.6738,1.9463,foreperiods.csv,410.6738,0.0,26.5,63.0,76.0,168.5,233.0,10.0,325,1548,0.045,0.086,656,457,94,1.6,13.3,14.9,WCH2019,straight
WCH2019-100m-M-SF-H2,1.0,valid,HH0KCEeVrkY,807.4969,1.9519,foreperiods.csv,807.4554,-41.5,25.4,48.0,48.0,81.0,204.0,10.0,325,1179,0.007,0.045,656,542,92,-0.6,13.5,12.9,WCH2019,straight
WCH2019-100m-M-SF-H3,1.0,valid,HH0KCEeVrkY,1282.8836,,foreperiods.csv,1282.8836,0.0,34.0,52.0,57.0,91.0,272.0,16.0,325,1543,0.058,0.076,463,325,98,,,,WCH2019,straight
WCH2019-100m-W-F-H1,1.0,valid,sdr8LRvAtwI,569.8972,1.9797,foreperiods.csv,569.8957,-1.5,40.7,2.0,43.0,48.5,,9.0,1500,1955,0.029,0.044,1491,656,99,3.6,23.7,27.3,WCH2019,straight
WCH2019-100m-W-SF-H1,1.0,valid,ozD0PqkTYek,143.3508,1.7253,foreperiods.csv,143.3503,-0.5,38.3,25.5,49.5,70.5,,4.0,1500,1965,0.028,0.044,1494,264,100,7.7,16.9,24.6,WCH2019,straight
WCH2019-100m-W-SF-H2,1.0,valid,ozD0PqkTYek,477.1904,1.9424,foreperiods.csv,477.1909,0.5,35.8,26.5,49.0,70.0,,7.5,450,1933,0.026,0.045,451,533,102,5.5,16.2,21.7,WCH2019,straight
WCH2019-100m-W-SF-H3,1.0,valid,ozD0PqkTYek,843.4223,1.7718,foreperiods.csv,843.4228,0.5,40.1,25.5,49.0,71.0,,7.5,1500,2030,0.033,0.047,1494,448,96,9.7,15.8,25.5,WCH2019,straight
WCH2019-100mH-W-F-H1,1.0,valid,qtibu_VJb9Y,255.2636,2.1291,foreperiods.csv,255.2636,0.0,27.5,2.0,50.0,52.5,,9.0,450,2009,0.024,0.051,2241,1488,101,6.4,9.9,16.3,WCH2019,straight
WCH2019-100mH-W-SF-H1,1.0,valid,_FaNl21VoJw,131.0538,2.1048,foreperiods.csv,131.0543,0.5,24.5,2.0,56.0,94.0,376.0,7.5,1950,1905,0.021,0.043,1362,527,109,4.5,11.8,16.4,WCH2019,straight
WCH2019-100mH-W-SF-H2,1.0,valid,_FaNl21VoJw,420.7856,2.0691,foreperiods.csv,420.7856,0.0,34.2,2.0,26.0,68.5,,9.0,450,1961,0.025,0.043,1479,1362,103,7.1,12.0,19.0,WCH2019,straight
WCH2019-100mH-W-SF-H3,1.0,valid,_FaNl21VoJw,678.7198,1.9783,foreperiods.csv,678.7198,0.0,32.2,2.0,56.5,94.0,384.5,7.5,1950,2025,0.025,0.043,2238,1945,102,6.3,12.5,18.8,WCH2019,straight
WCH2019-110mH-M-F-H1,1.0,valid,pPyQosEYwwE,265.7089,1.9474,foreperiods.csv,265.7094,0.5,32.4,24.5,24.5,46.5,,9.0,450,1933,0.03,0.043,1485,2440,99,7.2,14.9,22.1,WCH2019,straight
WCH2019-110mH-M-SF-H1,1.0,recalled,VXmgO6sXQ0g,137.524,1.966,foreperiods.csv,137.5245,0.5,35.6,24.0,25.0,71.0,,9.0,1950,1964,0.025,0.046,1359,2440,100,8.0,14.5,22.5,WCH2019,straight
WCH2019-110mH-M-SF-H1,2.0,valid,VXmgO6sXQ0g,302.5825,1.926,foreperiods.csv,302.582,-0.5,38.3,2.0,25.5,72.0,,9.0,450,2035,0.027,0.06,2440,1362,99,6.0,17.7,23.7,WCH2019,straight
WCH2019-110mH-M-SF-H2,1.0,valid,VXmgO6sXQ0g,656.8449,1.6059,foreperiods.csv,656.8444,-0.5,33.5,3.0,42.5,124.0,,9.0,2050,2013,0.028,0.047,1362,1459,97,4.3,15.3,19.6,WCH2019,straight
WCH2019-110mH-M-SF-H3,1.0,valid,VXmgO6sXQ0g,946.3598,1.7158,foreperiods.csv,946.3598,0.0,32.5,2.5,62.5,89.0,,6.0,1950,1925,0.025,0.048,1175,1954,104,6.5,10.9,17.4,WCH2019,straight
WCH2022-100m-W-F-H1,1.0,valid,3553F-6Q044,174.6231,1.7641,foreperiods.csv,174.6231,0.0,44.4,15.5,44.0,48.0,,5.0,1500,2244,0.044,0.085,1022,1084,107,23.7,12.2,35.9,WCH2022,straight
WCH2022-100mH-W-F-H1,1.0,valid,8lkzDBDUzD0,182.407,1.623,foreperiods.csv,182.4065,-0.5,38.4,2.5,7.5,24.0,587.0,14.5,1200,1965,0.027,0.065,1178,1359,97,12.7,20.3,32.9,WCH2022,straight
WCH2022-100mH-W-R1-H2,1.0,valid,SDxS1AB2PUQ,54.1061,1.5671,foreperiods.csv,54.1066,0.5,49.6,3.0,10.5,24.5,371.5,8.0,1475,2305,0.097,0.1,1359,2241,109,5.3,33.5,38.8,WCH2022,straight
WCH2022-100mH-W-SF-H1,1.0,valid,k-rqO4ufy8o,121.6562,1.5747,foreperiods.csv,121.6562,0.0,44.6,5.0,9.0,26.5,244.5,14.0,1200,2301,0.108,0.116,1362,1181,101,14.1,20.2,34.3,WCH2022,straight
WCH2022-110mH-M-F-H1,1.0,recalled,4cUfAmsTnLo,250.0475,1.9805,foreperiods.csv,250.047,-0.5,42.3,28.5,30.5,39.0,,10.5,1475,2109,0.035,0.075,1022,647,97,13.5,18.7,32.2,WCH2022,straight
WCH2022-110mH-M-F-H1,2.0,valid,4cUfAmsTnLo,550.1476,2.0396,foreperiods.csv,550.1456,-2.0,44.6,25.0,45.5,49.0,,8.5,1200,2394,0.027,0.106,1022,1084,92,13.4,20.9,34.3,WCH2022,straight
WCH2022-110mH-M-R1-H2,1.0,valid,I0sZ6srUnN4,69.4596,1.7596,foreperiods.csv,69.4596,0.0,44.9,10.5,14.5,18.5,316.5,8.0,1500,1593,0.025,0.029,539,451,108,2.6,30.9,33.5,WCH2022,straight
WCH2022-110mH-M-R1-H3,1.0,valid,L9rcMeWQBgQ,94.6788,,foreperiods.csv,94.6798,1.0,34.8,12.0,21.0,28.5,378.5,7.0,1725,1847,0.054,0.051,1184,882,104,,,,WCH2022,straight
WCH2023-100m-M-F-H1,1.0,valid,u0wI4FtyOtE,264.1246,1.9772,foreperiods.csv,264.1246,0.0,45.5,12.0,19.5,76.5,,6.0,2050,2707,0.233,0.179,539,2443,100,9.2,22.0,31.2,WCH2023,straight
WCH2023-100m-W-F-H1,1.0,valid,3-YOXm6_yVI,322.4269,2.1299,foreperiods.csv,322.4259,-1.0,51.3,8.5,16.0,59.0,,9.0,2050,2887,0.23,0.207,2446,451,107,8.0,26.1,34.2,WCH2023,straight
WCH2023-100mH-W-F-H1,1.0,valid,pvwL10FELHw,290.635,2.006,foreperiods.csv,290.6345,-0.5,48.5,10.0,14.0,47.0,,6.5,1500,2740,0.226,0.181,1014,1491,106,8.8,24.5,33.3,WCH2023,straight
WCH2023-100mH-W-R1-H3,1.0,valid,FgipHHwzKrg,164.7025,2.1595,foreperiods.csv,164.7015,-1.0,49.8,11.5,14.5,66.0,341.5,14.5,1500,3117,0.251,0.235,1482,2458,95,8.4,23.8,32.2,WCH2023,straight
WCH2023-100mH-W-R1-H5,1.0,valid,ryCzpIN37dc,263.9412,2.3388,foreperiods.csv,263.9412,0.0,46.5,6.0,56.0,57.0,560.0,5.5,2050,3071,0.246,0.221,1477,2449,102,7.4,21.6,29.0,WCH2023,straight
WCH2023-110mH-M-F-H1,1.0,valid,pVKEBJPFssc,298.3199,2.1884,foreperiods.csv,298.3179,-2.0,48.6,11.5,56.5,63.0,,9.5,2050,2902,0.23,0.199,650,527,98,12.3,18.5,30.8,WCH2023,straight
WCH2025-100m-M-F-H1,1.0,recalled,i8spi5W5Wyc,3551.1402,,foreperiods.csv,3551.1347,-5.5,51.4,48.0,56.0,76.5,190.0,14.5,1500,1603,0.003,0.009,1497,1187,103,,,,WCH2025,straight
WCH2025-100m-M-F-H1,2.0,valid,i8spi5W5Wyc,3666.325,2.4,foreperiods.csv,3666.3235,-1.5,54.6,48.0,51.5,72.5,221.0,5.0,1500,1542,0.004,0.006,1494,1184,100,2.7,37.7,40.4,WCH2025,straight
WCH2025-100m-M-R1-H1,1.0,valid,i8spi5W5Wyc,183.5481,,foreperiods.csv,183.5486,0.5,54.6,3.5,5.0,15.0,198.0,5.5,1200,2024,0.056,0.031,1104,1025,112,,,,WCH2025,straight
WCH2025-100m-M-R1-H2,1.0,valid,i8spi5W5Wyc,508.8434,1.9874,foreperiods.csv,508.8429,-0.5,54.1,3.5,6.0,11.0,206.5,7.5,1200,2134,0.076,0.046,1025,2443,112,13.9,27.2,41.1,WCH2025,straight
WCH2025-100m-M-R1-H3,1.0,valid,i8spi5W5Wyc,922.6867,,foreperiods.csv,922.6867,0.0,52.7,3.5,4.5,22.5,269.0,6.0,1200,2106,0.057,0.041,1104,1028,108,,,,WCH2025,straight
WCH2025-100m-M-R1-H4,1.0,valid,i8spi5W5Wyc,1171.5514,2.3039,foreperiods.csv,1171.5499,-1.5,55.3,3.5,7.0,12.0,199.0,6.0,2525,2168,0.051,0.034,1025,2443,112,13.8,27.0,40.8,WCH2025,straight
WCH2025-100m-M-R1-H5,1.0,valid,i8spi5W5Wyc,1591.0778,2.1688,foreperiods.csv,1591.0773,-0.5,52.5,3.5,7.0,12.0,209.5,7.5,1200,2136,0.058,0.044,1025,1201,112,9.2,26.6,35.8,WCH2025,straight
WCH2025-100m-M-R1-H6,1.0,recalled,i8spi5W5Wyc,1822.4418,2.0713,foreperiods.csv,1822.4418,0.0,52.6,3.5,5.5,23.0,325.0,5.5,1200,2065,0.049,0.036,1022,882,115,11.4,24.0,35.4,WCH2025,straight
WCH2025-100m-M-R1-H6,2.0,valid,i8spi5W5Wyc,2011.5453,2.4498,foreperiods.csv,2011.5458,0.5,52.9,3.5,5.0,15.0,212.0,7.0,1200,2069,0.056,0.032,1025,882,114,10.5,25.2,35.7,WCH2025,straight
WCH2025-100m-M-R1-H7,1.0,valid,i8spi5W5Wyc,2213.0742,,foreperiods.csv,2213.0747,0.5,53.0,3.5,7.0,17.0,210.5,7.0,1200,2132,0.045,0.036,1022,882,110,,,,WCH2025,straight
WCH2025-100m-M-SF-H1,1.0,valid,i8spi5W5Wyc,2470.6817,2.1067,foreperiods.csv,2470.6817,0.0,58.4,33.0,37.0,55.0,218.0,12.5,1275,1565,0.007,0.009,1532,2385,90,-2.4,43.9,41.5,WCH2025,straight
WCH2025-100m-M-SF-H2,1.0,valid,i8spi5W5Wyc,2743.8975,2.1226,foreperiods.csv,2743.897,-0.5,54.0,32.0,37.0,42.0,227.5,12.5,1275,1644,0.007,0.009,1529,2496,84,0.0,39.4,39.4,WCH2025,straight
WCH2025-100m-M-SF-H3,1.0,recalled,i8spi5W5Wyc,3044.859,2.2665,foreperiods.csv,3044.858,-1.0,57.0,33.0,37.5,74.0,226.0,13.5,1200,1541,0.003,0.009,1532,2695,86,1.1,41.7,42.7,WCH2025,straight
WCH2025-100m-M-SF-H3,2.0,valid,i8spi5W5Wyc,3187.9374,2.7179,foreperiods.csv,3187.9379,0.5,59.0,33.5,36.5,42.0,205.0,13.0,1500,1529,0.005,0.007,1535,2247,92,0.6,42.8,43.5,WCH2025,straight
WCH2025-100m-W-F-H1,1.0,valid,2McuUM2729o,2597.5543,2.3143,foreperiods.csv,2597.5548,0.5,54.2,33.5,37.0,42.0,201.0,12.5,1500,1532,0.004,0.008,1532,2382,92,4.5,35.1,39.6,WCH2025,straight
WCH2025-100m-W-R1-H1,1.0,valid,2McuUM2729o,139.3069,2.5304,foreperiods.csv,139.2854,-21.5,46.6,35.5,78.5,98.5,314.5,5.5,1500,2104,0.058,0.082,2054,1535,96,6.8,27.8,34.6,WCH2025,straight
WCH2025-100m-W-R1-H2,1.0,valid,2McuUM2729o,366.5164,2.2109,foreperiods.csv,366.4959,-20.5,46.5,42.0,76.0,86.0,234.0,7.0,1500,2189,0.1,0.073,2057,1485,105,8.2,26.1,34.2,WCH2025,straight
WCH2025-100m-W-R1-H3,1.0,valid,2McuUM2729o,614.6422,2.2637,foreperiods.csv,614.6297,-12.5,46.0,39.0,68.0,72.0,217.5,5.5,1475,2191,0.076,0.072,1383,1485,111,7.4,27.1,34.5,WCH2025,straight
WCH2025-100m-W-R1-H5,1.0,valid,2McuUM2729o,1135.2607,,foreperiods.csv,1135.2387,-22.0,45.0,32.0,79.0,82.5,208.5,9.0,1500,2156,0.063,0.085,2051,1017,100,,,,WCH2025,straight
WCH2025-100m-W-R1-H6,1.0,valid,2McuUM2729o,1423.8291,2.5031,foreperiods.csv,1423.8071,-22.0,42.1,31.5,79.0,85.0,,7.0,1500,2098,0.074,0.07,1456,1020,91,15.8,12.5,28.3,WCH2025,straight
WCH2025-100m-W-R1-H7,1.0,valid,2McuUM2729o,1665.4115,2.5675,foreperiods.csv,1665.4105,-1.0,50.0,55.5,58.0,63.5,213.5,6.5,2050,2117,0.068,0.054,1017,1365,104,10.9,26.5,37.4,WCH2025,straight
WCH2025-100m-W-SF-H1,1.0,recalled,2McuUM2729o,2008.709,2.519,foreperiods.csv,2008.7045,-4.5,43.0,25.0,79.5,124.5,288.5,10.0,650,2805,0.099,0.246,683,882,100,19.1,13.3,32.4,WCH2025,straight
WCH2025-100m-W-SF-H1,2.0,valid,2McuUM2729o,2119.39,1.903,foreperiods.csv,2119.3805,-9.5,40.4,49.0,66.5,70.0,264.0,6.0,550,2703,0.066,0.247,879,1014,99,4.9,27.9,32.9,WCH2025,straight
WCH2025-100m-W-SF-H2,1.0,valid,2McuUM2729o,2355.1837,,foreperiods.csv,2355.1827,-1.0,54.7,2.0,6.0,13.0,170.0,12.5,2375,2400,0.057,0.089,2461,2546,113,,,,WCH2025,straight
WCH2025-100mH-W-F-H1,1.0,valid,a2R6qxmIfYU,2899.2838,2.1798,foreperiods.csv,2899.2838,0.0,51.8,32.5,39.0,55.0,228.5,4.0,1600,1835,0.017,0.02,2241,2376,83,8.7,30.3,39.0,WCH2025,straight
WCH2025-100mH-W-R1-H1,1.0,valid,a2R6qxmIfYU,135.7033,,foreperiods.csv,135.7038,0.5,49.0,68.0,72.0,79.5,218.5,8.5,1475,1865,0.028,0.026,1485,1271,81,,,,WCH2025,straight
WCH2025-100mH-W-R1-H2,1.0,valid,a2R6qxmIfYU,434.346,2.571,foreperiods.csv,434.3485,2.5,48.7,3.5,44.0,61.0,220.0,13.5,1500,1971,0.03,0.046,1485,1362,104,3.9,33.0,36.9,WCH2025,straight
WCH2025-100mH-W-R1-H3,1.0,valid,a2R6qxmIfYU,854.9935,,foreperiods.csv,854.993,-0.5,48.6,31.0,72.5,89.0,272.0,9.0,1200,1588,0.011,0.012,1485,1269,90,,,,WCH2025,straight
WCH2025-100mH-W-R1-H4,1.0,valid,a2R6qxmIfYU,1133.2004,2.2229,foreperiods.csv,1133.2014,1.0,48.2,31.0,47.0,88.0,265.5,5.5,1500,1785,0.02,0.017,1488,1187,87,5.7,30.3,36.1,WCH2025,straight
WCH2025-100mH-W-R1-H5,1.0,valid,a2R6qxmIfYU,1389.2841,2.5671,foreperiods.csv,1389.2841,0.0,50.9,30.5,33.0,52.5,236.0,14.0,1475,1668,0.01,0.012,1485,1192,84,12.1,28.2,40.3,WCH2025,straight
WCH2025-100mH-W-R1-H6,1.0,valid,a2R6qxmIfYU,1663.8215,2.18,foreperiods.csv,1663.8215,0.0,45.9,73.0,75.0,83.5,226.5,6.5,1475,1685,0.011,0.013,1485,1271,90,5.0,30.7,35.7,WCH2025,straight
WCH2025-100mH-W-SF-H1,1.0,recalled,a2R6qxmIfYU,2033.1902,2.4147,foreperiods.csv,2033.1907,0.5,47.2,6.0,7.5,19.0,203.5,4.0,2275,2231,0.046,0.043,2549,2273,102,5.7,29.5,35.3,WCH2025,straight
WCH2025-100mH-W-SF-H1,2.0,valid,a2R6qxmIfYU,2138.3178,2.1613,foreperiods.csv,2138.3178,0.0,51.5,39.0,41.5,53.5,212.0,9.5,1600,1761,0.016,0.022,1494,2499,72,4.5,32.0,36.4,WCH2025,straight
WCH2025-100mH-W-SF-H2,1.0,valid,a2R6qxmIfYU,2385.4655,1.8925,foreperiods.csv,2385.4655,0.0,47.6,72.0,75.0,84.0,204.0,7.0,1725,1803,0.016,0.023,1187,1005,82,2.3,31.6,33.9,WCH2025,straight
WCH2025-100mH-W-SF-H3,1.0,valid,a2R6qxmIfYU,2621.1109,2.1235,foreperiods.csv,2621.1114,0.5,46.5,72.5,74.5,84.0,220.5,7.0,1500,1809,0.014,0.022,1187,1005,87,1.6,33.8,35.4,WCH2025,straight
WCH2025-110mH-M-F-H1,1.0,valid,dWV-SNRwbZY,2350.7861,2.0836,foreperiods.csv,2350.7861,0.0,51.2,71.0,73.5,101.0,214.5,17.5,900,1374,0.005,0.009,826,536,82,-1.8,42.5,40.7,WCH2025,straight
WCH2025-110mH-M-R1-H1,1.0,valid,dWV-SNRwbZY,131.8744,2.7839,foreperiods.csv,131.8729,-1.5,47.8,46.5,47.5,49.5,233.5,4.0,1500,2277,0.048,0.092,1488,1359,107,3.7,32.8,36.5,WCH2025,straight
WCH2025-110mH-M-R1-H2,1.0,valid,dWV-SNRwbZY,399.0807,2.3277,foreperiods.csv,399.0732,-7.5,49.2,9.0,51.5,128.0,223.0,7.5,1500,2245,0.039,0.119,1488,1356,96,6.0,29.4,35.4,WCH2025,straight
WCH2025-110mH-M-R1-H3,1.0,valid,dWV-SNRwbZY,634.1955,2.5995,foreperiods.csv,634.1855,-10.0,45.9,49.5,54.0,79.5,199.5,6.5,1475,2096,0.029,0.11,1488,1356,97,8.2,23.6,31.7,WCH2025,straight
WCH2025-110mH-M-R1-H4,1.0,valid,dWV-SNRwbZY,882.461,,foreperiods.csv,882.4595,-1.5,44.0,59.0,59.5,61.5,172.0,4.0,1500,2369,0.044,0.099,1488,1359,107,,,,WCH2025,straight
WCH2025-110mH-M-R1-H5,1.0,valid,dWV-SNRwbZY,1111.6973,2.4488,foreperiods.csv,1111.6958,-1.5,46.9,29.5,47.0,73.0,170.0,11.0,1500,2376,0.055,0.107,1485,2440,108,-0.2,34.9,34.7,WCH2025,straight
WCH2025-110mH-M-SF-H1,1.0,valid,dWV-SNRwbZY,1434.8743,2.4953,foreperiods.csv,1434.8748,0.5,47.9,71.5,76.0,84.0,231.0,7.0,1600,1637,0.005,0.013,888,1479,67,5.9,31.3,37.2,WCH2025,straight
WCH2025-110mH-M-SF-H2,1.0,valid,dWV-SNRwbZY,1716.6231,2.0761,foreperiods.csv,1716.6236,0.5,49.2,57.5,79.5,121.5,223.5,6.5,1600,1630,0.003,0.011,823,1477,69,6.7,29.7,36.5,WCH2025,straight
WCH2025-110mH-M-SF-H3,1.0,valid,dWV-SNRwbZY,2009.9654,,foreperiods.csv,2009.9659,0.5,47.4,25.0,65.5,67.5,214.0,6.5,1275,1452,0.016,0.028,1362,1099,107,,,,WCH2025,straight
WCH2025-200m-W-compilation,,valid (detector),AXbIf9u_G70,501.175,1.945,probe 200m compilation,501.1775,2.5,36.5,17.5,18.0,22.5,366.0,14.0,1475,1370,0.015,0.023,1485,1260,101,9.7,22.6,32.3,WCH2025,200m
WCH2025-200m-W-compilation,,valid (detector),AXbIf9u_G70,912.305,2.135,probe 200m compilation,912.329,24.0,40.8,8.0,76.5,78.5,234.5,7.5,1275,1480,0.02,0.031,1260,1485,107,4.8,29.4,34.2,WCH2025,200m
WCH2025-200m-W-compilation,,valid (detector),AXbIf9u_G70,1329.67,1.99,probe 200m compilation,1329.6665,-3.5,41.9,3.5,27.0,36.5,307.0,4.0,1500,1436,0.016,0.023,1485,1181,106,9.0,24.0,33.0,WCH2025,200m
WCH2025-200m-W-compilation,,valid (detector),AXbIf9u_G70,1760.945,1.87,probe 200m compilation,1760.953,8.0,43.9,22.5,51.0,56.0,255.5,7.5,1475,1456,0.016,0.017,1488,1181,101,5.2,30.3,35.5,WCH2025,200m
WCH2025-200m-W-compilation,,valid (detector),AXbIf9u_G70,1991.12,2.305,probe 200m compilation,1991.1135,-6.5,44.2,23.5,46.5,81.0,232.0,4.0,1500,1451,0.014,0.026,1485,1181,99,10.7,23.4,34.1,WCH2025,200m
WCH2025-200m-W-compilation,,valid (detector),AXbIf9u_G70,2305.63,1.985,probe 200m compilation,2305.627,-3.0,47.6,72.5,73.0,77.0,304.0,9.5,1200,1988,0.05,0.069,1181,1362,101,9.5,25.0,34.5,WCH2025,200m
WCH2025-200m-W-compilation,,valid (detector),AXbIf9u_G70,2721.11,1.89,probe 200m compilation,2721.1075,-2.5,47.1,30.5,42.0,70.5,284.5,9.5,650,1894,0.045,0.088,1362,647,112,5.6,25.6,31.2,WCH2025,200m
WCH2025-200m-W-compilation,,valid (detector),AXbIf9u_G70,3150.76,2.415,probe 200m compilation,3150.77,10.0,47.8,53.0,77.5,114.5,381.5,14.5,650,1801,0.047,0.077,650,2273,96,10.5,25.9,36.4,WCH2025,200m
WCH2025-200m-W-compilation,,valid (detector),AXbIf9u_G70,3508.68,1.595,probe 200m compilation,3508.6715,-8.5,50.6,52.0,69.5,80.0,271.0,9.5,1500,2224,0.03,0.11,1488,2244,97,28.2,12.1,40.3,WCH2025,200m
WCH2025-200m-M-compilation,,valid (detector),NjJAn9hcsv8,116.48,1.395,probe 200m compilation,116.5065,26.5,35.6,47.5,77.0,81.5,284.0,14.0,1475,1372,0.013,0.014,1488,1184,92,23.8,8.0,31.8,WCH2025,200m
WCH2025-200m-M-compilation,,valid (detector),NjJAn9hcsv8,355.265,2.125,probe 200m compilation,355.255,-10.0,43.2,52.5,76.5,141.5,432.5,14.0,550,1142,0.007,0.011,1488,1181,94,13.3,18.1,31.4,WCH2025,200m
WCH2025-200m-M-compilation,,valid (detector),NjJAn9hcsv8,633.565,1.41,probe 200m compilation,633.5855,20.5,40.4,35.5,35.5,113.0,346.0,6.5,1500,1776,0.07,0.029,2370,1178,109,23.1,7.3,30.4,WCH2025,200m
WCH2025-200m-M-compilation,,valid (detector),NjJAn9hcsv8,1019.44,2.0,probe 200m compilation,1019.4365,-3.5,44.4,75.0,76.5,112.5,223.5,12.0,1275,1230,0.015,0.029,1260,1184,95,11.4,23.3,34.7,WCH2025,200m
WCH2025-200m-M-compilation,,valid (detector),NjJAn9hcsv8,1257.365,1.795,probe 200m compilation,1257.393,28.0,41.1,28.0,59.0,64.5,402.0,5.0,1500,1890,0.036,0.022,2370,1181,104,-0.4,29.3,28.9,WCH2025,200m
WCH2025-200m-M-compilation,,valid (detector),NjJAn9hcsv8,1485.19,1.86,probe 200m compilation,1485.1835,-6.5,49.8,52.0,61.5,76.0,243.0,5.0,525,1462,0.018,0.018,1491,2241,94,4.4,32.5,36.8,WCH2025,200m
WCH2025-200m-M-compilation,,valid (detector),NjJAn9hcsv8,1745.025,2.11,probe 200m compilation,1745.018,-7.0,44.4,76.0,78.0,87.0,296.5,10.0,2275,2029,0.039,0.08,2273,1184,103,8.7,25.0,33.7,WCH2025,200m
WCH2025-200m-M-compilation,,valid (detector),NjJAn9hcsv8,2192.5,1.83,probe 200m compilation,2192.4925,-7.5,47.6,74.5,79.0,92.5,276.5,14.0,1500,1890,0.048,0.076,650,1945,97,7.5,28.2,35.7,WCH2025,200m
WCH2025-200m-M-compilation,,valid (detector),NjJAn9hcsv8,2557.385,2.11,probe 200m compilation,2557.3905,5.5,50.3,68.0,79.0,86.0,260.5,10.0,2050,2098,0.027,0.092,1491,2247,98,11.3,26.3,37.6,WCH2025,200m
