video_id,label,t,score,gun_jump,race_loud,set_gap,set_snr,n_bursts,hold_excess
AXbIf9u_G70,200m-W,2.415,-20.95,1.2,-1.5,0.89,24.0,2,17.5
AXbIf9u_G70,200m-W,6.515,-32.78,2.3,-22.1,0.885,26.9,5,21.1
AXbIf9u_G70,200m-W,12.475,13.0,72.4,-11.6,4.6,106.8,1,0.0
AXbIf9u_G70,200m-W,21.83,14.66,10.1,3.6,0.985,19.3,8,5.7
AXbIf9u_G70,200m-W,28.555,8.93,4.9,-2.3,1.03,19.8,9,-0.2
AXbIf9u_G70,200m-W,32.755,9.69,10.4,-1.7,1.38,23.4,7,7.0
AXbIf9u_G70,200m-W,40.63,13.37,11.2,-1.0,1.865,22.7,9,0.4
AXbIf9u_G70,200m-W,48.565,19.44,11.1,4.5,1.99,23.6,5,2.1
AXbIf9u_G70,200m-W,53.085,-9.29,7.3,-0.7,1.535,18.5,10,20.5
AXbIf9u_G70,200m-W,55.74,-22.17,8.6,-3.8,0.535,23.5,8,21.7
AXbIf9u_G70,200m-W,67.655,-16.89,4.2,0.5,1.08,22.0,5,22.2
AXbIf9u_G70,200m-W,69.4,14.31,20.6,1.9,0.725,22.2,8,-0.3
AXbIf9u_G70,200m-W,71.34,-3.32,8.5,-0.4,1.0,25.2,7,17.5
AXbIf9u_G70,200m-W,72.92,-17.29,9.7,-4.5,0.83,22.1,8,18.1
AXbIf9u_G70,200m-W,74.67,9.43,24.0,-2.1,0.79,28.4,11,8.7
AXbIf9u_G70,200m-W,77.545,-6.04,18.3,-6.4,0.66,28.2,8,10.8
AXbIf9u_G70,200m-W,79.38,14.7,14.9,-3.4,1.155,28.5,5,6.3
AXbIf9u_G70,200m-W,80.905,6.54,2.2,-0.3,0.88,26.9,7,3.6
AXbIf9u_G70,200m-W,84.42,19.41,16.4,0.7,1.115,27.4,7,1.8
AXbIf9u_G70,200m-W,87.375,-11.38,8.3,-0.4,0.795,27.9,7,13.6
AXbIf9u_G70,200m-W,89.845,22.59,20.3,1.0,0.95,24.4,7,2.5
AXbIf9u_G70,200m-W,91.445,24.61,17.7,-0.1,0.985,28.8,6,1.7
AXbIf9u_G70,200m-W,94.595,20.66,19.1,0.0,1.18,26.9,7,5.3
AXbIf9u_G70,200m-W,108.49,4.7,21.8,7.0,0.935,35.3,6,22.0
AXbIf9u_G70,200m-W,111.59,-2.55,6.0,9.7,2.525,34.1,5,20.6
AXbIf9u_G70,200m-W,118.31,-6.79,5.9,6.9,0.54,11.8,4,11.5
AXbIf9u_G70,200m-W,123.25,-7.4,5.7,-3.5,0.715,21.3,9,7.8
AXbIf9u_G70,200m-W,124.87,-13.34,8.5,-3.0,0.61,20.9,9,11.3
AXbIf9u_G70,200m-W,126.77,-1.1,10.9,-2.4,0.715,19.9,10,2.8
AXbIf9u_G70,200m-W,131.39,8.93,8.0,-2.9,1.055,19.8,6,4.6
AXbIf9u_G70,200m-W,134.635,13.77,7.5,0.9,1.195,19.5,7,4.5
AXbIf9u_G70,200m-W,140.79,13.82,11.3,2.3,1.55,18.7,6,3.2
AXbIf9u_G70,200m-W,145.295,-14.77,6.6,1.3,0.53,19.9,7,17.1
AXbIf9u_G70,200m-W,148.77,0.24,9.0,0.9,0.74,13.3,9,4.0
AXbIf9u_G70,200m-W,151.83,16.8,11.3,-0.2,1.025,20.5,6,2.1
AXbIf9u_G70,200m-W,153.21,-5.15,3.2,-0.4,0.745,17.8,7,5.6
AXbIf9u_G70,200m-W,158.59,16.0,14.1,1.1,1.24,24.4,8,4.1
AXbIf9u_G70,200m-W,163.535,9.48,11.6,-8.1,1.085,24.5,10,1.2
AXbIf9u_G70,200m-W,172.15,11.46,11.4,8.3,4.495,24.9,1,5.6
AXbIf9u_G70,200m-W,188.255,9.57,10.1,2.6,1.045,19.1,7,9.8
AXbIf9u_G70,200m-W,192.54,-14.37,9.0,-0.0,0.495,18.6,10,14.8
AXbIf9u_G70,200m-W,198.485,11.53,6.0,0.8,0.99,21.2,8,2.4
AXbIf9u_G70,200m-W,199.635,19.72,10.3,1.4,0.95,20.3,7,6.0
AXbIf9u_G70,200m-W,203.675,-19.47,12.3,-1.4,0.59,20.9,10,19.5
AXbIf9u_G70,200m-W,205.82,-21.94,14.4,-4.4,0.405,24.7,13,22.0
AXbIf9u_G70,200m-W,219.08,12.93,16.8,-4.1,1.655,17.3,3,4.0
AXbIf9u_G70,200m-W,223.335,-0.55,7.4,-2.3,0.645,13.2,6,4.0
AXbIf9u_G70,200m-W,225.715,22.65,20.5,-0.4,1.525,22.6,5,2.8
AXbIf9u_G70,200m-W,229.18,4.1,11.6,6.6,0.905,18.2,3,16.8
AXbIf9u_G70,200m-W,236.775,-8.35,14.7,-3.1,0.585,15.2,9,12.8
AXbIf9u_G70,200m-W,240.22,8.35,13.7,-6.7,2.04,25.4,7,1.2
AXbIf9u_G70,200m-W,244.775,6.71,4.1,-4.4,2.58,22.6,5,3.4
AXbIf9u_G70,200m-W,249.615,16.96,21.6,3.3,4.33,21.6,2,5.7
AXbIf9u_G70,200m-W,253.785,20.44,15.0,3.3,1.565,23.4,7,4.4
AXbIf9u_G70,200m-W,255.125,-10.99,6.1,3.0,1.08,25.5,7,23.7
AXbIf9u_G70,200m-W,259.025,12.78,9.4,4.7,1.61,19.4,6,9.0
AXbIf9u_G70,200m-W,269.985,26.95,14.0,6.4,1.73,23.4,4,3.5
AXbIf9u_G70,200m-W,272.17,17.66,6.4,7.6,1.2,21.0,4,6.6
AXbIf9u_G70,200m-W,283.8,10.78,8.6,0.0,1.83,23.1,8,3.5
AXbIf9u_G70,200m-W,313.25,12.31,10.9,1.4,3.175,18.8,5,7.1
AXbIf9u_G70,200m-W,319.605,11.57,4.5,1.7,0.985,19.0,8,2.8
AXbIf9u_G70,200m-W,323.515,6.75,8.4,3.6,1.27,15.0,7,7.3
AXbIf9u_G70,200m-W,349.02,11.21,11.4,-2.4,1.115,21.2,7,3.9
AXbIf9u_G70,200m-W,350.73,10.67,9.0,-0.8,1.42,20.9,8,3.3
AXbIf9u_G70,200m-W,353.49,20.9,14.7,-0.5,1.005,17.5,7,0.2
AXbIf9u_G70,200m-W,356.765,16.4,9.8,0.4,1.355,20.9,7,4.6
AXbIf9u_G70,200m-W,360.975,2.32,7.1,-6.3,1.18,16.7,10,6.9
AXbIf9u_G70,200m-W,363.14,6.16,11.6,-7.9,1.1,21.0,10,7.0
AXbIf9u_G70,200m-W,366.685,6.8,4.4,-4.7,1.875,25.3,5,1.8
AXbIf9u_G70,200m-W,371.13,7.3,10.3,5.2,0.815,26.5,4,9.2
AXbIf9u_G70,200m-W,372.445,22.37,15.6,5.3,1.09,18.6,4,5.1
AXbIf9u_G70,200m-W,376.31,3.76,6.9,5.9,1.145,28.0,7,14.2
AXbIf9u_G70,200m-W,381.77,8.8,12.4,1.6,0.825,25.0,8,3.6
AXbIf9u_G70,200m-W,395.94,12.77,16.3,-3.9,2.275,19.9,6,3.1
AXbIf9u_G70,200m-W,398.77,5.46,9.5,-1.3,0.73,24.3,5,0.5
AXbIf9u_G70,200m-W,414.795,14.1,11.2,4.8,1.715,22.8,8,7.4
AXbIf9u_G70,200m-W,420.92,-2.66,11.1,0.4,0.96,13.2,9,16.3
AXbIf9u_G70,200m-W,429.565,14.58,13.7,0.5,1.94,21.4,5,1.4
AXbIf9u_G70,200m-W,442.73,13.59,6.3,-2.1,1.09,24.4,9,1.7
AXbIf9u_G70,200m-W,466.655,7.62,10.2,-13.8,3.03,17.8,1,0.1
AXbIf9u_G70,200m-W,482.345,-4.93,12.9,1.5,0.665,26.4,8,13.7
AXbIf9u_G70,200m-W,486.34,22.7,11.4,1.4,1.775,25.5,4,2.9
AXbIf9u_G70,200m-W,490.315,11.77,12.0,-4.8,1.625,30.4,7,2.9
AXbIf9u_G70,200m-W,495.035,29.46,7.1,12.6,2.265,26.5,4,3.7
AXbIf9u_G70,200m-W,501.175,56.99,27.8,24.2,1.945,26.0,5,4.7
AXbIf9u_G70,200m-W,502.145,-0.86,8.5,20.4,2.915,25.9,2,25.8
AXbIf9u_G70,200m-W,509.325,-27.53,5.8,8.8,,0.0,0,20.7
AXbIf9u_G70,200m-W,513.085,-18.82,10.6,2.5,0.62,22.6,6,19.3
AXbIf9u_G70,200m-W,522.42,-7.24,7.5,-6.3,0.765,21.9,10,4.0
AXbIf9u_G70,200m-W,526.005,-6.05,15.3,-12.6,0.78,23.4,9,1.2
AXbIf9u_G70,200m-W,537.295,11.53,10.0,1.1,1.17,26.7,5,7.5
AXbIf9u_G70,200m-W,539.29,11.7,10.0,1.4,1.425,27.5,4,8.2
AXbIf9u_G70,200m-W,553.95,8.52,9.8,-2.6,0.975,23.6,8,5.4
AXbIf9u_G70,200m-W,563.63,19.23,16.2,1.8,1.125,27.5,7,-0.4
AXbIf9u_G70,200m-W,580.675,19.52,13.1,2.9,1.865,18.3,8,3.3
AXbIf9u_G70,200m-W,584.25,12.26,10.3,-0.1,0.965,14.1,7,3.1
AXbIf9u_G70,200m-W,587.395,-10.43,9.9,0.4,0.67,18.6,7,14.2
AXbIf9u_G70,200m-W,590.69,6.36,12.5,0.9,0.71,19.8,8,2.4
AXbIf9u_G70,200m-W,592.955,-11.6,10.1,-0.8,0.485,17.1,9,14.9
AXbIf9u_G70,200m-W,601.53,6.36,11.2,-1.5,1.365,20.4,7,10.6
AXbIf9u_G70,200m-W,619.52,16.12,14.8,-0.2,1.1,22.0,4,1.6
AXbIf9u_G70,200m-W,621.06,18.75,13.4,1.8,1.55,26.2,4,1.7
AXbIf9u_G70,200m-W,626.12,-7.04,10.4,-1.0,4.28,26.3,2,12.6
AXbIf9u_G70,200m-W,627.745,-2.19,12.7,-1.0,4.605,25.6,1,10.6
AXbIf9u_G70,200m-W,636.33,-6.74,0.9,-1.5,4.48,19.8,1,6.2
AXbIf9u_G70,200m-W,652.575,13.84,10.1,-0.3,1.195,23.5,7,3.0
AXbIf9u_G70,200m-W,654.74,13.64,12.4,0.5,1.145,16.3,7,5.2
AXbIf9u_G70,200m-W,657.485,19.05,16.4,-5.1,1.17,25.2,5,2.2
AXbIf9u_G70,200m-W,660.165,13.86,12.8,-3.0,2.33,23.7,3,3.6
AXbIf9u_G70,200m-W,661.865,17.9,14.6,-1.3,1.01,25.2,5,3.3
AXbIf9u_G70,200m-W,663.245,-19.35,9.6,-3.0,0.635,24.1,6,18.3
AXbIf9u_G70,200m-W,667.09,19.55,15.0,0.8,1.355,24.4,5,2.6
AXbIf9u_G70,200m-W,672.705,20.48,13.4,4.9,1.975,26.5,6,6.5
AXbIf9u_G70,200m-W,675.8,-0.71,6.1,0.2,1.47,22.2,5,13.3
AXbIf9u_G70,200m-W,677.825,0.99,7.5,2.9,0.76,23.2,7,7.9
AXbIf9u_G70,200m-W,679.47,21.8,15.9,4.2,1.15,28.7,5,9.2
AXbIf9u_G70,200m-W,681.275,20.32,15.4,5.1,1.135,25.3,5,3.7
AXbIf9u_G70,200m-W,693.395,-4.59,6.3,-1.9,0.88,17.3,7,5.6
AXbIf9u_G70,200m-W,704.96,17.68,11.0,1.9,0.935,21.0,7,2.2
AXbIf9u_G70,200m-W,707.83,18.95,12.0,5.6,1.415,21.6,6,4.5
AXbIf9u_G70,200m-W,712.51,-9.53,7.0,5.1,0.51,16.3,9,14.1
AXbIf9u_G70,200m-W,719.64,-1.44,9.5,0.4,1.17,25.3,10,15.7
AXbIf9u_G70,200m-W,721.11,5.5,5.8,0.5,1.14,25.2,7,9.1
AXbIf9u_G70,200m-W,734.32,2.78,9.3,-2.7,0.955,14.8,9,9.2
AXbIf9u_G70,200m-W,740.245,6.82,13.5,-7.9,1.0,18.9,11,2.7
AXbIf9u_G70,200m-W,742.975,10.75,13.2,-6.4,1.825,24.3,6,1.0
AXbIf9u_G70,200m-W,745.54,15.39,13.1,-4.5,2.315,24.8,4,3.6
AXbIf9u_G70,200m-W,748.305,-20.59,9.1,-6.4,0.935,18.4,5,20.7
AXbIf9u_G70,200m-W,749.57,-7.94,8.5,-4.4,0.665,11.3,9,6.4
AXbIf9u_G70,200m-W,752.06,20.36,16.0,0.6,2.36,25.0,4,1.7
AXbIf9u_G70,200m-W,754.665,14.55,5.9,4.0,1.615,23.7,4,3.5
AXbIf9u_G70,200m-W,757.345,0.38,3.4,3.3,1.07,12.2,5,10.8
AXbIf9u_G70,200m-W,760.28,-12.1,5.0,4.6,1.295,21.7,8,23.1
AXbIf9u_G70,200m-W,764.085,-7.0,8.4,2.2,0.83,13.0,8,11.6
AXbIf9u_G70,200m-W,771.325,9.1,9.8,3.5,0.73,19.0,6,4.4
AXbIf9u_G70,200m-W,779.935,1.61,8.1,-8.5,1.52,16.2,6,4.7
AXbIf9u_G70,200m-W,787.555,4.94,9.3,1.9,1.52,19.8,1,9.9
AXbIf9u_G70,200m-W,796.075,18.62,11.6,2.7,1.65,22.7,4,1.8
AXbIf9u_G70,200m-W,798.235,15.32,11.7,2.0,1.115,22.3,4,1.8
AXbIf9u_G70,200m-W,805.63,19.11,10.0,5.1,0.995,22.9,9,1.8
AXbIf9u_G70,200m-W,816.155,11.08,10.3,-1.4,1.145,19.9,8,0.9
AXbIf9u_G70,200m-W,819.35,6.7,13.9,0.5,0.705,22.9,4,3.0
AXbIf9u_G70,200m-W,828.925,7.78,10.1,3.0,1.415,13.7,5,9.7
AXbIf9u_G70,200m-W,830.515,-3.12,4.5,2.1,0.865,22.2,3,7.9
AXbIf9u_G70,200m-W,833.445,12.49,4.8,2.6,1.125,20.1,8,5.3
AXbIf9u_G70,200m-W,835.25,0.3,8.5,2.6,0.83,21.8,8,7.7
AXbIf9u_G70,200m-W,837.815,15.24,6.1,3.9,1.26,16.7,7,3.0
AXbIf9u_G70,200m-W,840.09,-3.5,6.8,1.6,1.105,20.1,6,17.2
AXbIf9u_G70,200m-W,863.3,-8.47,0.7,-0.1,0.715,17.2,7,7.1
AXbIf9u_G70,200m-W,868.425,-25.03,3.7,-1.2,0.73,23.3,6,20.4
AXbIf9u_G70,200m-W,873.205,16.4,13.6,-0.7,1.34,25.0,4,-0.0
AXbIf9u_G70,200m-W,879.87,7.41,17.3,-8.3,0.935,27.0,7,0.3
AXbIf9u_G70,200m-W,882.5,16.99,18.2,-2.2,0.97,28.5,8,0.8
AXbIf9u_G70,200m-W,884.985,17.42,19.7,-5.1,1.365,32.8,8,4.4
AXbIf9u_G70,200m-W,887.74,17.66,10.6,0.1,2.035,35.8,4,4.3
AXbIf9u_G70,200m-W,893.015,26.11,19.4,3.1,1.315,32.8,10,2.4
AXbIf9u_G70,200m-W,894.7,31.8,23.3,5.0,1.685,33.0,7,2.8
AXbIf9u_G70,200m-W,898.7,2.8,17.5,-8.2,0.78,31.5,8,1.7
AXbIf9u_G70,200m-W,899.65,-2.08,18.8,-8.5,0.945,32.3,7,17.0
AXbIf9u_G70,200m-W,900.715,10.45,14.2,-9.5,1.125,35.5,6,1.9
AXbIf9u_G70,200m-W,903.045,9.17,16.0,-9.0,0.975,30.7,5,5.0
AXbIf9u_G70,200m-W,904.695,-34.58,12.7,-6.6,0.885,26.8,6,29.9
AXbIf9u_G70,200m-W,906.535,23.66,24.7,-0.1,1.67,34.9,7,3.1
AXbIf9u_G70,200m-W,909.19,16.69,22.4,9.0,1.125,38.0,6,17.2
AXbIf9u_G70,200m-W,912.305,54.97,30.6,17.9,2.135,35.7,6,4.5
AXbIf9u_G70,200m-W,913.91,18.47,17.2,17.2,3.74,35.6,3,16.8
AXbIf9u_G70,200m-W,919.92,-15.63,10.5,5.8,4.6,34.8,1,24.2
AXbIf9u_G70,200m-W,924.11,2.51,8.6,-2.3,0.925,18.5,8,9.1
AXbIf9u_G70,200m-W,929.525,-4.31,7.0,-7.5,0.84,20.0,10,4.4
AXbIf9u_G70,200m-W,937.655,14.16,10.6,1.1,1.43,20.9,4,2.3
AXbIf9u_G70,200m-W,951.15,-9.96,9.5,-0.7,0.775,17.4,8,12.2
AXbIf9u_G70,200m-W,962.245,4.4,13.0,-2.2,0.825,23.6,8,2.3
AXbIf9u_G70,200m-W,963.265,-13.13,13.7,-1.7,0.725,22.3,7,16.7
AXbIf9u_G70,200m-W,969.225,7.8,14.3,3.8,0.84,23.3,7,4.2
AXbIf9u_G70,200m-W,971.31,16.33,12.2,4.4,1.175,22.1,6,4.5
AXbIf9u_G70,200m-W,980.43,7.86,8.9,-4.5,0.995,18.3,8,0.6
AXbIf9u_G70,200m-W,984.04,14.14,16.5,-4.2,1.305,23.7,7,2.7
AXbIf9u_G70,200m-W,986.315,19.57,15.0,-0.2,0.99,26.5,7,1.6
AXbIf9u_G70,200m-W,991.435,19.21,21.7,4.4,1.285,19.6,8,9.0
AXbIf9u_G70,200m-W,1011.585,-8.61,10.1,-1.4,0.435,20.0,8,16.6
AXbIf9u_G70,200m-W,1014.315,15.03,13.3,-1.3,0.95,22.3,10,2.3
AXbIf9u_G70,200m-W,1017.08,2.9,11.7,-0.7,0.78,19.4,7,2.6
AXbIf9u_G70,200m-W,1024.99,-0.13,12.4,-4.1,0.66,24.0,8,5.6
AXbIf9u_G70,200m-W,1027.815,-5.46,17.6,-5.7,0.825,22.1,8,11.6
AXbIf9u_G70,200m-W,1036.83,19.36,13.7,2.8,0.95,21.5,7,5.6
AXbIf9u_G70,200m-W,1037.655,0.67,15.0,3.4,0.645,26.0,9,14.7
AXbIf9u_G70,200m-W,1041.6,-6.4,6.9,0.2,0.675,18.6,9,11.4
AXbIf9u_G70,200m-W,1044.395,-5.29,9.8,-3.7,0.58,21.5,8,7.1
AXbIf9u_G70,200m-W,1054.035,16.51,12.2,2.2,2.46,16.0,7,3.9
AXbIf9u_G70,200m-W,1059.405,13.34,14.2,0.9,1.14,21.4,9,-0.1
AXbIf9u_G70,200m-W,1061.69,14.92,7.5,1.9,1.365,25.5,8,2.1
AXbIf9u_G70,200m-W,1069.775,-19.87,5.5,-5.9,0.68,24.3,7,13.2
AXbIf9u_G70,200m-W,1074.04,-4.27,11.5,0.6,0.625,26.3,6,11.1
AXbIf9u_G70,200m-W,1078.665,18.42,13.3,3.3,1.115,28.9,9,3.9
AXbIf9u_G70,200m-W,1082.78,-9.54,10.4,4.8,0.565,22.4,9,16.0
AXbIf9u_G70,200m-W,1086.84,-11.27,8.9,1.2,0.765,20.8,10,12.5
AXbIf9u_G70,200m-W,1100.785,10.57,11.5,-2.4,1.585,19.4,8,4.1
AXbIf9u_G70,200m-W,1121.865,-5.53,1.0,-3.3,0.68,27.0,7,5.0
AXbIf9u_G70,200m-W,1123.965,2.38,8.7,-4.0,1.17,13.4,6,7.2
AXbIf9u_G70,200m-W,1126.26,7.73,12.1,-7.0,1.0,24.7,6,2.1
AXbIf9u_G70,200m-W,1133.095,18.16,10.2,4.1,1.59,26.7,2,3.0
AXbIf9u_G70,200m-W,1141.015,14.09,11.2,6.3,1.135,20.9,10,7.8
AXbIf9u_G70,200m-W,1167.27,2.15,16.4,4.9,,0.0,0,3.3
AXbIf9u_G70,200m-W,1169.39,2.13,11.0,5.0,0.58,15.1,5,9.4
AXbIf9u_G70,200m-W,1173.595,16.26,7.9,5.2,0.94,24.8,7,-2.0
AXbIf9u_G70,200m-W,1179.625,-1.77,13.7,-4.4,0.855,22.9,9,6.6
AXbIf9u_G70,200m-W,1198.735,9.75,8.1,-0.5,3.11,15.8,5,5.6
AXbIf9u_G70,200m-W,1201.55,14.86,6.4,1.1,1.77,22.7,3,3.9
AXbIf9u_G70,200m-W,1209.235,5.56,10.2,-7.0,0.93,22.0,7,1.3
AXbIf9u_G70,200m-W,1213.81,15.45,16.7,-0.8,1.875,23.0,6,5.4
AXbIf9u_G70,200m-W,1215.4,-10.2,7.3,-0.4,1.33,25.5,3,19.9
AXbIf9u_G70,200m-W,1218.46,4.18,11.6,6.6,0.66,11.8,7,6.3
AXbIf9u_G70,200m-W,1221.52,28.14,12.5,9.9,1.225,28.4,6,5.4
AXbIf9u_G70,200m-W,1227.165,16.9,12.1,4.5,1.05,28.3,8,7.7
AXbIf9u_G70,200m-W,1246.025,12.63,10.7,7.7,0.93,27.9,9,12.2
AXbIf9u_G70,200m-W,1259.98,-11.02,4.9,-3.9,0.985,14.6,6,16.4
AXbIf9u_G70,200m-W,1269.155,10.83,10.4,4.8,0.94,15.7,5,10.5
AXbIf9u_G70,200m-W,1270.56,7.78,10.9,5.1,0.735,20.5,3,1.4
AXbIf9u_G70,200m-W,1282.05,9.24,12.3,-3.3,1.65,21.2,7,8.4
AXbIf9u_G70,200m-W,1296.625,16.03,12.5,2.5,3.685,27.4,2,2.1
AXbIf9u_G70,200m-W,1298.505,-5.88,6.5,2.1,1.47,26.6,2,17.7
AXbIf9u_G70,200m-W,1303.73,4.01,-0.3,-11.3,0.99,25.6,9,2.8
AXbIf9u_G70,200m-W,1311.18,4.58,2.6,-15.4,2.38,27.2,9,2.8
AXbIf9u_G70,200m-W,1329.67,54.52,29.5,27.6,1.99,29.4,1,9.1
AXbIf9u_G70,200m-W,1331.86,24.87,16.5,29.0,4.18,29.0,1,19.8
AXbIf9u_G70,200m-W,1339.405,10.88,14.0,7.0,0.89,28.3,10,9.6
AXbIf9u_G70,200m-W,1353.925,2.32,9.1,-0.7,0.86,26.3,9,3.0
AXbIf9u_G70,200m-W,1364.1,-1.12,14.0,-7.4,0.785,15.6,5,5.6
AXbIf9u_G70,200m-W,1366.37,-4.51,8.7,-9.3,0.91,24.6,7,13.1
AXbIf9u_G70,200m-W,1376.11,17.19,11.3,4.3,3.82,17.9,1,2.6
AXbIf9u_G70,200m-W,1380.18,25.72,13.3,9.8,2.24,24.0,5,2.7
AXbIf9u_G70,200m-W,1388.43,-25.19,7.6,-0.5,,0.0,0,12.7
AXbIf9u_G70,200m-W,1392.275,6.2,10.7,-3.9,2.215,17.4,4,4.0
AXbIf9u_G70,200m-W,1394.235,-16.32,8.1,-3.0,0.785,15.7,7,13.4
AXbIf9u_G70,200m-W,1400.875,16.42,16.1,-1.6,0.945,22.5,6,0.9
AXbIf9u_G70,200m-W,1406.045,4.43,11.1,-0.1,0.84,23.9,8,3.7
AXbIf9u_G70,200m-W,1413.795,17.24,9.6,1.6,1.395,24.6,8,4.1
AXbIf9u_G70,200m-W,1418.705,19.99,12.3,2.8,1.095,23.8,5,5.9
AXbIf9u_G70,200m-W,1420.195,-7.1,10.0,2.1,1.285,25.5,6,20.1
AXbIf9u_G70,200m-W,1422.32,16.42,11.9,2.4,0.99,24.8,4,3.6
AXbIf9u_G70,200m-W,1432.77,12.79,14.6,-4.4,1.09,21.9,10,2.0
AXbIf9u_G70,200m-W,1435.81,4.2,9.0,-2.4,1.625,15.4,6,7.9
AXbIf9u_G70,200m-W,1440.74,4.31,12.5,-4.3,1.68,24.0,7,9.1
AXbIf9u_G70,200m-W,1442.115,16.84,20.6,-3.5,0.91,27.5,7,1.4
AXbIf9u_G70,200m-W,1449.805,18.73,15.1,2.5,0.925,26.1,7,4.0
AXbIf9u_G70,200m-W,1452.995,26.59,15.9,7.1,1.365,23.5,7,2.7
AXbIf9u_G70,200m-W,1454.5,19.38,14.7,7.4,0.995,22.6,7,9.2
AXbIf9u_G70,200m-W,1463.54,13.7,8.7,1.8,1.195,23.6,5,4.3
AXbIf9u_G70,200m-W,1466.38,3.49,14.0,1.0,0.775,12.2,7,3.6
AXbIf9u_G70,200m-W,1480.175,1.03,6.4,1.3,0.87,24.8,11,2.5
AXbIf9u_G70,200m-W,1484.235,-20.99,14.9,-4.8,0.775,25.1,7,22.1
AXbIf9u_G70,200m-W,1486.055,2.26,12.6,-3.6,0.885,24.2,9,4.4
AXbIf9u_G70,200m-W,1487.6,-2.86,16.2,-3.5,0.75,27.6,8,16.0
AXbIf9u_G70,200m-W,1493.22,18.67,19.2,-3.0,1.1,19.1,4,3.4
AXbIf9u_G70,200m-W,1511.955,-15.07,7.9,1.4,,0.0,0,10.6
AXbIf9u_G70,200m-W,1514.185,0.17,12.4,1.6,0.61,27.3,6,12.1
AXbIf9u_G70,200m-W,1516.84,16.97,6.8,6.4,1.49,25.0,6,3.8
AXbIf9u_G70,200m-W,1520.0,23.94,9.7,8.7,1.525,30.0,4,2.3
AXbIf9u_G70,200m-W,1521.145,30.97,21.2,6.3,0.975,21.0,5,3.4
AXbIf9u_G70,200m-W,1522.555,20.01,11.5,5.4,1.155,28.6,4,4.2
AXbIf9u_G70,200m-W,1536.69,15.09,10.0,6.4,2.89,18.6,5,4.8
AXbIf9u_G70,200m-W,1543.13,-28.89,-0.8,-4.1,0.705,23.2,7,17.9
AXbIf9u_G70,200m-W,1544.905,9.71,11.5,-5.9,1.04,23.8,7,7.2
AXbIf9u_G70,200m-W,1548.155,-8.95,7.5,-10.3,0.835,23.0,9,2.7
AXbIf9u_G70,200m-W,1553.19,9.73,15.6,0.4,4.27,27.1,2,3.1
AXbIf9u_G70,200m-W,1556.375,18.3,10.1,2.8,1.165,24.5,6,2.8
AXbIf9u_G70,200m-W,1558.03,19.37,12.4,4.4,1.15,25.5,7,1.3
AXbIf9u_G70,200m-W,1597.595,-11.02,8.9,-9.0,0.8,19.0,3,4.3
AXbIf9u_G70,200m-W,1624.53,11.06,13.4,-1.8,2.09,21.5,7,3.1
AXbIf9u_G70,200m-W,1634.14,18.67,9.7,6.0,1.96,24.8,7,5.0
AXbIf9u_G70,200m-W,1636.955,18.09,7.3,3.6,1.07,26.3,6,0.0
AXbIf9u_G70,200m-W,1639.17,-13.54,10.9,0.9,0.825,22.2,8,18.5
AXbIf9u_G70,200m-W,1642.175,1.62,7.9,-6.7,1.34,25.0,10,6.0
AXbIf9u_G70,200m-W,1653.795,18.67,13.2,4.4,1.235,18.5,6,-1.3
AXbIf9u_G70,200m-W,1655.48,4.56,5.6,4.9,0.835,20.8,7,0.2
AXbIf9u_G70,200m-W,1665.29,5.38,6.1,-3.8,1.56,28.3,7,8.1
AXbIf9u_G70,200m-W,1673.225,17.41,8.7,0.1,2.06,20.4,7,4.4
AXbIf9u_G70,200m-W,1678.595,4.5,12.0,2.7,0.895,18.6,5,1.0
AXbIf9u_G70,200m-W,1680.105,15.92,12.2,3.0,1.1,21.1,6,0.3
AXbIf9u_G70,200m-W,1682.44,0.52,9.0,4.7,0.825,16.9,8,7.5
AXbIf9u_G70,200m-W,1685.045,15.63,11.4,3.1,1.225,22.2,9,2.6
AXbIf9u_G70,200m-W,1692.7,1.0,12.8,2.8,0.76,16.6,6,6.8
AXbIf9u_G70,200m-W,1706.275,11.46,8.7,1.2,1.405,19.2,5,-1.8
AXbIf9u_G70,200m-W,1713.13,2.51,12.5,0.5,0.635,17.4,11,4.7
AXbIf9u_G70,200m-W,1718.84,0.67,14.7,-4.3,0.79,17.8,7,3.3
AXbIf9u_G70,200m-W,1721.49,8.78,11.7,-2.4,1.34,18.8,5,2.9
AXbIf9u_G70,200m-W,1724.645,6.95,15.8,-0.5,0.875,25.0,8,-2.8
AXbIf9u_G70,200m-W,1730.38,-10.08,16.4,0.1,0.74,31.9,3,21.9
AXbIf9u_G70,200m-W,1736.8,15.97,16.6,-2.3,1.03,33.4,11,2.9
AXbIf9u_G70,200m-W,1739.11,-6.0,13.1,-1.9,0.665,33.6,8,10.4
AXbIf9u_G70,200m-W,1742.26,15.64,17.2,-1.6,0.8,37.5,11,2.1
AXbIf9u_G70,200m-W,1743.455,-5.34,15.9,-2.8,0.46,14.1,11,11.9
AXbIf9u_G70,200m-W,1748.825,-52.92,3.4,-10.1,0.85,36.3,9,32.3
AXbIf9u_G70,200m-W,1755.255,-4.68,2.7,-3.2,1.04,36.9,6,12.1
AXbIf9u_G70,200m-W,1758.26,19.3,0.4,11.8,1.055,13.9,5,2.2
AXbIf9u_G70,200m-W,1760.945,56.09,31.6,21.9,1.87,36.2,3,7.3
AXbIf9u_G70,200m-W,1770.85,11.73,7.1,4.9,1.02,15.8,6,5.6
AXbIf9u_G70,200m-W,1784.97,-1.91,7.6,-8.6,1.32,12.2,5,-0.2
AXbIf9u_G70,200m-W,1786.085,3.75,10.1,-7.0,1.055,16.7,4,-1.6
AXbIf9u_G70,200m-W,1788.39,6.24,7.6,-3.6,2.27,19.9,4,1.5
AXbIf9u_G70,200m-W,1790.04,-1.45,10.6,-2.1,0.815,18.6,4,5.1
AXbIf9u_G70,200m-W,1792.45,10.9,7.1,0.0,1.55,19.4,7,4.6
AXbIf9u_G70,200m-W,1795.855,18.47,14.0,1.5,1.05,20.7,5,5.6
AXbIf9u_G70,200m-W,1799.45,10.37,8.8,1.6,1.17,17.4,6,3.6
AXbIf9u_G70,200m-W,1814.055,8.99,9.2,-2.1,1.055,20.7,6,3.5
AXbIf9u_G70,200m-W,1820.42,14.6,12.0,3.0,1.75,16.6,7,1.1
AXbIf9u_G70,200m-W,1827.455,10.68,8.6,7.0,0.935,16.2,5,9.5
AXbIf9u_G70,200m-W,1835.125,11.88,14.5,-2.1,0.925,16.7,10,3.6
AXbIf9u_G70,200m-W,1840.75,4.24,6.6,-3.6,1.125,19.6,9,6.4
AXbIf9u_G70,200m-W,1846.12,0.39,4.5,1.9,0.595,19.9,6,4.2
AXbIf9u_G70,200m-W,1848.315,-21.72,10.9,1.0,0.535,20.6,11,20.2
AXbIf9u_G70,200m-W,1863.9,12.65,19.3,-0.1,0.72,24.5,10,2.1
AXbIf9u_G70,200m-W,1866.2,-11.6,14.8,0.7,1.2,18.4,9,23.5
AXbIf9u_G70,200m-W,1868.455,17.65,15.6,0.3,0.97,28.9,10,2.0
AXbIf9u_G70,200m-W,1877.765,-18.51,9.6,0.2,0.82,24.8,9,22.4
AXbIf9u_G70,200m-W,1878.675,-2.44,3.3,0.2,0.905,26.1,10,15.2
AXbIf9u_G70,200m-W,1880.185,-13.74,3.4,0.5,0.55,19.1,12,11.8
AXbIf9u_G70,200m-W,1903.675,19.36,9.1,6.7,1.105,25.7,7,5.1
AXbIf9u_G70,200m-W,1915.505,12.01,11.7,-2.0,1.075,19.7,3,3.3
AXbIf9u_G70,200m-W,1924.2,15.05,15.6,-2.3,2.19,18.3,6,-0.2
AXbIf9u_G70,200m-W,1953.43,-9.28,12.9,-9.8,0.82,16.4,8,-0.7
AXbIf9u_G70,200m-W,1958.49,3.8,3.8,-3.0,1.915,11.9,4,2.3
AXbIf9u_G70,200m-W,1961.085,30.73,24.1,0.5,1.32,32.3,4,-0.4
AXbIf9u_G70,200m-W,1966.2,12.07,9.0,0.6,1.55,25.5,6,2.2
AXbIf9u_G70,200m-W,1972.415,-14.06,11.6,-11.3,0.425,14.0,10,10.7
AXbIf9u_G70,200m-W,1973.81,3.07,20.5,-13.3,0.865,26.6,10,2.6
AXbIf9u_G70,200m-W,1975.385,11.1,19.5,-12.1,1.58,32.3,7,3.2
AXbIf9u_G70,200m-W,1991.12,56.6,30.0,25.8,2.305,27.4,2,5.3
AXbIf9u_G70,200m-W,1997.005,-1.12,15.0,20.2,4.6,44.8,1,26.6
AXbIf9u_G70,200m-W,2012.485,0.61,13.5,-1.3,0.68,21.0,10,2.9
AXbIf9u_G70,200m-W,2018.785,-29.66,11.0,-9.5,0.66,21.5,7,18.9
AXbIf9u_G70,200m-W,2021.855,-6.73,7.5,-5.6,0.76,20.0,7,4.1
AXbIf9u_G70,200m-W,2024.625,15.42,19.3,-4.1,1.06,27.1,8,0.6
AXbIf9u_G70,200m-W,2033.015,6.44,10.2,2.0,2.1,28.8,7,13.1
AXbIf9u_G70,200m-W,2046.44,16.51,14.9,2.8,1.025,24.0,12,6.8
AXbIf9u_G70,200m-W,2061.6,-11.22,3.8,0.9,0.6,25.9,5,13.8
AXbIf9u_G70,200m-W,2063.81,18.58,10.6,6.3,1.465,25.6,8,4.4
AXbIf9u_G70,200m-W,2068.88,-3.24,8.5,3.8,0.745,20.3,8,9.7
AXbIf9u_G70,200m-W,2074.625,-8.64,7.5,-0.2,0.685,18.0,9,10.1
AXbIf9u_G70,200m-W,2080.93,9.1,9.3,-0.8,1.265,17.8,5,-0.3
AXbIf9u_G70,200m-W,2084.61,8.04,8.1,-1.4,0.965,21.9,7,6.1
AXbIf9u_G70,200m-W,2091.7,0.14,4.3,0.3,0.85,20.9,5,2.5
AXbIf9u_G70,200m-W,2096.475,4.26,13.2,-0.5,0.785,21.9,7,3.9
AXbIf9u_G70,200m-W,2104.4,6.93,15.8,-2.3,0.735,21.9,9,3.4
AXbIf9u_G70,200m-W,2105.325,-20.74,9.7,-2.8,0.645,22.8,10,19.5
AXbIf9u_G70,200m-W,2107.02,-17.49,11.3,-3.1,0.595,23.6,8,18.1
AXbIf9u_G70,200m-W,2109.74,-17.6,12.5,-5.7,0.62,20.8,8,18.0
AXbIf9u_G70,200m-W,2111.205,-1.08,13.9,-5.8,0.715,18.7,8,0.3
AXbIf9u_G70,200m-W,2117.155,12.17,11.3,-2.3,1.0,15.5,7,3.3
AXbIf9u_G70,200m-W,2137.975,-13.22,11.9,2.3,0.595,18.2,10,19.4
AXbIf9u_G70,200m-W,2144.41,-1.07,11.3,-2.0,0.89,16.8,8,3.0
AXbIf9u_G70,200m-W,2158.57,-22.18,12.1,-4.7,0.4,22.7,7,21.4
AXbIf9u_G70,200m-W,2160.33,13.1,9.7,-2.1,1.34,27.4,8,3.9
AXbIf9u_G70,200m-W,2163.755,15.57,7.3,3.2,0.98,23.3,5,4.4
AXbIf9u_G70,200m-W,2168.3,24.57,11.7,10.7,2.125,20.3,6,0.9
AXbIf9u_G70,200m-W,2170.82,37.64,22.9,13.8,1.515,23.9,3,5.3
AXbIf9u_G70,200m-W,2183.25,19.21,64.2,-3.8,4.6,89.0,1,0.0
AXbIf9u_G70,200m-W,2191.395,-86.86,16.3,8.1,,0.0,0,69.3
AXbIf9u_G70,200m-W,2192.965,24.22,14.6,6.2,1.0,25.2,7,3.7
AXbIf9u_G70,200m-W,2193.955,16.9,16.9,4.1,0.755,23.2,7,4.8
AXbIf9u_G70,200m-W,2200.83,-9.62,6.1,3.4,1.565,27.5,6,20.0
AXbIf9u_G70,200m-W,2205.24,0.84,9.9,-0.0,0.82,19.2,7,6.2
AXbIf9u_G70,200m-W,2211.985,0.08,7.2,-1.3,0.725,18.7,8,2.2
AXbIf9u_G70,200m-W,2219.305,-10.33,8.2,0.2,0.53,13.5,9,11.6
AXbIf9u_G70,200m-W,2221.455,-2.52,9.2,-0.1,0.73,19.0,9,6.6
AXbIf9u_G70,200m-W,2226.425,12.82,9.2,-0.2,1.28,17.0,8,3.6
AXbIf9u_G70,200m-W,2231.52,5.31,3.0,-2.3,1.26,18.9,6,5.3
AXbIf9u_G70,200m-W,2237.12,15.86,10.1,2.2,1.03,14.2,9,6.1
AXbIf9u_G70,200m-W,2255.595,4.56,10.8,-2.1,1.895,16.1,5,9.4
AXbIf9u_G70,200m-W,2257.1,-7.48,6.0,-1.8,0.605,19.8,7,9.9
AXbIf9u_G70,200m-W,2261.185,1.82,8.3,-1.1,1.215,13.9,10,8.9
AXbIf9u_G70,200m-W,2267.22,13.21,15.0,-2.6,1.035,18.5,9,0.9
AXbIf9u_G70,200m-W,2270.615,-1.31,18.0,-2.9,1.64,25.5,8,17.1
AXbIf9u_G70,200m-W,2272.195,-18.24,13.7,-1.5,0.64,22.9,9,18.1
AXbIf9u_G70,200m-W,2281.465,1.6,13.5,-0.2,0.675,20.8,10,3.0
AXbIf9u_G70,200m-W,2284.47,15.09,23.8,-3.6,0.83,29.1,10,-0.3
AXbIf9u_G70,200m-W,2286.105,8.31,16.1,-4.9,0.875,31.8,9,2.1
AXbIf9u_G70,200m-W,2288.865,7.59,19.8,-9.5,0.795,32.6,7,3.0
AXbIf9u_G70,200m-W,2292.175,6.83,8.5,-4.4,1.485,35.5,8,2.8
AXbIf9u_G70,200m-W,2294.48,-12.01,12.1,-9.6,0.62,24.2,8,10.8
AXbIf9u_G70,200m-W,2296.67,5.16,13.6,-10.4,1.405,28.4,9,3.6
AXbIf9u_G70,200m-W,2305.63,63.37,31.8,23.8,1.985,29.0,3,5.1
AXbIf9u_G70,200m-W,2306.87,7.17,12.9,20.9,3.225,28.6,1,23.9
AXbIf9u_G70,200m-W,2315.77,-12.43,5.6,0.5,0.69,13.6,6,11.6
AXbIf9u_G70,200m-W,2318.03,14.49,9.3,0.4,2.02,13.2,4,2.8
AXbIf9u_G70,200m-W,2319.9,11.08,8.4,0.6,1.015,14.6,4,3.8
AXbIf9u_G70,200m-W,2326.78,7.72,8.0,-1.3,0.93,14.1,4,3.4
AXbIf9u_G70,200m-W,2330.645,-5.63,8.5,-1.5,0.75,13.8,4,8.6
AXbIf9u_G70,200m-W,2333.44,6.77,7.4,-0.9,1.06,13.0,4,-0.4
AXbIf9u_G70,200m-W,2336.165,14.7,7.8,-0.3,1.075,16.6,6,0.5
AXbIf9u_G70,200m-W,2347.305,-1.03,12.0,-1.3,0.665,14.9,8,7.1
AXbIf9u_G70,200m-W,2355.01,8.14,8.7,-1.7,1.69,19.8,7,4.1
AXbIf9u_G70,200m-W,2357.525,3.6,10.5,-0.0,0.735,16.5,5,5.6
AXbIf9u_G70,200m-W,2362.265,25.25,19.6,2.1,1.05,20.8,8,0.0
AXbIf9u_G70,200m-W,2388.33,-14.44,6.7,-0.1,0.495,13.7,3,12.2
AXbIf9u_G70,200m-W,2391.92,-15.89,6.3,-1.2,0.545,12.9,6,11.3
AXbIf9u_G70,200m-W,2422.77,18.91,16.8,0.5,1.665,19.7,4,1.2
AXbIf9u_G70,200m-W,2425.955,7.29,8.3,0.4,1.255,21.1,7,11.1
AXbIf9u_G70,200m-W,2435.99,-12.89,12.8,1.8,0.65,25.2,7,19.9
AXbIf9u_G70,200m-W,2464.865,10.02,5.9,1.1,1.14,14.2,7,4.9
AXbIf9u_G70,200m-W,2476.175,-4.37,3.0,0.1,0.75,18.5,5,1.6
AXbIf9u_G70,200m-W,2483.905,12.46,10.4,-0.4,0.925,15.4,9,0.6
AXbIf9u_G70,200m-W,2491.955,-24.87,6.3,-2.6,0.515,22.7,9,21.5
AXbIf9u_G70,200m-W,2494.47,-9.68,12.0,-3.0,0.67,23.4,9,13.9
AXbIf9u_G70,200m-W,2495.54,19.68,13.8,-3.3,1.055,28.7,8,1.7
AXbIf9u_G70,200m-W,2497.375,-16.93,7.3,-3.5,1.095,14.6,8,24.1
AXbIf9u_G70,200m-W,2499.425,17.67,15.5,-1.1,1.025,26.6,7,2.8
AXbIf9u_G70,200m-W,2513.23,14.1,12.9,-2.9,1.67,27.7,7,6.3
AXbIf9u_G70,200m-W,2517.21,-0.81,8.4,-3.4,1.59,13.0,6,9.9
AXbIf9u_G70,200m-W,2522.34,9.7,11.0,-2.5,2.09,17.8,4,2.9
AXbIf9u_G70,200m-W,2527.985,10.53,7.3,0.1,1.345,23.1,8,3.9
AXbIf9u_G70,200m-W,2549.705,-12.12,10.9,-1.0,0.695,23.0,8,16.2
AXbIf9u_G70,200m-W,2556.84,-18.92,3.0,-3.4,0.665,26.1,12,18.9
AXbIf9u_G70,200m-W,2558.7,-10.34,10.3,-1.8,0.755,25.8,12,11.9
AXbIf9u_G70,200m-W,2559.61,19.15,12.6,-1.3,0.91,29.0,10,4.7
AXbIf9u_G70,200m-W,2561.885,-4.08,10.0,0.1,0.645,27.5,9,12.4
AXbIf9u_G70,200m-W,2562.955,-3.34,10.4,1.1,0.49,15.4,8,10.1
AXbIf9u_G70,200m-W,2570.15,-2.11,3.2,0.3,0.85,20.6,8,4.1
AXbIf9u_G70,200m-W,2581.94,26.84,12.7,3.7,1.34,29.4,6,2.9
AXbIf9u_G70,200m-W,2585.465,25.67,14.0,4.6,0.92,27.1,7,3.1
AXbIf9u_G70,200m-W,2598.56,12.0,9.9,-1.8,1.16,21.4,8,2.2
AXbIf9u_G70,200m-W,2609.605,4.02,14.7,2.5,1.34,25.1,11,17.0
AXbIf9u_G70,200m-W,2611.925,7.82,6.1,1.7,1.005,13.4,10,5.0
AXbIf9u_G70,200m-W,2631.375,-3.96,2.1,0.2,0.635,18.0,11,1.4
AXbIf9u_G70,200m-W,2633.89,12.65,8.4,1.8,1.345,16.1,7,-0.0
AXbIf9u_G70,200m-W,2647.23,18.29,13.5,0.5,3.625,15.2,4,-0.6
AXbIf9u_G70,200m-W,2663.185,7.71,5.4,-0.5,2.09,19.6,5,2.0
AXbIf9u_G70,200m-W,2664.155,-1.34,6.6,-0.7,0.815,17.7,4,6.1
AXbIf9u_G70,200m-W,2679.315,-12.08,0.7,-1.8,0.415,12.2,6,10.0
AXbIf9u_G70,200m-W,2691.24,10.8,8.7,-6.4,1.135,21.2,3,-1.2
AXbIf9u_G70,200m-W,2693.03,10.95,20.4,-10.2,1.0,30.2,5,9.0
AXbIf9u_G70,200m-W,2694.55,-30.09,10.8,-8.5,0.735,27.0,6,25.0
AXbIf9u_G70,200m-W,2701.275,27.2,16.8,6.1,2.88,28.3,4,2.9
AXbIf9u_G70,200m-W,2702.445,9.75,16.2,1.4,1.165,28.4,4,13.6
AXbIf9u_G70,200m-W,2707.23,-4.3,4.8,-9.1,1.075,29.7,9,7.7
AXbIf9u_G70,200m-W,2721.11,60.46,30.8,23.8,1.89,31.5,2,6.7
AXbIf9u_G70,200m-W,2722.67,15.0,13.0,22.4,1.575,36.7,2,21.1
AXbIf9u_G70,200m-W,2730.91,7.54,13.2,5.6,0.8,20.7,9,5.2
AXbIf9u_G70,200m-W,2741.47,-19.09,6.2,-0.8,0.56,15.4,9,14.1
AXbIf9u_G70,200m-W,2745.25,-11.66,1.6,-4.1,0.79,13.0,8,4.1
AXbIf9u_G70,200m-W,2751.845,5.39,7.6,-3.9,1.7,22.2,7,-0.4
AXbIf9u_G70,200m-W,2753.785,-15.56,8.1,-3.3,1.49,18.3,4,22.3
AXbIf9u_G70,200m-W,2758.845,11.36,6.8,-1.8,0.95,24.1,4,2.9
AXbIf9u_G70,200m-W,2763.74,11.71,9.8,-0.1,2.055,25.8,6,6.4
AXbIf9u_G70,200m-W,2770.285,4.91,14.3,-4.7,0.94,24.1,8,12.0
AXbIf9u_G70,200m-W,2772.69,-1.0,8.0,-2.3,0.835,19.8,10,2.6
AXbIf9u_G70,200m-W,2776.56,27.86,15.4,8.1,3.18,28.0,2,4.0
AXbIf9u_G70,200m-W,2783.21,-17.92,8.1,4.7,0.555,25.7,9,23.9
AXbIf9u_G70,200m-W,2787.785,20.3,17.8,0.2,0.925,24.4,10,4.8
AXbIf9u_G70,200m-W,2791.945,-8.5,7.9,-0.7,0.565,17.9,7,9.7
AXbIf9u_G70,200m-W,2795.81,3.06,9.0,0.0,1.135,20.1,8,10.6
AXbIf9u_G70,200m-W,2799.125,-0.92,6.8,1.2,0.64,17.5,6,3.1
AXbIf9u_G70,200m-W,2805.48,1.93,9.4,0.2,0.865,15.6,7,4.6
AXbIf9u_G70,200m-W,2809.455,11.85,10.2,-0.8,1.11,17.4,9,3.8
AXbIf9u_G70,200m-W,2812.805,-15.03,9.0,-5.3,0.56,17.8,4,12.9
AXbIf9u_G70,200m-W,2814.905,-0.95,15.8,-11.3,0.825,21.5,7,2.3
AXbIf9u_G70,200m-W,2827.98,-21.28,7.3,6.0,0.56,25.8,9,24.3
AXbIf9u_G70,200m-W,2833.625,12.62,13.2,7.0,1.515,14.5,6,10.0
AXbIf9u_G70,200m-W,2841.795,7.82,14.7,-3.4,1.92,16.7,6,8.9
AXbIf9u_G70,200m-W,2852.925,-6.46,13.9,5.9,0.55,23.5,4,18.3
AXbIf9u_G70,200m-W,2857.31,4.65,9.4,3.0,1.115,12.7,7,13.6
AXbIf9u_G70,200m-W,2876.97,14.74,10.4,3.0,0.985,19.1,7,1.7
AXbIf9u_G70,200m-W,2882.025,-8.93,9.1,-1.6,0.9,24.1,10,19.9
AXbIf9u_G70,200m-W,2884.12,-10.69,8.8,-1.3,0.855,21.3,8,12.5
AXbIf9u_G70,200m-W,2886.185,-30.63,4.4,-3.8,0.75,14.5,6,20.2
AXbIf9u_G70,200m-W,2909.44,9.52,0.9,5.1,3.325,15.6,4,4.9
AXbIf9u_G70,200m-W,2913.82,11.53,7.4,1.6,1.085,19.9,7,1.9
AXbIf9u_G70,200m-W,2924.825,-5.85,10.5,1.9,1.215,21.3,8,18.6
AXbIf9u_G70,200m-W,2949.65,-8.4,11.8,3.9,,0.0,0,8.0
AXbIf9u_G70,200m-W,2961.26,17.32,9.8,2.6,1.15,21.7,8,3.2
AXbIf9u_G70,200m-W,2963.41,-11.32,9.9,-0.4,0.855,20.6,7,16.9
AXbIf9u_G70,200m-W,2978.63,-25.15,10.8,-0.3,0.68,26.5,9,24.0
AXbIf9u_G70,200m-W,2989.595,-0.05,9.9,2.1,0.73,23.1,8,9.2
AXbIf9u_G70,200m-W,2994.83,18.4,12.6,3.5,1.13,16.1,6,2.9
AXbIf9u_G70,200m-W,3003.725,-8.32,16.9,-4.6,0.895,24.4,9,14.9
AXbIf9u_G70,200m-W,3020.28,-0.73,16.6,-0.1,0.99,22.5,5,19.4
AXbIf9u_G70,200m-W,3021.265,-9.36,8.8,0.4,0.775,24.2,8,13.0
AXbIf9u_G70,200m-W,3022.715,11.65,16.1,0.9,0.705,18.3,11,5.6
AXbIf9u_G70,200m-W,3026.755,-17.05,4.0,2.3,0.54,18.6,8,16.8
AXbIf9u_G70,200m-W,3031.36,-9.81,7.2,1.8,0.74,22.6,8,13.1
AXbIf9u_G70,200m-W,3038.3,14.09,13.4,-0.0,1.255,14.7,9,5.2
AXbIf9u_G70,200m-W,3040.085,13.5,9.1,0.8,1.225,19.2,5,5.9
AXbIf9u_G70,200m-W,3055.44,14.36,7.2,2.3,1.485,19.4,6,3.0
AXbIf9u_G70,200m-W,3058.61,15.4,11.8,3.1,0.92,16.4,7,2.9
AXbIf9u_G70,200m-W,3064.255,2.19,11.4,0.7,0.75,15.5,8,7.3
AXbIf9u_G70,200m-W,3075.405,6.21,5.0,-2.5,0.95,18.1,7,4.5
AXbIf9u_G70,200m-W,3081.79,11.38,4.9,0.9,1.415,20.4,5,0.8
AXbIf9u_G70,200m-W,3086.085,-11.08,1.5,2.7,0.455,14.2,7,11.3
AXbIf9u_G70,200m-W,3092.85,11.51,8.9,1.1,1.015,17.1,5,4.0
AXbIf9u_G70,200m-W,3094.215,0.28,8.7,-0.1,0.74,19.4,5,5.9
AXbIf9u_G70,200m-W,3097.215,13.09,9.8,0.1,1.165,20.0,7,4.6
AXbIf9u_G70,200m-W,3098.405,-13.13,5.1,0.1,0.665,15.6,5,13.5
AXbIf9u_G70,200m-W,3101.525,-11.24,3.7,-0.6,0.56,16.0,6,9.7
AXbIf9u_G70,200m-W,3109.69,12.26,17.3,-2.8,1.23,15.9,5,0.5
AXbIf9u_G70,200m-W,3111.575,-1.33,11.8,-0.9,1.63,15.8,7,13.3
AXbIf9u_G70,200m-W,3113.11,8.19,10.5,0.1,0.795,24.5,6,3.1
AXbIf9u_G70,200m-W,3121.42,30.93,24.5,-4.2,1.105,30.8,6,1.8
AXbIf9u_G70,200m-W,3123.91,25.36,24.7,-3.2,1.04,29.0,8,1.9
AXbIf9u_G70,200m-W,3130.74,25.66,19.6,0.8,1.71,31.0,8,2.1
AXbIf9u_G70,200m-W,3137.915,-33.82,15.8,-18.2,0.725,38.1,10,26.8
AXbIf9u_G70,200m-W,3140.44,4.59,23.0,-18.7,0.635,36.0,12,3.2
AXbIf9u_G70,200m-W,3148.355,15.92,13.0,20.3,,0.0,0,4.2
AXbIf9u_G70,200m-W,3150.76,63.97,33.6,29.4,2.415,28.7,1,2.7
AXbIf9u_G70,200m-W,3152.03,11.9,13.7,30.3,3.685,28.7,1,23.5
AXbIf9u_G70,200m-W,3155.96,-18.91,11.3,29.9,,0.0,0,29.9
AXbIf9u_G70,200m-W,3157.525,-45.18,9.8,12.6,,0.0,0,39.4
AXbIf9u_G70,200m-W,3162.21,7.16,11.2,4.6,0.695,15.5,9,3.8
AXbIf9u_G70,200m-W,3165.415,-7.45,10.7,0.1,0.62,20.2,10,12.6
AXbIf9u_G70,200m-W,3171.9,8.89,10.0,-2.0,1.575,17.4,8,5.0
AXbIf9u_G70,200m-W,3174.355,-20.6,3.4,-2.5,0.53,16.1,6,14.6
AXbIf9u_G70,200m-W,3178.245,-1.64,9.4,-3.6,0.735,12.2,7,-0.4
AXbIf9u_G70,200m-W,3179.96,8.35,13.1,-5.6,1.06,18.3,6,-0.1
AXbIf9u_G70,200m-W,3182.78,-1.92,13.8,-5.8,0.885,20.4,7,0.7
AXbIf9u_G70,200m-W,3184.57,-12.2,11.0,-5.4,0.475,17.7,9,12.5
AXbIf9u_G70,200m-W,3186.445,-2.1,9.7,-4.6,0.775,22.4,8,2.1
AXbIf9u_G70,200m-W,3191.405,14.71,9.5,3.2,0.94,25.6,5,8.0
AXbIf9u_G70,200m-W,3196.59,13.93,15.7,2.8,0.65,22.8,9,1.4
AXbIf9u_G70,200m-W,3198.545,-15.55,9.9,1.6,0.695,24.9,9,20.7
AXbIf9u_G70,200m-W,3202.075,8.49,7.9,-1.1,0.935,25.1,8,7.1
AXbIf9u_G70,200m-W,3203.645,-18.24,16.9,-3.3,0.73,25.9,7,20.1
AXbIf9u_G70,200m-W,3207.62,3.25,13.9,-1.8,0.71,20.7,9,6.6
AXbIf9u_G70,200m-W,3212.37,16.17,9.6,2.5,1.52,24.3,9,0.1
AXbIf9u_G70,200m-W,3220.055,-0.64,9.3,3.7,1.305,24.3,6,16.6
AXbIf9u_G70,200m-W,3232.925,-2.46,11.1,-2.5,0.69,17.3,10,4.7
AXbIf9u_G70,200m-W,3235.04,9.56,10.6,-2.0,1.42,18.5,9,6.1
AXbIf9u_G70,200m-W,3239.0,2.62,0.6,0.4,1.19,16.3,7,-4.9
AXbIf9u_G70,200m-W,3246.36,-18.86,13.3,-2.9,0.785,24.9,11,21.8
AXbIf9u_G70,200m-W,3248.795,-21.34,12.9,-3.6,1.565,28.7,10,29.1
AXbIf9u_G70,200m-W,3264.755,26.86,19.0,5.4,2.685,17.4,5,2.6
AXbIf9u_G70,200m-W,3267.25,25.56,17.2,7.4,1.405,26.8,3,4.5
AXbIf9u_G70,200m-W,3276.875,19.53,34.9,17.4,0.595,23.8,12,18.4
AXbIf9u_G70,200m-W,3289.35,15.66,48.0,-17.6,4.6,48.8,1,-19.9
AXbIf9u_G70,200m-W,3291.005,-23.26,7.7,-12.1,1.65,28.1,2,24.8
AXbIf9u_G70,200m-W,3292.335,-37.87,15.4,-6.6,2.98,45.5,2,41.2
AXbIf9u_G70,200m-W,3293.25,-65.99,9.9,-4.6,,0.0,0,42.5
AXbIf9u_G70,200m-W,3296.03,-33.53,13.9,0.2,,0.0,0,27.1
AXbIf9u_G70,200m-W,3305.68,-7.53,12.1,-0.7,,0.0,0,2.5
AXbIf9u_G70,200m-W,3310.07,17.36,12.8,0.2,1.67,20.8,4,2.8
AXbIf9u_G70,200m-W,3327.615,17.61,10.2,4.0,3.285,19.1,3,0.7
AXbIf9u_G70,200m-W,3329.23,20.2,13.9,4.9,0.975,19.3,2,0.6
AXbIf9u_G70,200m-W,3331.615,-15.17,7.3,3.1,0.51,21.2,7,19.4
AXbIf9u_G70,200m-W,3335.21,22.8,14.8,5.9,1.29,19.3,7,4.1
AXbIf9u_G70,200m-W,3343.145,-6.51,1.8,-2.3,0.68,20.5,10,5.7
AXbIf9u_G70,200m-W,3346.025,9.32,6.5,-0.5,1.265,17.1,6,3.8
AXbIf9u_G70,200m-W,3361.525,-2.01,7.0,0.9,0.85,21.2,7,7.8
AXbIf9u_G70,200m-W,3371.24,-4.89,6.4,-3.0,0.835,16.9,4,2.2
AXbIf9u_G70,200m-W,3377.0,15.19,12.3,-0.9,1.735,15.1,7,2.0
AXbIf9u_G70,200m-W,3383.925,-6.53,7.0,-0.6,1.055,17.8,5,16.7
AXbIf9u_G70,200m-W,3389.74,16.06,11.4,2.3,3.15,14.8,3,2.0
AXbIf9u_G70,200m-W,3396.38,-6.25,7.6,1.7,0.67,18.9,10,11.6
AXbIf9u_G70,200m-W,3400.45,-2.98,6.2,-0.6,0.705,18.6,8,7.7
AXbIf9u_G70,200m-W,3401.97,9.29,6.7,-0.1,1.035,19.9,7,2.5
AXbIf9u_G70,200m-W,3404.205,12.3,9.7,-0.2,1.51,17.5,6,6.9
AXbIf9u_G70,200m-W,3429.27,-12.54,8.7,-4.2,0.66,20.3,6,12.0
AXbIf9u_G70,200m-W,3435.345,14.86,10.9,3.3,1.065,21.1,5,6.1
AXbIf9u_G70,200m-W,3440.485,-4.23,10.5,4.9,0.51,15.2,9,13.2
AXbIf9u_G70,200m-W,3442.375,9.33,11.9,4.3,0.895,20.8,10,4.9
AXbIf9u_G70,200m-W,3456.245,16.7,13.3,0.9,1.125,15.8,6,3.4
AXbIf9u_G70,200m-W,3459.975,-16.35,9.5,0.6,0.615,19.8,7,17.9
AXbIf9u_G70,200m-W,3470.85,-8.36,10.8,-1.9,0.545,14.7,10,13.4
AXbIf9u_G70,200m-W,3471.935,-6.79,16.8,-2.5,1.06,23.4,8,19.3
AXbIf9u_G70,200m-W,3473.12,-13.8,10.1,-1.8,0.835,24.2,10,20.3
AXbIf9u_G70,200m-W,3474.94,-17.73,19.8,-5.3,0.675,26.3,9,21.6
AXbIf9u_G70,200m-W,3477.005,-0.2,16.5,-8.3,0.65,23.4,9,4.8
AXbIf9u_G70,200m-W,3478.645,-3.1,19.0,-7.2,0.62,27.7,10,10.7
AXbIf9u_G70,200m-W,3480.15,6.23,16.0,-5.3,0.625,27.2,11,8.5
AXbIf9u_G70,200m-W,3481.53,-12.01,16.9,-6.0,0.69,29.5,10,18.4
AXbIf9u_G70,200m-W,3484.63,23.9,16.2,3.8,2.68,30.4,7,2.7
AXbIf9u_G70,200m-W,3486.15,-11.95,14.9,2.3,0.84,27.6,4,22.9
AXbIf9u_G70,200m-W,3489.715,-7.85,14.0,1.2,1.05,29.6,9,23.3
AXbIf9u_G70,200m-W,3491.38,-24.43,13.1,1.9,0.575,29.7,10,28.4
AXbIf9u_G70,200m-W,3492.38,-17.54,12.6,-0.9,0.62,25.7,11,20.7
AXbIf9u_G70,200m-W,3493.78,1.02,21.4,-3.5,0.68,25.9,10,7.4
AXbIf9u_G70,200m-W,3495.44,8.61,28.9,-5.2,0.605,30.3,10,7.9
AXbIf9u_G70,200m-W,3497.0,11.72,25.3,-6.7,0.635,32.1,12,6.9
AXbIf9u_G70,200m-W,3498.605,6.57,30.9,-8.3,0.915,37.7,7,16.0
AXbIf9u_G70,200m-W,3499.905,12.12,16.5,-12.2,0.96,39.4,7,2.4
AXbIf9u_G70,200m-W,3501.54,3.23,24.7,-5.0,1.62,41.0,6,16.8
AXbIf9u_G70,200m-W,3502.455,-36.52,15.7,-4.3,0.905,38.6,5,36.9
AXbIf9u_G70,200m-W,3504.05,-8.05,24.1,1.6,1.59,36.0,4,31.5
AXbIf9u_G70,200m-W,3505.195,-9.89,30.2,5.4,0.66,39.1,7,29.5
AXbIf9u_G70,200m-W,3508.68,56.12,35.9,18.6,1.595,15.3,8,4.2
AXbIf9u_G70,200m-W,3510.585,-19.38,10.9,15.5,3.495,15.1,4,35.4
AXbIf9u_G70,200m-W,3512.84,-45.69,8.6,11.0,,0.0,0,36.7
AXbIf9u_G70,200m-W,3519.435,-7.4,8.8,3.8,0.83,15.2,9,13.4
AXbIf9u_G70,200m-W,3522.495,0.43,7.7,1.9,0.885,16.9,6,6.5
AXbIf9u_G70,200m-W,3528.73,6.59,7.0,1.4,1.7,12.1,4,6.6
AXbIf9u_G70,200m-W,3532.57,-7.89,5.7,-1.8,0.75,12.8,6,6.1
AXbIf9u_G70,200m-W,3535.29,9.36,8.8,-1.1,1.085,12.3,6,0.4
AXbIf9u_G70,200m-W,3538.24,11.55,10.2,-0.5,1.085,14.5,5,3.8
AXbIf9u_G70,200m-W,3540.735,8.16,10.3,0.1,1.155,14.8,5,4.4
AXbIf9u_G70,200m-W,3548.54,1.93,9.2,-1.8,1.435,17.7,6,10.9
AXbIf9u_G70,200m-W,3551.285,9.9,9.7,-2.1,1.02,15.7,8,5.6
AXbIf9u_G70,200m-W,3553.495,-13.31,7.8,-2.6,0.72,14.7,9,11.2
AXbIf9u_G70,200m-W,3559.385,-9.47,10.1,-0.7,0.47,15.6,8,14.2
AXbIf9u_G70,200m-W,3562.455,-13.85,7.2,-0.9,0.635,16.6,8,13.9
AXbIf9u_G70,200m-W,3564.36,-10.37,11.3,0.5,0.685,18.5,4,15.1
AXbIf9u_G70,200m-W,3566.87,-14.89,9.5,-0.3,0.525,20.3,7,18.7
AXbIf9u_G70,200m-W,3569.38,-12.16,10.7,-0.9,0.655,20.0,12,15.3
AXbIf9u_G70,200m-W,3575.39,-8.81,10.3,0.7,0.44,14.9,13,12.8
AXbIf9u_G70,200m-W,3577.31,-16.67,11.0,0.3,0.895,19.5,11,18.2
AXbIf9u_G70,200m-W,3578.21,-15.6,11.1,-1.0,0.535,23.0,12,20.4
AXbIf9u_G70,200m-W,3580.42,-9.49,12.6,-0.0,0.795,21.3,10,14.3
AXbIf9u_G70,200m-W,3585.87,-12.68,11.7,-8.4,0.63,22.0,9,13.0
AXbIf9u_G70,200m-W,3587.17,-27.0,4.7,-7.7,0.725,23.7,9,19.4
AXbIf9u_G70,200m-W,3592.795,20.04,16.4,0.8,3.205,16.3,4,5.0
AXbIf9u_G70,200m-W,3594.13,-14.03,6.5,3.1,0.535,20.0,4,17.3
AXbIf9u_G70,200m-W,3607.825,-1.97,5.3,2.2,0.72,18.8,7,7.3
AXbIf9u_G70,200m-W,3610.98,-3.19,5.8,2.8,1.225,17.7,8,15.8
AXbIf9u_G70,200m-W,3626.785,-2.76,19.3,-5.7,0.87,13.1,5,7.7
AXbIf9u_G70,200m-W,3629.355,6.17,13.8,-4.9,0.91,19.5,7,1.4
AXbIf9u_G70,200m-W,3632.105,8.71,11.4,-3.8,1.275,25.4,6,1.9
AXbIf9u_G70,200m-W,3637.57,-5.97,15.9,-0.3,0.76,23.8,8,16.3
AXbIf9u_G70,200m-W,3640.965,-13.8,14.7,-3.7,0.795,19.3,9,13.6
AXbIf9u_G70,200m-W,3644.09,-5.78,13.7,-4.6,0.585,20.5,9,7.3
AXbIf9u_G70,200m-W,3644.915,-21.7,7.9,-4.8,0.5,21.6,9,18.2
AXbIf9u_G70,200m-W,3650.275,18.79,15.3,-0.4,2.78,18.4,4,3.6
AXbIf9u_G70,200m-W,3652.095,5.3,14.3,-0.6,0.875,18.2,4,6.5
AXbIf9u_G70,200m-W,3653.27,-13.7,12.9,-1.1,0.98,21.3,5,20.8
AXbIf9u_G70,200m-W,3655.555,20.02,12.8,2.3,1.67,21.5,6,4.8
AXbIf9u_G70,200m-W,3657.14,17.03,12.9,0.3,1.17,22.7,5,4.5
AXbIf9u_G70,200m-W,3659.305,17.55,14.9,0.7,1.325,22.0,5,2.9
AXbIf9u_G70,200m-W,3660.9,-14.09,12.7,0.8,0.825,16.9,6,18.1
AXbIf9u_G70,200m-W,3667.355,21.09,12.9,6.8,3.115,19.2,3,4.8
AXbIf9u_G70,200m-W,3677.52,7.09,10.6,-4.7,1.795,21.1,7,0.5
AXbIf9u_G70,200m-W,3679.725,11.04,15.7,-6.5,1.52,24.6,6,2.3
AXbIf9u_G70,200m-W,3681.12,9.83,15.3,-6.7,1.045,26.2,5,4.0
AXbIf9u_G70,200m-W,3683.72,9.75,10.4,-1.9,1.845,25.1,4,5.4
AXbIf9u_G70,200m-W,3690.785,18.39,13.0,3.8,4.06,21.2,2,4.4
AXbIf9u_G70,200m-W,3693.4,24.03,16.9,6.5,1.115,22.8,4,5.0
AXbIf9u_G70,200m-W,3696.025,34.56,19.8,9.2,2.115,20.7,4,3.3
AXbIf9u_G70,200m-W,3698.94,0.23,13.2,9.8,0.605,20.9,6,18.7
AXbIf9u_G70,200m-W,3703.555,-15.48,15.3,-7.5,0.525,22.4,12,19.0
AXbIf9u_G70,200m-W,3705.705,-18.87,10.5,-10.0,0.905,13.5,11,20.0
AXbIf9u_G70,200m-W,3712.88,5.67,19.3,4.5,,0.0,0,3.1
AXbIf9u_G70,200m-W,3716.565,19.7,12.1,9.8,1.965,23.2,6,8.0
AXbIf9u_G70,200m-W,3720.33,22.19,14.8,5.5,0.91,24.1,5,4.2
AXbIf9u_G70,200m-W,3722.235,22.36,14.7,4.6,1.205,24.6,7,3.9
AXbIf9u_G70,200m-W,3724.7,-11.29,12.9,-1.2,1.41,22.9,7,20.8
AXbIf9u_G70,200m-W,3726.125,-6.74,8.7,-0.2,0.65,23.6,9,11.0
AXbIf9u_G70,200m-W,3735.94,5.5,8.7,4.2,0.89,24.5,7,3.2
AXbIf9u_G70,200m-W,3739.085,-5.32,10.1,2.9,0.635,22.9,8,12.0
AXbIf9u_G70,200m-W,3750.71,18.04,16.9,-1.3,1.32,21.5,8,2.1
AXbIf9u_G70,200m-W,3753.235,0.04,11.5,-4.9,1.245,25.0,5,15.8
AXbIf9u_G70,200m-W,3756.19,0.04,13.6,-4.2,0.775,26.0,7,1.8
AXbIf9u_G70,200m-W,3757.785,16.53,16.9,-2.1,1.12,24.4,7,2.9
AXbIf9u_G70,200m-W,3775.34,21.82,19.1,-3.5,4.015,26.7,3,3.7
AXbIf9u_G70,200m-W,3777.55,13.85,8.2,4.0,1.49,24.6,3,8.5
AXbIf9u_G70,200m-W,3781.115,28.57,18.7,6.6,1.61,25.9,4,6.0
AXbIf9u_G70,200m-W,3782.335,-6.07,21.6,6.5,0.86,26.4,6,23.2
AXbIf9u_G70,200m-W,3789.82,-22.66,13.2,2.9,0.565,27.9,10,26.4
AXbIf9u_G70,200m-W,3792.975,-1.46,15.3,2.5,0.58,25.7,10,12.5
AXbIf9u_G70,200m-W,3796.635,-15.26,8.0,0.2,0.485,16.1,10,14.8
AXbIf9u_G70,200m-W,3799.015,-10.19,11.2,0.2,1.005,24.4,8,21.4
AXbIf9u_G70,200m-W,3808.085,-11.25,12.5,-78.5,0.86,23.2,10,9.6
NjJAn9hcsv8,200m-M,2.415,-20.95,1.2,-1.5,0.89,24.0,2,17.5
NjJAn9hcsv8,200m-M,6.515,-32.78,2.3,-22.4,0.885,26.9,5,21.1
NjJAn9hcsv8,200m-M,12.475,13.0,65.5,-15.2,4.6,106.8,1,0.0
NjJAn9hcsv8,200m-M,18.305,-79.72,20.2,13.5,4.6,83.4,1,75.2
NjJAn9hcsv8,200m-M,25.62,3.49,8.8,6.9,0.715,22.8,11,7.7
NjJAn9hcsv8,200m-M,53.665,4.8,8.7,-0.5,0.66,21.6,7,3.6
NjJAn9hcsv8,200m-M,55.54,18.26,14.5,1.5,1.235,20.3,8,5.4
NjJAn9hcsv8,200m-M,81.135,6.7,10.8,-7.8,2.69,24.4,1,4.6
NjJAn9hcsv8,200m-M,82.505,-8.24,5.7,-10.4,0.82,22.3,6,2.0
NjJAn9hcsv8,200m-M,86.71,-20.26,12.2,-12.7,0.505,19.9,9,16.3
NjJAn9hcsv8,200m-M,116.48,55.62,29.2,30.4,1.395,12.7,2,4.3
NjJAn9hcsv8,200m-M,117.61,12.44,11.4,30.4,3.18,27.8,1,21.6
NjJAn9hcsv8,200m-M,140.41,-3.54,11.0,-3.9,0.755,14.6,9,1.8
NjJAn9hcsv8,200m-M,150.895,13.27,10.0,1.4,1.01,24.0,11,2.5
NjJAn9hcsv8,200m-M,152.54,-18.37,9.6,-0.4,0.52,23.5,11,22.4
NjJAn9hcsv8,200m-M,154.545,4.16,12.0,1.8,0.745,24.0,9,6.1
NjJAn9hcsv8,200m-M,156.96,-1.02,5.1,1.5,0.81,23.8,9,3.2
NjJAn9hcsv8,200m-M,184.225,9.16,11.3,5.2,0.85,19.5,7,5.8
NjJAn9hcsv8,200m-M,188.89,-1.62,7.1,1.1,0.745,19.7,8,7.3
NjJAn9hcsv8,200m-M,195.21,11.94,5.8,3.7,1.705,17.8,5,5.1
NjJAn9hcsv8,200m-M,202.725,-0.76,7.5,0.4,0.66,21.1,12,0.4
NjJAn9hcsv8,200m-M,206.03,3.12,11.7,0.8,0.745,21.6,9,3.9
NjJAn9hcsv8,200m-M,218.015,9.46,8.5,1.1,1.155,17.0,8,5.4
NjJAn9hcsv8,200m-M,230.47,15.32,14.0,-3.1,1.24,21.6,8,2.0
NjJAn9hcsv8,200m-M,232.485,-22.39,9.9,-2.2,0.59,24.3,9,22.0
NjJAn9hcsv8,200m-M,234.27,13.39,12.0,-0.3,1.13,26.6,9,4.9
NjJAn9hcsv8,200m-M,236.68,11.48,9.4,2.1,2.01,25.1,5,7.5
NjJAn9hcsv8,200m-M,242.615,13.49,8.0,-0.5,1.395,22.4,8,6.3
NjJAn9hcsv8,200m-M,245.14,-6.05,7.1,-1.9,0.61,22.3,10,12.9
NjJAn9hcsv8,200m-M,250.68,6.34,6.8,-2.8,2.05,15.4,6,5.5
NjJAn9hcsv8,200m-M,251.59,-4.3,8.5,-2.0,0.74,20.0,6,8.2
NjJAn9hcsv8,200m-M,253.315,-3.49,9.1,-2.0,0.68,21.4,4,8.4
NjJAn9hcsv8,200m-M,255.37,10.92,6.8,1.3,1.205,23.1,10,2.9
NjJAn9hcsv8,200m-M,256.67,15.94,13.3,3.2,1.135,22.4,8,1.9
NjJAn9hcsv8,200m-M,257.98,20.48,9.1,4.1,1.285,26.0,6,3.8
NjJAn9hcsv8,200m-M,268.27,15.09,13.7,2.4,1.82,22.0,8,7.1
NjJAn9hcsv8,200m-M,276.315,4.67,9.2,1.3,0.67,19.4,11,5.0
NjJAn9hcsv8,200m-M,281.91,9.72,9.3,-0.7,1.06,20.3,9,3.5
NjJAn9hcsv8,200m-M,282.83,7.05,6.3,-1.5,0.925,19.6,7,3.3
NjJAn9hcsv8,200m-M,283.955,2.98,11.7,-1.4,0.755,17.7,5,4.7
NjJAn9hcsv8,200m-M,290.315,17.01,14.4,1.5,1.79,15.8,6,3.4
NjJAn9hcsv8,200m-M,297.49,-2.17,9.2,-0.9,0.855,21.4,8,6.6
NjJAn9hcsv8,200m-M,300.715,-16.24,5.8,-2.5,0.63,21.5,9,14.2
NjJAn9hcsv8,200m-M,312.705,15.82,8.0,2.9,1.085,22.3,7,1.2
NjJAn9hcsv8,200m-M,318.685,8.64,19.1,-0.1,0.745,25.6,10,0.5
NjJAn9hcsv8,200m-M,321.195,1.52,11.6,0.4,1.17,25.0,9,14.0
NjJAn9hcsv8,200m-M,323.835,12.84,20.0,-1.3,0.785,28.1,8,2.0
NjJAn9hcsv8,200m-M,332.775,16.93,15.1,-1.8,1.18,25.2,7,1.7
NjJAn9hcsv8,200m-M,337.7,20.6,17.2,-3.4,1.23,35.1,8,4.1
NjJAn9hcsv8,200m-M,344.11,12.45,14.9,-5.3,1.86,28.6,7,3.3
NjJAn9hcsv8,200m-M,345.95,14.2,19.8,-11.8,1.715,34.9,4,5.1
NjJAn9hcsv8,200m-M,350.825,25.87,14.1,4.6,1.055,24.4,8,3.0
NjJAn9hcsv8,200m-M,355.265,55.87,29.0,22.5,2.125,20.3,5,3.7
NjJAn9hcsv8,200m-M,356.51,11.32,13.3,18.7,3.37,20.2,3,18.4
NjJAn9hcsv8,200m-M,360.9,-22.28,11.7,10.7,,0.0,0,22.4
NjJAn9hcsv8,200m-M,363.395,-24.46,10.7,5.6,,0.0,0,20.5
NjJAn9hcsv8,200m-M,365.58,11.08,10.9,-1.5,0.985,20.8,7,5.8
NjJAn9hcsv8,200m-M,368.62,9.28,11.3,-4.5,1.265,19.9,9,4.3
NjJAn9hcsv8,200m-M,372.89,5.63,7.3,-3.6,2.03,19.6,6,4.8
NjJAn9hcsv8,200m-M,377.955,0.93,9.0,0.8,0.77,12.9,5,3.1
NjJAn9hcsv8,200m-M,382.485,12.07,10.9,-3.5,1.795,16.1,7,1.0
NjJAn9hcsv8,200m-M,385.32,-4.68,11.7,-3.1,0.69,19.7,6,8.2
NjJAn9hcsv8,200m-M,390.285,17.71,10.9,4.5,2.38,22.9,5,2.7
NjJAn9hcsv8,200m-M,391.33,4.7,10.1,5.3,0.695,22.0,4,8.2
NjJAn9hcsv8,200m-M,394.81,18.36,10.1,5.0,0.975,24.0,10,3.8
NjJAn9hcsv8,200m-M,402.23,12.41,11.8,0.5,1.705,21.1,6,7.2
NjJAn9hcsv8,200m-M,406.825,-12.39,6.9,-0.1,0.76,19.9,8,14.2
NjJAn9hcsv8,200m-M,407.68,6.97,14.2,0.1,0.845,20.7,8,5.4
NjJAn9hcsv8,200m-M,414.02,14.58,13.6,0.4,1.085,18.3,7,1.8
NjJAn9hcsv8,200m-M,419.985,11.01,13.3,-6.0,1.15,23.0,10,2.4
NjJAn9hcsv8,200m-M,423.6,13.76,10.6,-2.0,1.265,23.3,10,2.9
NjJAn9hcsv8,200m-M,424.88,1.24,13.5,-0.6,0.65,18.9,10,4.8
NjJAn9hcsv8,200m-M,428.595,19.45,8.4,6.6,2.175,22.1,7,5.7
NjJAn9hcsv8,200m-M,429.96,7.22,8.2,3.5,1.0,26.6,5,11.0
NjJAn9hcsv8,200m-M,434.095,-9.16,15.7,-0.1,0.725,24.9,8,18.1
NjJAn9hcsv8,200m-M,444.4,17.43,10.6,6.0,2.16,21.6,6,4.8
NjJAn9hcsv8,200m-M,448.005,-0.88,9.8,10.4,0.435,18.8,8,14.8
NjJAn9hcsv8,200m-M,472.5,12.75,4.8,2.2,1.06,28.4,8,5.1
NjJAn9hcsv8,200m-M,483.395,10.6,10.2,0.5,1.03,14.8,5,6.7
NjJAn9hcsv8,200m-M,486.74,17.68,12.6,4.8,1.88,23.3,5,7.1
NjJAn9hcsv8,200m-M,498.035,-24.76,7.5,-1.7,0.595,22.9,10,20.4
NjJAn9hcsv8,200m-M,499.31,-20.31,4.2,-1.7,0.735,26.0,9,19.4
NjJAn9hcsv8,200m-M,513.635,17.16,12.8,3.5,1.33,31.4,11,5.2
NjJAn9hcsv8,200m-M,518.025,-23.88,12.7,-0.8,0.48,27.8,9,23.5
NjJAn9hcsv8,200m-M,521.365,-8.11,9.4,-2.1,1.75,26.4,8,18.8
NjJAn9hcsv8,200m-M,531.635,14.44,14.6,2.9,1.475,28.4,7,8.8
NjJAn9hcsv8,200m-M,537.555,-2.86,7.7,-0.1,2.61,24.0,6,13.3
NjJAn9hcsv8,200m-M,548.22,9.47,5.9,2.8,1.54,19.0,7,3.5
NjJAn9hcsv8,200m-M,562.57,14.9,8.5,0.6,1.02,25.8,6,4.9
NjJAn9hcsv8,200m-M,570.325,11.24,17.2,4.0,0.705,24.1,7,7.2
NjJAn9hcsv8,200m-M,577.385,21.73,16.6,-1.4,1.675,23.8,9,4.2
NjJAn9hcsv8,200m-M,583.79,-2.96,16.1,-4.6,0.76,16.6,10,8.2
NjJAn9hcsv8,200m-M,586.105,6.03,2.5,-2.8,1.025,22.9,7,3.9
NjJAn9hcsv8,200m-M,597.305,22.08,22.1,-5.2,1.775,24.4,5,5.1
NjJAn9hcsv8,200m-M,601.22,7.23,5.7,-13.1,1.545,27.1,4,4.1
NjJAn9hcsv8,200m-M,605.07,20.93,25.5,-11.6,2.425,24.9,6,1.8
NjJAn9hcsv8,200m-M,606.845,-41.42,10.1,-10.9,0.815,33.0,5,29.1
NjJAn9hcsv8,200m-M,609.18,9.32,5.1,-10.9,1.84,22.9,6,2.4
NjJAn9hcsv8,200m-M,610.895,2.56,20.4,-4.0,0.575,28.1,7,7.9
NjJAn9hcsv8,200m-M,613.955,29.39,25.7,-1.6,3.075,37.9,4,1.9
NjJAn9hcsv8,200m-M,615.31,-28.23,8.2,-4.4,0.73,32.5,4,26.4
NjJAn9hcsv8,200m-M,617.26,7.02,5.5,-5.0,1.94,35.1,5,2.4
NjJAn9hcsv8,200m-M,633.565,52.85,27.3,28.0,1.41,12.3,2,5.1
NjJAn9hcsv8,200m-M,637.925,15.56,19.3,26.1,4.36,41.4,1,20.8
NjJAn9hcsv8,200m-M,647.67,17.99,21.9,-0.1,0.86,25.8,11,3.6
NjJAn9hcsv8,200m-M,659.505,5.72,11.6,-14.1,2.93,28.4,6,3.9
NjJAn9hcsv8,200m-M,661.07,-2.81,14.5,-14.1,0.695,28.9,4,8.1
NjJAn9hcsv8,200m-M,670.085,0.46,15.1,10.9,,0.0,0,8.9
NjJAn9hcsv8,200m-M,671.81,13.19,9.7,7.5,0.865,28.9,3,6.0
NjJAn9hcsv8,200m-M,675.405,16.25,14.0,6.0,1.68,28.4,7,10.9
NjJAn9hcsv8,200m-M,685.27,27.87,19.0,11.3,1.82,19.6,6,7.7
NjJAn9hcsv8,200m-M,691.325,23.58,11.0,4.5,1.06,30.6,8,4.5
NjJAn9hcsv8,200m-M,696.91,12.24,6.8,-0.8,2.07,30.9,4,3.7
NjJAn9hcsv8,200m-M,712.1,4.23,11.3,4.8,0.815,27.2,3,10.6
NjJAn9hcsv8,200m-M,713.6,20.77,12.6,6.5,0.94,23.6,5,6.4
NjJAn9hcsv8,200m-M,733.815,24.79,13.5,6.8,1.155,29.9,6,3.3
NjJAn9hcsv8,200m-M,734.75,21.96,7.2,6.9,0.94,28.5,6,2.6
NjJAn9hcsv8,200m-M,739.525,20.84,14.9,9.9,1.105,12.5,8,6.1
NjJAn9hcsv8,200m-M,745.085,10.19,18.8,6.5,0.62,13.7,7,1.1
NjJAn9hcsv8,200m-M,746.82,-0.91,8.8,4.6,0.875,30.0,8,9.9
NjJAn9hcsv8,200m-M,758.91,5.35,17.6,-1.5,0.795,31.7,12,2.8
NjJAn9hcsv8,200m-M,761.045,25.8,24.5,0.7,1.375,33.7,9,1.2
NjJAn9hcsv8,200m-M,771.23,-14.82,7.0,-0.3,0.655,36.6,10,16.1
NjJAn9hcsv8,200m-M,772.8,9.45,17.2,-1.1,0.705,33.1,10,4.6
NjJAn9hcsv8,200m-M,778.125,-8.3,6.4,-0.7,0.735,35.9,12,10.3
NjJAn9hcsv8,200m-M,783.415,-3.73,9.8,10.4,3.095,37.0,4,23.5
NjJAn9hcsv8,200m-M,785.585,-8.14,12.1,10.7,4.6,29.7,1,19.9
NjJAn9hcsv8,200m-M,803.095,-12.3,7.0,-11.6,0.71,19.1,10,-0.8
NjJAn9hcsv8,200m-M,810.345,-6.74,6.7,-7.3,0.895,22.8,6,2.5
NjJAn9hcsv8,200m-M,813.28,7.58,9.6,-1.7,2.325,20.0,3,3.7
NjJAn9hcsv8,200m-M,817.545,21.0,14.1,5.8,1.48,21.2,8,5.6
NjJAn9hcsv8,200m-M,822.07,-17.74,10.7,1.0,0.685,23.6,9,20.7
NjJAn9hcsv8,200m-M,825.89,-4.19,18.3,-5.2,0.595,23.5,10,13.0
NjJAn9hcsv8,200m-M,827.2,11.07,13.0,-3.7,0.98,17.6,9,2.5
NjJAn9hcsv8,200m-M,828.005,1.81,12.6,-2.5,0.765,22.0,8,3.0
NjJAn9hcsv8,200m-M,831.3,15.33,12.5,-2.4,1.19,18.9,7,5.2
NjJAn9hcsv8,200m-M,835.77,17.95,14.0,3.4,2.275,13.8,4,7.4
NjJAn9hcsv8,200m-M,838.7,7.16,14.9,-0.5,0.655,21.5,6,2.3
NjJAn9hcsv8,200m-M,843.35,6.08,10.9,1.4,0.81,21.8,8,3.5
NjJAn9hcsv8,200m-M,846.02,9.1,12.2,2.1,0.845,22.6,8,2.2
NjJAn9hcsv8,200m-M,848.765,17.61,13.6,2.7,2.285,23.8,5,6.3
NjJAn9hcsv8,200m-M,853.52,-13.72,9.7,-4.5,0.62,16.3,11,11.2
NjJAn9hcsv8,200m-M,860.54,5.15,11.0,2.4,0.76,22.8,1,0.2
NjJAn9hcsv8,200m-M,864.265,4.46,6.9,4.3,0.7,21.5,7,3.7
NjJAn9hcsv8,200m-M,871.46,-17.25,12.4,-1.8,0.54,22.2,7,17.8
NjJAn9hcsv8,200m-M,872.605,-1.78,8.0,-1.0,0.68,22.2,9,3.8
NjJAn9hcsv8,200m-M,874.885,16.8,10.2,2.0,1.355,23.7,8,3.1
NjJAn9hcsv8,200m-M,886.055,14.55,11.9,2.8,0.985,18.3,5,6.5
NjJAn9hcsv8,200m-M,888.45,13.09,9.1,1.4,1.025,17.7,5,1.6
NjJAn9hcsv8,200m-M,890.64,-15.74,6.9,0.2,0.47,17.3,8,15.6
NjJAn9hcsv8,200m-M,898.195,2.08,10.7,-9.5,1.17,22.2,10,3.5
NjJAn9hcsv8,200m-M,905.71,7.09,7.4,4.4,4.395,20.8,1,2.9
NjJAn9hcsv8,200m-M,906.895,14.49,3.3,6.7,0.915,21.7,2,4.0
NjJAn9hcsv8,200m-M,910.025,17.14,13.8,7.7,0.72,21.1,9,0.5
NjJAn9hcsv8,200m-M,913.205,22.84,11.3,8.1,1.205,24.8,8,2.7
NjJAn9hcsv8,200m-M,917.98,-6.87,4.7,-1.9,0.785,28.7,9,8.7
NjJAn9hcsv8,200m-M,920.325,9.92,15.6,0.9,0.935,13.1,8,8.2
NjJAn9hcsv8,200m-M,922.825,8.31,15.7,0.3,0.735,25.8,7,4.1
NjJAn9hcsv8,200m-M,924.21,-18.68,12.5,1.9,0.74,25.9,8,21.0
NjJAn9hcsv8,200m-M,946.84,-1.89,9.8,0.3,4.6,23.1,1,7.4
NjJAn9hcsv8,200m-M,953.17,-4.47,4.0,-0.5,0.81,16.3,6,4.2
NjJAn9hcsv8,200m-M,959.355,-10.86,8.9,-4.6,0.785,17.8,6,10.6
NjJAn9hcsv8,200m-M,970.715,14.87,7.5,3.4,1.96,22.3,7,5.9
NjJAn9hcsv8,200m-M,977.68,17.89,7.8,5.5,1.635,18.3,5,1.5
NjJAn9hcsv8,200m-M,980.08,-18.35,10.4,1.5,0.695,24.0,9,21.5
NjJAn9hcsv8,200m-M,983.62,-2.03,18.4,-4.4,2.145,27.5,7,18.8
NjJAn9hcsv8,200m-M,984.57,22.02,21.1,-3.9,0.99,27.9,7,-1.1
NjJAn9hcsv8,200m-M,988.94,5.38,8.1,-6.5,1.225,26.4,7,2.3
NjJAn9hcsv8,200m-M,991.335,25.08,20.1,-2.3,1.525,33.4,4,0.8
NjJAn9hcsv8,200m-M,994.82,16.42,22.0,-4.7,1.26,21.1,7,-0.0
NjJAn9hcsv8,200m-M,996.285,-11.68,21.7,-3.7,0.595,34.9,9,16.8
NjJAn9hcsv8,200m-M,999.555,-2.93,6.6,-1.0,0.575,23.3,10,4.2
NjJAn9hcsv8,200m-M,1002.675,22.55,12.3,5.1,2.035,34.5,7,2.9
NjJAn9hcsv8,200m-M,1005.035,-18.36,2.9,0.0,1.035,32.2,6,27.3
NjJAn9hcsv8,200m-M,1007.75,-10.09,14.0,-1.9,1.43,31.8,9,23.6
NjJAn9hcsv8,200m-M,1012.34,-2.17,13.9,-8.5,1.08,36.4,7,11.2
NjJAn9hcsv8,200m-M,1015.315,7.31,18.7,-4.5,0.79,35.8,7,5.1
NjJAn9hcsv8,200m-M,1019.44,48.29,31.6,13.9,2.0,27.3,2,4.7
NjJAn9hcsv8,200m-M,1021.08,16.92,20.9,13.4,3.64,27.2,1,18.9
NjJAn9hcsv8,200m-M,1023.38,-9.96,6.4,10.5,3.95,43.4,1,26.6
NjJAn9hcsv8,200m-M,1028.525,-10.98,11.6,5.5,,0.0,0,13.0
NjJAn9hcsv8,200m-M,1032.85,9.66,11.5,2.9,0.9,19.2,7,4.5
NjJAn9hcsv8,200m-M,1036.995,15.47,10.2,2.1,1.115,19.6,7,4.6
NjJAn9hcsv8,200m-M,1039.605,19.02,11.2,4.7,1.89,18.1,4,6.1
NjJAn9hcsv8,200m-M,1042.84,11.79,10.4,-0.9,0.91,17.6,6,3.7
NjJAn9hcsv8,200m-M,1046.445,-5.42,9.0,-4.3,0.875,16.6,10,0.7
NjJAn9hcsv8,200m-M,1049.71,11.24,12.8,-2.2,1.695,20.1,7,0.7
NjJAn9hcsv8,200m-M,1052.415,-10.98,11.5,-3.2,0.565,14.4,7,9.6
NjJAn9hcsv8,200m-M,1054.13,7.52,11.4,-1.9,1.2,20.7,8,7.9
NjJAn9hcsv8,200m-M,1056.175,14.88,13.1,0.5,1.275,21.3,6,3.5
NjJAn9hcsv8,200m-M,1062.135,-1.26,6.6,-0.1,0.75,17.4,11,2.4
NjJAn9hcsv8,200m-M,1064.465,12.32,6.9,-0.4,1.52,22.1,6,4.3
NjJAn9hcsv8,200m-M,1072.275,8.89,6.1,-1.2,1.255,18.9,10,5.8
NjJAn9hcsv8,200m-M,1074.28,-4.01,3.9,0.4,0.63,22.8,7,8.2
NjJAn9hcsv8,200m-M,1076.495,-5.12,1.7,0.4,0.79,20.5,7,6.6
NjJAn9hcsv8,200m-M,1078.4,19.88,9.6,3.7,1.52,22.3,5,3.9
NjJAn9hcsv8,200m-M,1081.335,-3.45,11.2,3.3,0.77,22.7,8,11.0
NjJAn9hcsv8,200m-M,1084.435,-17.19,10.4,3.0,0.605,22.1,10,20.5
NjJAn9hcsv8,200m-M,1087.16,-18.71,12.7,3.9,0.465,24.0,11,21.8
NjJAn9hcsv8,200m-M,1089.185,-14.56,4.9,4.1,0.815,23.2,10,19.1
NjJAn9hcsv8,200m-M,1090.615,17.74,14.8,3.9,1.22,15.4,10,4.6
NjJAn9hcsv8,200m-M,1100.5,-8.15,11.7,-0.3,1.565,20.4,8,17.9
NjJAn9hcsv8,200m-M,1102.175,1.53,11.1,-1.8,0.95,22.6,9,10.5
NjJAn9hcsv8,200m-M,1115.55,14.79,19.2,1.5,0.765,21.8,10,2.9
NjJAn9hcsv8,200m-M,1127.2,10.32,21.2,-0.6,0.835,25.7,10,0.9
NjJAn9hcsv8,200m-M,1131.26,-26.52,12.6,-0.9,0.775,24.9,9,24.8
NjJAn9hcsv8,200m-M,1137.095,8.1,6.3,1.0,1.335,26.5,8,6.5
NjJAn9hcsv8,200m-M,1141.13,-18.0,11.3,-8.8,0.545,23.9,8,16.1
NjJAn9hcsv8,200m-M,1143.31,-40.49,1.7,-7.4,0.645,26.1,8,24.3
NjJAn9hcsv8,200m-M,1149.805,21.45,12.0,5.2,3.79,25.0,3,3.8
NjJAn9hcsv8,200m-M,1152.585,2.18,6.8,4.1,1.19,28.2,5,17.3
NjJAn9hcsv8,200m-M,1176.435,9.5,13.4,-1.4,1.225,16.2,9,3.8
NjJAn9hcsv8,200m-M,1178.455,17.29,13.5,0.2,0.945,21.3,9,3.5
NjJAn9hcsv8,200m-M,1190.125,4.94,5.8,-3.5,1.08,23.6,6,4.2
NjJAn9hcsv8,200m-M,1195.98,15.91,12.3,2.1,1.295,26.2,5,1.7
NjJAn9hcsv8,200m-M,1202.185,3.68,3.6,1.2,1.49,23.9,7,9.5
NjJAn9hcsv8,200m-M,1222.66,21.84,18.4,2.6,1.17,24.0,4,7.8
NjJAn9hcsv8,200m-M,1230.22,23.24,24.6,3.7,1.885,18.4,6,-0.6
NjJAn9hcsv8,200m-M,1233.34,16.08,10.3,0.1,0.99,33.3,5,5.1
NjJAn9hcsv8,200m-M,1235.455,0.62,20.7,0.7,0.705,31.0,6,15.6
NjJAn9hcsv8,200m-M,1238.345,-15.46,8.6,0.5,1.24,34.7,6,27.3
NjJAn9hcsv8,200m-M,1239.7,-10.79,18.8,-0.6,0.41,21.3,8,21.3
NjJAn9hcsv8,200m-M,1241.77,-4.56,1.8,-1.3,0.835,29.1,8,1.0
NjJAn9hcsv8,200m-M,1243.62,18.07,18.2,-0.9,0.98,36.7,7,0.5
NjJAn9hcsv8,200m-M,1248.98,10.72,15.8,-6.5,1.36,37.0,8,4.2
NjJAn9hcsv8,200m-M,1252.13,1.89,16.5,-3.9,0.88,37.6,7,11.3
NjJAn9hcsv8,200m-M,1253.405,9.9,7.1,-1.5,1.255,38.4,6,3.7
NjJAn9hcsv8,200m-M,1257.365,44.99,27.0,10.6,1.795,30.9,5,4.6
NjJAn9hcsv8,200m-M,1260.075,-9.23,13.2,16.2,4.505,30.6,1,27.9
NjJAn9hcsv8,200m-M,1278.365,-8.24,12.1,-0.6,0.78,19.7,8,16.1
NjJAn9hcsv8,200m-M,1283.865,-24.52,10.0,-8.4,0.475,22.1,9,18.9
NjJAn9hcsv8,200m-M,1286.655,4.19,14.8,-9.2,0.91,21.7,8,-0.4
NjJAn9hcsv8,200m-M,1291.36,7.76,11.6,-5.8,1.575,24.7,9,2.6
NjJAn9hcsv8,200m-M,1292.485,-21.61,7.7,-5.8,2.7,24.8,5,24.4
NjJAn9hcsv8,200m-M,1295.705,-6.58,9.6,0.7,1.625,22.3,5,19.1
NjJAn9hcsv8,200m-M,1301.055,-15.2,1.0,2.9,0.4,12.4,10,15.3
NjJAn9hcsv8,200m-M,1312.77,12.76,18.1,-7.1,1.145,23.8,12,3.4
NjJAn9hcsv8,200m-M,1317.79,29.8,20.5,2.9,2.69,27.0,5,6.7
NjJAn9hcsv8,200m-M,1323.515,13.18,10.2,4.8,1.455,27.1,9,9.8
NjJAn9hcsv8,200m-M,1331.395,14.62,11.8,1.2,0.955,22.2,10,0.8
NjJAn9hcsv8,200m-M,1337.46,9.15,4.4,0.3,0.98,18.7,9,5.9
NjJAn9hcsv8,200m-M,1341.745,14.47,12.0,0.1,1.11,21.4,7,2.0
NjJAn9hcsv8,200m-M,1347.135,22.0,18.8,-2.0,0.97,23.7,7,0.7
NjJAn9hcsv8,200m-M,1350.675,9.94,16.1,-8.5,0.915,21.9,9,2.2
NjJAn9hcsv8,200m-M,1352.66,-3.33,17.9,-3.9,0.85,28.7,9,10.4
NjJAn9hcsv8,200m-M,1354.15,21.14,16.2,-2.1,1.495,30.2,7,2.7
NjJAn9hcsv8,200m-M,1365.93,11.62,14.0,-6.5,0.97,26.4,11,5.9
NjJAn9hcsv8,200m-M,1367.585,9.2,14.1,-5.7,1.655,27.5,7,5.3
NjJAn9hcsv8,200m-M,1372.9,16.18,12.2,0.1,1.97,27.6,6,5.7
NjJAn9hcsv8,200m-M,1374.845,19.91,3.8,7.2,1.46,27.4,5,2.5
NjJAn9hcsv8,200m-M,1376.28,26.39,15.9,8.2,1.105,27.5,4,1.0
NjJAn9hcsv8,200m-M,1384.98,1.19,8.8,3.5,1.165,22.0,5,14.6
NjJAn9hcsv8,200m-M,1393.435,10.21,4.8,0.9,1.01,19.0,6,2.2
NjJAn9hcsv8,200m-M,1394.82,5.89,12.4,1.5,0.765,21.5,6,4.5
NjJAn9hcsv8,200m-M,1397.68,-15.82,12.3,-0.4,0.615,20.5,7,17.2
NjJAn9hcsv8,200m-M,1400.8,1.43,13.4,0.8,0.665,22.9,8,8.5
NjJAn9hcsv8,200m-M,1410.21,12.82,9.2,2.5,1.185,24.5,5,7.1
NjJAn9hcsv8,200m-M,1411.26,4.48,10.7,3.5,0.66,15.5,7,4.5
NjJAn9hcsv8,200m-M,1413.79,2.26,7.5,3.1,0.88,23.0,8,3.3
NjJAn9hcsv8,200m-M,1415.375,4.52,9.0,4.4,0.865,24.0,9,6.8
NjJAn9hcsv8,200m-M,1424.68,0.91,8.1,-7.8,1.51,18.7,4,1.8
NjJAn9hcsv8,200m-M,1428.715,6.2,9.8,-3.5,1.0,20.3,2,1.4
NjJAn9hcsv8,200m-M,1434.1,18.83,12.2,2.4,1.625,19.4,8,3.4
NjJAn9hcsv8,200m-M,1440.465,13.8,10.7,-0.1,0.935,21.6,15,1.0
NjJAn9hcsv8,200m-M,1447.345,8.99,15.0,0.1,0.835,25.5,10,1.0
NjJAn9hcsv8,200m-M,1449.275,-11.88,13.4,1.1,0.685,21.0,8,17.8
NjJAn9hcsv8,200m-M,1451.585,20.63,18.6,1.4,1.32,29.4,4,2.7
NjJAn9hcsv8,200m-M,1460.46,16.71,16.1,-23.4,1.0,35.4,10,-0.8
NjJAn9hcsv8,200m-M,1462.38,4.31,1.5,-22.4,1.475,37.1,7,2.1
NjJAn9hcsv8,200m-M,1463.57,2.76,7.1,-21.8,2.665,38.8,5,2.9
NjJAn9hcsv8,200m-M,1465.59,-19.49,9.6,-18.7,0.455,24.8,7,13.1
NjJAn9hcsv8,200m-M,1468.9,5.83,1.7,-5.3,2.34,21.3,7,3.4
NjJAn9hcsv8,200m-M,1473.4,12.68,15.6,18.5,,0.0,0,4.0
NjJAn9hcsv8,200m-M,1476.665,23.59,13.7,17.0,0.8,32.3,5,6.9
NjJAn9hcsv8,200m-M,1478.665,-3.25,3.4,17.7,1.185,30.3,8,27.6
NjJAn9hcsv8,200m-M,1482.57,26.68,12.9,11.2,1.045,32.9,8,3.5
NjJAn9hcsv8,200m-M,1485.19,51.36,34.5,13.5,1.86,33.8,5,2.3
NjJAn9hcsv8,200m-M,1487.225,-8.13,9.5,15.3,3.895,33.5,3,28.7
NjJAn9hcsv8,200m-M,1492.5,-44.27,5.0,10.8,,0.0,0,32.9
NjJAn9hcsv8,200m-M,1528.465,1.65,5.2,-6.3,1.11,15.4,8,3.3
NjJAn9hcsv8,200m-M,1529.86,1.5,8.0,-5.7,0.965,14.4,5,0.6
NjJAn9hcsv8,200m-M,1533.17,5.99,9.7,-5.2,1.38,15.9,5,1.1
NjJAn9hcsv8,200m-M,1535.38,6.03,7.5,-1.8,1.53,18.4,6,1.5
NjJAn9hcsv8,200m-M,1536.19,-8.22,4.3,-0.8,2.34,18.7,5,17.1
NjJAn9hcsv8,200m-M,1543.975,12.28,11.2,0.8,0.95,18.5,6,2.4
NjJAn9hcsv8,200m-M,1546.955,-18.31,7.9,-2.0,0.68,20.1,8,16.4
NjJAn9hcsv8,200m-M,1549.205,13.62,10.1,-1.8,1.01,22.7,8,4.4
NjJAn9hcsv8,200m-M,1556.535,21.34,12.2,8.0,1.515,19.1,6,3.8
NjJAn9hcsv8,200m-M,1565.325,-9.13,11.3,1.0,0.575,24.0,10,13.6
NjJAn9hcsv8,200m-M,1574.24,8.36,11.7,1.1,1.41,17.1,10,7.2
NjJAn9hcsv8,200m-M,1578.41,-4.16,6.9,-1.1,0.83,16.9,4,8.5
NjJAn9hcsv8,200m-M,1587.03,-6.73,12.8,1.4,0.735,24.0,7,15.0
NjJAn9hcsv8,200m-M,1599.03,-24.11,10.0,-2.5,0.63,25.0,11,20.6
NjJAn9hcsv8,200m-M,1602.175,22.78,13.6,3.0,1.21,24.1,9,2.0
NjJAn9hcsv8,200m-M,1603.49,13.41,6.6,4.3,1.09,15.6,7,4.4
NjJAn9hcsv8,200m-M,1605.475,-9.46,15.0,4.5,0.72,20.7,5,19.3
NjJAn9hcsv8,200m-M,1617.895,22.39,63.0,-0.6,4.6,89.2,1,0.0
NjJAn9hcsv8,200m-M,1619.385,-71.26,19.1,5.1,1.5,75.1,2,71.5
NjJAn9hcsv8,200m-M,1624.115,-105.58,5.7,10.2,,0.0,0,73.8
NjJAn9hcsv8,200m-M,1628.075,-15.29,8.4,4.0,0.85,23.9,8,22.3
NjJAn9hcsv8,200m-M,1642.84,19.5,13.6,1.3,1.575,21.6,8,5.3
NjJAn9hcsv8,200m-M,1665.38,15.97,11.4,3.4,1.665,23.9,5,7.7
NjJAn9hcsv8,200m-M,1696.795,12.5,13.6,-1.7,1.02,15.3,8,1.7
NjJAn9hcsv8,200m-M,1710.1,22.29,19.9,-0.2,2.135,28.1,7,1.4
NjJAn9hcsv8,200m-M,1714.77,7.45,17.4,-1.5,1.27,20.5,5,14.6
NjJAn9hcsv8,200m-M,1720.13,10.73,19.7,-14.4,0.965,24.7,9,1.5
NjJAn9hcsv8,200m-M,1727.32,14.23,16.3,9.2,4.455,25.5,1,4.4
NjJAn9hcsv8,200m-M,1730.67,-5.95,17.1,10.0,0.73,27.4,8,23.9
NjJAn9hcsv8,200m-M,1732.565,23.76,13.3,10.8,0.95,35.0,10,7.6
NjJAn9hcsv8,200m-M,1733.755,5.53,7.6,11.3,0.57,32.7,9,11.9
NjJAn9hcsv8,200m-M,1745.025,53.56,30.4,16.2,2.11,26.2,6,2.8
NjJAn9hcsv8,200m-M,1769.96,-22.81,7.1,-9.6,0.615,17.5,8,14.7
NjJAn9hcsv8,200m-M,1779.03,13.5,8.0,0.8,2.245,20.3,6,5.7
NjJAn9hcsv8,200m-M,1811.64,24.65,16.3,8.0,1.83,18.5,8,0.8
NjJAn9hcsv8,200m-M,1818.14,21.81,15.1,2.9,1.03,23.6,7,1.5
NjJAn9hcsv8,200m-M,1826.85,3.52,8.7,-3.0,1.085,22.4,12,8.3
NjJAn9hcsv8,200m-M,1827.88,-23.44,6.9,-2.8,0.415,22.5,11,19.6
NjJAn9hcsv8,200m-M,1836.05,8.44,8.2,2.2,2.31,13.2,5,1.3
NjJAn9hcsv8,200m-M,1857.04,-19.94,6.3,-4.3,0.62,22.8,8,15.8
NjJAn9hcsv8,200m-M,1858.585,13.15,8.5,-0.6,1.36,24.0,7,0.8
NjJAn9hcsv8,200m-M,1874.75,12.93,10.9,3.2,0.905,17.3,4,9.2
NjJAn9hcsv8,200m-M,1887.825,-0.87,2.7,-0.9,0.97,18.4,7,9.2
NjJAn9hcsv8,200m-M,1895.16,5.46,8.3,-4.7,0.955,19.1,5,-0.9
NjJAn9hcsv8,200m-M,1898.46,-1.68,7.3,-1.8,0.65,14.7,8,3.4
NjJAn9hcsv8,200m-M,1900.21,17.18,16.2,0.8,1.425,12.5,7,1.7
NjJAn9hcsv8,200m-M,1901.26,16.09,9.5,2.3,1.06,22.8,5,2.7
NjJAn9hcsv8,200m-M,1904.41,0.16,7.8,4.5,0.655,14.3,8,7.8
NjJAn9hcsv8,200m-M,1929.42,8.72,10.5,-4.2,1.745,21.6,5,2.5
NjJAn9hcsv8,200m-M,1932.795,20.66,17.2,-0.8,1.745,24.6,7,0.0
NjJAn9hcsv8,200m-M,1934.365,1.94,11.2,0.6,3.315,24.8,4,14.8
NjJAn9hcsv8,200m-M,1946.075,-14.45,21.9,-1.2,0.665,33.7,9,23.2
NjJAn9hcsv8,200m-M,1950.155,-1.81,17.3,-2.3,0.58,30.6,11,10.8
NjJAn9hcsv8,200m-M,1953.19,7.04,15.0,-1.7,0.82,28.7,8,7.8
NjJAn9hcsv8,200m-M,1957.49,13.55,9.8,0.7,1.315,32.0,7,1.7
NjJAn9hcsv8,200m-M,1961.85,2.14,17.3,0.8,0.58,32.8,6,9.9
NjJAn9hcsv8,200m-M,1967.755,34.76,29.2,6.8,0.705,31.5,8,5.2
NjJAn9hcsv8,200m-M,1985.175,5.78,2.9,0.4,1.14,13.8,7,4.8
NjJAn9hcsv8,200m-M,1994.29,9.89,8.4,-3.8,1.305,13.3,5,1.5
NjJAn9hcsv8,200m-M,1997.105,7.03,7.6,-2.9,1.285,14.5,6,1.5
NjJAn9hcsv8,200m-M,1998.29,-5.21,6.7,-3.8,0.68,17.5,6,1.8
NjJAn9hcsv8,200m-M,2000.86,-2.44,9.2,-3.6,0.805,19.4,5,1.5
NjJAn9hcsv8,200m-M,2001.89,-8.8,6.3,-3.7,1.835,19.5,5,15.8
NjJAn9hcsv8,200m-M,2003.395,11.22,10.9,-3.3,0.945,17.7,8,-0.6
NjJAn9hcsv8,200m-M,2005.385,-6.7,9.0,-2.2,0.54,19.4,8,13.3
NjJAn9hcsv8,200m-M,2007.85,15.1,11.0,1.4,1.645,19.6,6,2.3
NjJAn9hcsv8,200m-M,2012.26,3.54,9.7,1.8,0.805,21.6,6,4.0
NjJAn9hcsv8,200m-M,2018.38,2.19,9.9,1.8,0.855,20.3,11,3.6
NjJAn9hcsv8,200m-M,2022.405,8.65,15.5,0.3,0.75,16.5,7,0.5
NjJAn9hcsv8,200m-M,2036.185,10.04,9.3,1.1,1.16,27.4,11,7.0
NjJAn9hcsv8,200m-M,2062.7,-8.2,10.4,-9.6,0.89,19.5,8,2.8
NjJAn9hcsv8,200m-M,2064.89,-20.65,5.4,-11.2,0.565,15.2,10,10.4
NjJAn9hcsv8,200m-M,2079.635,22.31,6.2,9.5,1.415,22.3,2,6.3
NjJAn9hcsv8,200m-M,2083.515,3.11,13.0,7.8,0.72,21.0,10,14.0
NjJAn9hcsv8,200m-M,2086.265,11.67,11.7,8.0,0.865,20.3,7,3.0
NjJAn9hcsv8,200m-M,2089.215,7.94,11.5,6.8,0.785,20.2,8,3.0
NjJAn9hcsv8,200m-M,2090.945,15.0,14.6,6.2,0.835,21.4,8,3.7
NjJAn9hcsv8,200m-M,2111.17,12.57,8.6,-0.7,0.97,21.7,7,0.6
NjJAn9hcsv8,200m-M,2122.33,12.78,9.8,-1.2,1.325,18.1,8,4.5
NjJAn9hcsv8,200m-M,2129.82,6.75,10.0,5.4,0.815,18.3,5,4.6
NjJAn9hcsv8,200m-M,2145.285,4.8,13.4,-8.2,0.97,20.0,9,1.3
NjJAn9hcsv8,200m-M,2149.73,10.52,11.8,-4.7,0.915,22.2,9,2.2
NjJAn9hcsv8,200m-M,2153.3,18.18,9.1,2.5,2.52,21.9,6,0.7
NjJAn9hcsv8,200m-M,2156.255,-1.11,16.9,-3.0,1.925,30.0,3,18.7
NjJAn9hcsv8,200m-M,2167.925,17.89,8.6,4.0,1.95,31.6,3,2.7
NjJAn9hcsv8,200m-M,2172.595,2.47,12.2,1.8,0.71,31.1,7,14.1
NjJAn9hcsv8,200m-M,2175.86,-34.63,13.6,-2.3,0.56,31.2,9,29.3
NjJAn9hcsv8,200m-M,2182.845,12.1,23.9,-14.0,1.03,33.3,5,7.5
NjJAn9hcsv8,200m-M,2184.355,-35.38,7.6,-13.9,1.12,39.1,8,33.4
NjJAn9hcsv8,200m-M,2187.14,9.4,10.4,0.0,1.26,34.8,7,7.4
NjJAn9hcsv8,200m-M,2192.5,57.67,33.3,23.4,1.83,34.4,2,7.8
NjJAn9hcsv8,200m-M,2223.61,4.66,5.6,-2.0,1.0,16.1,3,3.7
NjJAn9hcsv8,200m-M,2226.365,11.47,9.1,0.0,1.39,17.6,5,4.4
NjJAn9hcsv8,200m-M,2229.89,10.24,9.3,1.0,1.815,17.9,5,3.0
NjJAn9hcsv8,200m-M,2239.295,2.13,11.9,-2.4,0.66,17.1,7,2.4
NjJAn9hcsv8,200m-M,2244.32,13.04,12.2,0.7,1.29,19.4,6,2.2
NjJAn9hcsv8,200m-M,2247.935,15.07,13.2,1.8,1.085,20.9,5,3.0
NjJAn9hcsv8,200m-M,2249.425,1.92,13.1,2.1,1.22,20.0,8,17.0
NjJAn9hcsv8,200m-M,2261.78,23.3,17.3,3.1,2.16,18.4,4,6.1
NjJAn9hcsv8,200m-M,2266.71,15.24,6.6,5.2,1.83,24.1,9,2.6
NjJAn9hcsv8,200m-M,2268.645,19.3,11.1,6.4,1.125,25.8,4,5.3
NjJAn9hcsv8,200m-M,2275.605,6.42,8.4,1.1,1.32,22.8,7,10.1
NjJAn9hcsv8,200m-M,2280.575,8.46,9.4,-0.1,1.045,17.2,7,4.7
NjJAn9hcsv8,200m-M,2287.175,-12.53,8.2,-2.2,0.785,14.2,6,11.7
NjJAn9hcsv8,200m-M,2290.735,11.95,17.8,-7.4,1.1,17.2,8,4.5
NjJAn9hcsv8,200m-M,2292.54,-16.28,13.1,-5.2,0.57,17.8,8,15.1
NjJAn9hcsv8,200m-M,2293.895,-14.42,12.0,-3.4,1.135,23.5,9,23.9
NjJAn9hcsv8,200m-M,2295.985,-10.22,13.1,-4.2,1.07,26.9,8,21.2
NjJAn9hcsv8,200m-M,2297.155,-28.66,9.8,-5.4,0.73,25.4,9,24.9
NjJAn9hcsv8,200m-M,2300.11,13.56,11.4,-0.2,2.055,23.4,7,7.9
NjJAn9hcsv8,200m-M,2305.415,-12.9,6.7,-0.9,0.685,19.5,8,12.9
NjJAn9hcsv8,200m-M,2306.63,-3.52,10.6,-1.2,0.9,18.6,5,10.6
NjJAn9hcsv8,200m-M,2308.88,-2.99,5.9,-1.8,0.85,16.8,6,2.8
NjJAn9hcsv8,200m-M,2313.01,-12.87,9.9,-1.2,0.49,18.0,5,14.5
NjJAn9hcsv8,200m-M,2314.17,12.57,3.1,0.9,1.175,24.4,4,2.4
NjJAn9hcsv8,200m-M,2315.8,-0.99,8.3,3.1,0.58,16.8,7,8.8
NjJAn9hcsv8,200m-M,2319.955,27.35,16.8,6.3,1.94,19.9,5,4.6
NjJAn9hcsv8,200m-M,2329.335,8.67,13.5,7.2,0.615,21.1,10,2.8
NjJAn9hcsv8,200m-M,2335.02,16.87,26.6,17.2,0.84,23.1,10,17.7
NjJAn9hcsv8,200m-M,2347.49,13.81,50.6,-17.0,4.605,48.7,1,-20.1
NjJAn9hcsv8,200m-M,2360.05,-5.55,10.1,5.7,1.93,28.3,7,24.8
NjJAn9hcsv8,200m-M,2365.465,-33.03,6.0,0.3,,0.0,0,19.5
NjJAn9hcsv8,200m-M,2371.59,-17.44,8.9,-5.6,0.78,15.6,6,12.9
NjJAn9hcsv8,200m-M,2373.53,-2.93,6.4,-4.4,0.685,17.4,9,-0.3
NjJAn9hcsv8,200m-M,2380.315,22.93,13.7,3.6,1.13,22.5,7,4.7
NjJAn9hcsv8,200m-M,2391.85,16.92,12.0,2.8,1.465,15.0,7,4.4
NjJAn9hcsv8,200m-M,2398.255,-13.51,6.0,0.9,0.645,19.2,10,13.5
NjJAn9hcsv8,200m-M,2403.505,12.97,8.2,2.0,2.855,18.8,3,5.4
NjJAn9hcsv8,200m-M,2418.375,17.85,13.5,2.9,1.195,12.3,5,4.5
NjJAn9hcsv8,200m-M,2435.295,17.17,12.4,2.0,4.06,20.0,1,3.2
NjJAn9hcsv8,200m-M,2451.15,19.92,16.5,0.1,1.905,14.5,4,1.2
NjJAn9hcsv8,200m-M,2465.44,8.5,5.6,0.9,2.24,15.8,5,4.3
NjJAn9hcsv8,200m-M,2469.34,13.45,13.6,0.6,0.965,16.0,9,6.4
NjJAn9hcsv8,200m-M,2478.835,16.33,12.7,1.8,1.425,13.8,5,4.1
NjJAn9hcsv8,200m-M,2492.88,14.9,12.7,-0.3,2.955,16.1,4,3.0
NjJAn9hcsv8,200m-M,2499.05,-9.68,8.4,-4.4,0.8,19.0,9,8.9
NjJAn9hcsv8,200m-M,2503.76,22.52,23.1,-2.8,1.96,22.2,7,3.8
NjJAn9hcsv8,200m-M,2508.035,23.49,18.4,0.1,1.82,26.5,7,3.5
NjJAn9hcsv8,200m-M,2511.115,31.16,19.3,5.2,1.67,25.6,6,3.4
NjJAn9hcsv8,200m-M,2513.45,-2.73,13.5,4.9,0.89,26.7,7,16.0
NjJAn9hcsv8,200m-M,2516.915,23.47,16.7,3.4,1.855,25.9,5,4.5
NjJAn9hcsv8,200m-M,2525.945,7.18,13.3,-9.7,1.455,23.2,8,2.7
NjJAn9hcsv8,200m-M,2540.495,-9.23,21.5,3.1,0.605,26.9,9,24.2
NjJAn9hcsv8,200m-M,2542.885,-26.94,9.5,-2.8,0.515,29.1,10,26.2
NjJAn9hcsv8,200m-M,2548.795,-1.21,6.8,-21.5,1.18,22.8,7,1.1
NjJAn9hcsv8,200m-M,2557.385,62.54,34.5,32.5,2.11,31.6,1,7.6
NjJAn9hcsv8,200m-M,2583.24,-7.45,10.4,-5.0,0.795,11.8,6,1.7
NjJAn9hcsv8,200m-M,2585.245,-13.99,7.2,-6.0,0.62,11.3,7,10.1
NjJAn9hcsv8,200m-M,2587.63,5.35,6.3,-5.1,2.115,15.4,4,3.1
NjJAn9hcsv8,200m-M,2591.855,10.16,8.0,-0.4,1.795,13.5,4,2.6
NjJAn9hcsv8,200m-M,2592.765,-2.52,4.1,0.3,0.865,14.4,5,1.7
NjJAn9hcsv8,200m-M,2604.46,-14.2,8.5,-4.3,0.72,14.3,3,10.0
NjJAn9hcsv8,200m-M,2608.98,-8.42,6.3,-4.7,0.855,15.9,5,0.9
NjJAn9hcsv8,200m-M,2611.29,7.73,7.4,-2.8,1.065,19.4,6,2.5
NjJAn9hcsv8,200m-M,2616.255,16.69,13.8,0.7,0.91,18.9,7,0.5
NjJAn9hcsv8,200m-M,2617.34,-6.79,8.8,-1.5,1.085,21.7,6,17.8
NjJAn9hcsv8,200m-M,2619.95,-9.8,11.5,1.6,0.57,18.0,8,14.8
NjJAn9hcsv8,200m-M,2634.775,-14.51,3.8,-1.8,0.605,14.0,5,11.6
NjJAn9hcsv8,200m-M,2636.27,9.06,8.9,-0.3,1.075,14.5,6,0.0
NjJAn9hcsv8,200m-M,2643.095,19.54,15.1,-1.9,0.905,18.4,9,2.4
NjJAn9hcsv8,200m-M,2645.81,-23.94,6.2,-0.5,0.9,20.6,7,19.6
NjJAn9hcsv8,200m-M,2647.895,13.58,8.7,1.2,1.085,21.7,10,3.3
NjJAn9hcsv8,200m-M,2652.62,18.54,11.9,3.9,1.165,23.6,8,6.8
NjJAn9hcsv8,200m-M,2659.9,10.53,10.1,-0.4,1.285,19.8,6,3.2
NjJAn9hcsv8,200m-M,2665.675,9.36,6.7,1.5,1.12,19.8,6,1.8
NjJAn9hcsv8,200m-M,2666.55,-12.8,0.2,2.2,0.67,20.1,7,14.1
NjJAn9hcsv8,200m-M,2669.79,-6.41,10.3,2.7,0.675,19.9,9,14.1
NjJAn9hcsv8,200m-M,2679.18,8.04,7.5,1.8,1.365,17.3,7,8.1
NjJAn9hcsv8,200m-M,2683.45,-7.51,6.2,1.3,0.555,12.5,4,9.0
NjJAn9hcsv8,200m-M,2689.395,-1.15,4.7,-1.3,0.985,10.8,4,7.9
NjJAn9hcsv8,200m-M,2694.285,11.71,10.0,-5.1,2.16,17.0,4,-1.1
NjJAn9hcsv8,200m-M,2697.39,-15.85,9.3,-5.9,0.6,14.2,5,11.9
NjJAn9hcsv8,200m-M,2699.535,14.89,12.6,-5.1,0.9,18.9,8,-0.3
NjJAn9hcsv8,200m-M,2701.63,9.01,16.5,-2.4,0.78,17.0,8,1.2
NjJAn9hcsv8,200m-M,2703.995,-2.55,13.5,0.4,0.49,14.4,8,13.1
NjJAn9hcsv8,200m-M,2705.615,9.62,17.1,1.1,0.825,21.5,7,3.4
NjJAn9hcsv8,200m-M,2708.575,-9.33,12.5,-1.0,0.79,19.3,8,13.7
NjJAn9hcsv8,200m-M,2714.32,15.37,11.4,-1.7,1.675,19.7,8,2.1
NjJAn9hcsv8,200m-M,2721.295,15.5,16.5,1.7,0.645,23.6,7,3.9
NjJAn9hcsv8,200m-M,2724.035,-6.69,14.6,2.7,0.685,23.6,10,18.8
NjJAn9hcsv8,200m-M,2726.685,9.42,12.4,3.1,0.82,23.6,8,6.4
NjJAn9hcsv8,200m-M,2727.855,-15.71,4.9,2.5,0.525,20.4,7,17.8
NjJAn9hcsv8,200m-M,2729.38,-7.16,11.9,0.1,0.465,17.5,9,16.2
NjJAn9hcsv8,200m-M,2734.575,-14.63,9.0,-4.3,0.415,17.8,11,14.3
NjJAn9hcsv8,200m-M,2738.425,-17.24,8.2,-3.7,0.565,23.5,9,19.0
NjJAn9hcsv8,200m-M,2739.255,-18.42,8.5,-3.2,0.51,21.7,9,19.6
NjJAn9hcsv8,200m-M,2742.115,16.09,15.8,1.1,1.615,20.0,6,5.4
NjJAn9hcsv8,200m-M,2752.775,-4.84,10.4,-80.0,0.745,25.1,11,4.5
