retrieved_at,status,bytes,sha256,url,final_url,cache_path
2026-09-30T22:56:49Z,200,79810,ee50eac0ccfe60c06bcb4a4290bc0ac340edaa877d6071471a06792971d549e7,https://worldathletics.org/competitions/world-athletics-championships/iaaf-world-athletics-championships-doha-2019-7125365/results/men/400-metres/final/result,https://worldathletics.org/competitions/world-athletics-championships/iaaf-world-athletics-championships-doha-2019-7125365/results/men/400-metres/final/result,analysis/probe/wa_pages/WCH2019/men-400-metres-final.html.gz
2026-09-30T22:57:08Z,200,80161,261e27a706f2579cf50759447cf20105373c87143d7b769641899207195db355,https://worldathletics.org/competitions/world-athletics-championships/iaaf-world-athletics-championships-doha-2019-7125365/results/men/400-metres-hurdles/final/result,https://worldathletics.org/competitions/world-athletics-championships/iaaf-world-athletics-championships-doha-2019-7125365/results/men/400-metres-hurdles/final/result,analysis/probe/wa_pages/WCH2019/men-400-metres-hurdles-final.html.gz
2026-09-30T22:57:12Z,200,195931,4c5cfcb921efd43b7c83608661d2787d65df006668efb1ca7157776083fa6949,https://worldathletics.org/competitions/world-athletics-championships/iaaf-world-athletics-championships-doha-2019-7125365/results/men/400-metres-hurdles/round-1/result,https://worldathletics.org/competitions/world-athletics-championships/iaaf-world-athletics-championships-doha-2019-7125365/results/men/400-metres-hurdles/round-1/result,analysis/probe/wa_pages/WCH2019/men-400-metres-hurdles-round-1.html.gz
2026-09-30T22:57:15Z,200,145110,1624a71c2340c94915487bba90839025cd5d79d7d8ce8de28dd7e7a8c0d705ce,https://worldathletics.org/competitions/world-athletics-championships/iaaf-world-athletics-championships-doha-2019-7125365/results/men/400-metres-hurdles/semi-finals/result,https://worldathletics.org/competitions/world-athletics-championships/iaaf-world-athletics-championships-doha-2019-7125365/results/men/400-metres-hurdles/semi-finals/result,analysis/probe/wa_pages/WCH2019/men-400-metres-hurdles-semi-finals.html.gz
2026-09-30T22:56:52Z,200,204572,bfc14d9ef9c3d4cf19fbb27d8c829002ddd8d34968335a4e7e56d2eaf87dd64e,https://worldathletics.org/competitions/world-athletics-championships/iaaf-world-athletics-championships-doha-2019-7125365/results/men/400-metres/round-1/result,https://worldathletics.org/competitions/world-athletics-championships/iaaf-world-athletics-championships-doha-2019-7125365/results/men/400-metres/round-1/result,analysis/probe/wa_pages/WCH2019/men-400-metres-round-1.html.gz
2026-09-30T22:56:56Z,200,145233,3f43dbc4002098d9d462e32a219e123132633d63018f3837a5857f47173f9bcd,https://worldathletics.org/competitions/world-athletics-championships/iaaf-world-athletics-championships-doha-2019-7125365/results/men/400-metres/semi-finals/result,https://worldathletics.org/competitions/world-athletics-championships/iaaf-world-athletics-championships-doha-2019-7125365/results/men/400-metres/semi-finals/result,analysis/probe/wa_pages/WCH2019/men-400-metres-semi-finals.html.gz
2026-09-30T22:57:27Z,200,124988,823a1060d3e45141bf56ab4c52cb9f4e51859616884e91f7f8d937cde3060a00,https://worldathletics.org/competitions/world-athletics-championships/iaaf-world-athletics-championships-doha-2019-7125365/results/men/4x100-metres-relay/final/result,https://worldathletics.org/competitions/world-athletics-championships/iaaf-world-athletics-championships-doha-2019-7125365/results/men/4x100-metres-relay/final/result,analysis/probe/wa_pages/WCH2019/men-4x100-metres-relay-final.html.gz
2026-09-30T22:57:31Z,200,247170,c8c782eb9c5cdfa113946d97ce7e5c2c2486ef2441bb9e5d0669eef9b1b48164,https://worldathletics.org/competitions/world-athletics-championships/iaaf-world-athletics-championships-doha-2019-7125365/results/men/4x100-metres-relay/round-1/result,https://worldathletics.org/competitions/world-athletics-championships/iaaf-world-athletics-championships-doha-2019-7125365/results/men/4x100-metres-relay/round-1/result,analysis/probe/wa_pages/WCH2019/men-4x100-metres-relay-round-1.html.gz
2026-09-30T22:57:40Z,200,129648,34f391115ba10ea0db1be326e731b3c57831fc33953e4c8278b0df324f70d1fb,https://worldathletics.org/competitions/world-athletics-championships/iaaf-world-athletics-championships-doha-2019-7125365/results/men/4x400-metres-relay/final/result,https://worldathletics.org/competitions/world-athletics-championships/iaaf-world-athletics-championships-doha-2019-7125365/results/men/4x400-metres-relay/final/result,analysis/probe/wa_pages/WCH2019/men-4x400-metres-relay-final.html.gz
2026-09-30T22:57:43Z,200,255048,fd4a231fcb314b7fb986e73de869f6e29f78decd2c9881a81d3984ecbf23a9d4,https://worldathletics.org/competitions/world-athletics-championships/iaaf-world-athletics-championships-doha-2019-7125365/results/men/4x400-metres-relay/round-1/result,https://worldathletics.org/competitions/world-athletics-championships/iaaf-world-athletics-championships-doha-2019-7125365/results/men/4x400-metres-relay/round-1/result,analysis/probe/wa_pages/WCH2019/men-4x400-metres-relay-round-1.html.gz
2026-09-30T23:00:29Z,200,183023,26bb50568a2c5931f0a972c92e70df6a51c75c95436a7e99039f482ba7a4aeee,https://worldathletics.org/competitions/world-athletics-championships/iaaf-world-athletics-championships-doha-2019-7125365/results/men/decathlon/100-metres/result,https://worldathletics.org/competitions/world-athletics-championships/iaaf-world-athletics-championships-doha-2019-7125365/results/men/decathlon/100-metres/result,analysis/probe/wa_pages/WCH2019/men-decathlon-100-metres.html.gz
2026-09-30T23:00:35Z,200,229000,0ed3b9db1086e2f6734f5c811c7cd5e9a5d8fea70a508f708e2e85582f7a258b,https://worldathletics.org/competitions/world-athletics-championships/iaaf-world-athletics-championships-doha-2019-7125365/results/men/decathlon/110-metres-hurdles/result,https://worldathletics.org/competitions/world-athletics-championships/iaaf-world-athletics-championships-doha-2019-7125365/results/men/decathlon/110-metres-hurdles/result,analysis/probe/wa_pages/WCH2019/men-decathlon-110-metres-hurdles.html.gz
2026-09-30T23:00:31Z,200,226524,1cf47074d96a8fc3ea7b6626eaeb50239af9ba74aa48fc9e4a24078cc0a52a36,https://worldathletics.org/competitions/world-athletics-championships/iaaf-world-athletics-championships-doha-2019-7125365/results/men/decathlon/400-metres/result,https://worldathletics.org/competitions/world-athletics-championships/iaaf-world-athletics-championships-doha-2019-7125365/results/men/decathlon/400-metres/result,analysis/probe/wa_pages/WCH2019/men-decathlon-400-metres.html.gz
2026-09-30T22:57:53Z,200,35796,25ecb4b6ec04955b81a4cc9c4c7dc19c95c673a53d05b87a5e440acd3559d752,https://worldathletics.org/competitions/world-athletics-championships/iaaf-world-athletics-championships-doha-2019-7125365/results/mixed/4x400-metres-relay-mixed/final/result,https://worldathletics.org/competitions/world-athletics-championships/iaaf-world-athletics-championships-doha-2019-7125365/results/mixed/4x400-metres-relay-mixed/final/result,analysis/probe/wa_pages/WCH2019/mixed-4x400-metres-relay-mixed-final.html.gz
2026-09-30T22:56:59Z,200,80027,caaef50de6336d468206c4c6efee67cefc24bfa85f87828fc9aeae50d51c2662,https://worldathletics.org/competitions/world-athletics-championships/iaaf-world-athletics-championships-doha-2019-7125365/results/women/400-metres/final/result,https://worldathletics.org/competitions/world-athletics-championships/iaaf-world-athletics-championships-doha-2019-7125365/results/women/400-metres/final/result,analysis/probe/wa_pages/WCH2019/women-400-metres-final.html.gz
2026-09-30T22:57:18Z,200,80146,ade6ee2887065c491ed519ff518fdfdafeac6b7b9abd5d6849b25595f442c292,https://worldathletics.org/competitions/world-athletics-championships/iaaf-world-athletics-championships-doha-2019-7125365/results/women/400-metres-hurdles/final/result,https://worldathletics.org/competitions/world-athletics-championships/iaaf-world-athletics-championships-doha-2019-7125365/results/women/400-metres-hurdles/final/result,analysis/probe/wa_pages/WCH2019/women-400-metres-hurdles-final.html.gz
2026-09-30T22:57:21Z,200,196363,39ce9b076f8aa58cf6662ad2404a880402ad7db13520ff27c6be3491e418a73e,https://worldathletics.org/competitions/world-athletics-championships/iaaf-world-athletics-championships-doha-2019-7125365/results/women/400-metres-hurdles/round-1/result,https://worldathletics.org/competitions/world-athletics-championships/iaaf-world-athletics-championships-doha-2019-7125365/results/women/400-metres-hurdles/round-1/result,analysis/probe/wa_pages/WCH2019/women-400-metres-hurdles-round-1.html.gz
2026-09-30T22:57:24Z,200,145530,1d78a5386d5f5edf9074a775cbbfddbbffc5f6e4d6138b537a89cf120ddda1f5,https://worldathletics.org/competitions/world-athletics-championships/iaaf-world-athletics-championships-doha-2019-7125365/results/women/400-metres-hurdles/semi-finals/result,https://worldathletics.org/competitions/world-athletics-championships/iaaf-world-athletics-championships-doha-2019-7125365/results/women/400-metres-hurdles/semi-finals/result,analysis/probe/wa_pages/WCH2019/women-400-metres-hurdles-semi-finals.html.gz
2026-09-30T22:57:02Z,200,226193,75e61815e7de5022c46068f5b20c7b53fcb711213db4d0392f19375993b9bbdd,https://worldathletics.org/competitions/world-athletics-championships/iaaf-world-athletics-championships-doha-2019-7125365/results/women/400-metres/round-1/result,https://worldathletics.org/competitions/world-athletics-championships/iaaf-world-athletics-championships-doha-2019-7125365/results/women/400-metres/round-1/result,analysis/probe/wa_pages/WCH2019/women-400-metres-round-1.html.gz
2026-09-30T22:57:05Z,200,145374,f1f68e93fea8041352c81754e153241b4f9904a0bbe326b43b20a84b9d169a43,https://worldathletics.org/competitions/world-athletics-championships/iaaf-world-athletics-championships-doha-2019-7125365/results/women/400-metres/semi-finals/result,https://worldathletics.org/competitions/world-athletics-championships/iaaf-world-athletics-championships-doha-2019-7125365/results/women/400-metres/semi-finals/result,analysis/probe/wa_pages/WCH2019/women-400-metres-semi-finals.html.gz
2026-09-30T22:57:34Z,200,125313,171f23186e2918c899507771d81ee6c7988081b6bd5f2ce7f0046976f19a6591,https://worldathletics.org/competitions/world-athletics-championships/iaaf-world-athletics-championships-doha-2019-7125365/results/women/4x100-metres-relay/final/result,https://worldathletics.org/competitions/world-athletics-championships/iaaf-world-athletics-championships-doha-2019-7125365/results/women/4x100-metres-relay/final/result,analysis/probe/wa_pages/WCH2019/women-4x100-metres-relay-final.html.gz
2026-09-30T22:57:37Z,200,248755,9ec882fc103d3b36d9fdb1203c366fa45f81fdd16da9cd672618aa43c17b49e0,https://worldathletics.org/competitions/world-athletics-championships/iaaf-world-athletics-championships-doha-2019-7125365/results/women/4x100-metres-relay/round-1/result,https://worldathletics.org/competitions/world-athletics-championships/iaaf-world-athletics-championships-doha-2019-7125365/results/women/4x100-metres-relay/round-1/result,analysis/probe/wa_pages/WCH2019/women-4x100-metres-relay-round-1.html.gz
2026-09-30T22:57:47Z,200,129747,a27fc9debecc5b908b239fbc820558f1edb231e97286fd30a1612a1ea40d40ab,https://worldathletics.org/competitions/world-athletics-championships/iaaf-world-athletics-championships-doha-2019-7125365/results/women/4x400-metres-relay/final/result,https://worldathletics.org/competitions/world-athletics-championships/iaaf-world-athletics-championships-doha-2019-7125365/results/women/4x400-metres-relay/final/result,analysis/probe/wa_pages/WCH2019/women-4x400-metres-relay-final.html.gz
2026-09-30T22:57:50Z,200,255625,60713918c30a2a882a5cb88d76ff32a72acadae7d79c5f39edb533f32998f77b,https://worldathletics.org/competitions/world-athletics-championships/iaaf-world-athletics-championships-doha-2019-7125365/results/women/4x400-metres-relay/round-1/result,https://worldathletics.org/competitions/world-athletics-championships/iaaf-world-athletics-championships-doha-2019-7125365/results/women/4x400-metres-relay/round-1/result,analysis/probe/wa_pages/WCH2019/women-4x400-metres-relay-round-1.html.gz
2026-09-30T23:00:38Z,200,159745,6d44d58af5beb81447abec6f12fab6d6fa98c11d32fc728b5140917a35defbed,https://worldathletics.org/competitions/world-athletics-championships/iaaf-world-athletics-championships-doha-2019-7125365/results/women/heptathlon/100-metres-hurdles/result,https://worldathletics.org/competitions/world-athletics-championships/iaaf-world-athletics-championships-doha-2019-7125365/results/women/heptathlon/100-metres-hurdles/result,analysis/probe/wa_pages/WCH2019/women-heptathlon-100-metres-hurdles.html.gz
2026-09-30T23:00:41Z,200,186837,7e564e339f9b6ad268e6ffb489063ea755d4dc8e161abb8d20c0debcda4d0864,https://worldathletics.org/competitions/world-athletics-championships/iaaf-world-athletics-championships-doha-2019-7125365/results/women/heptathlon/200-metres/result,https://worldathletics.org/competitions/world-athletics-championships/iaaf-world-athletics-championships-doha-2019-7125365/results/women/heptathlon/200-metres/result,analysis/probe/wa_pages/WCH2019/women-heptathlon-200-metres.html.gz
2026-09-30T22:55:41Z,200,89600,f9656d815a574b562204ec1993ee9ab42943a72525383601c9601d5644580afc,https://worldathletics.org/competitions/world-athletics-championships/world-athletics-championships-oregon-2022-7137279/results/men/400-metres/final/result,https://worldathletics.org/competitions/world-athletics-championships/world-athletics-championships-oregon-2022-7137279/results/men/400-metres/final/result,analysis/probe/wa_pages/WCH2022/men-400-metres-final.html.gz
2026-09-30T22:56:00Z,200,89659,65a86c101726e2f1bf0779d05901ca985c5393cf89a81f6009e1ce15a3cd1d18,https://worldathletics.org/competitions/world-athletics-championships/world-athletics-championships-oregon-2022-7137279/results/men/400-metres-hurdles/final/result,https://worldathletics.org/competitions/world-athletics-championships/world-athletics-championships-oregon-2022-7137279/results/men/400-metres-hurdles/final/result,analysis/probe/wa_pages/WCH2022/men-400-metres-hurdles-final.html.gz
2026-09-30T22:56:04Z,200,204858,e3363906827aafb32ae17b95203c3dc4b8684fe64a19cc9e0276dcdb6e4d93e7,https://worldathletics.org/competitions/world-athletics-championships/world-athletics-championships-oregon-2022-7137279/results/men/400-metres-hurdles/round-1/result,https://worldathletics.org/competitions/world-athletics-championships/world-athletics-championships-oregon-2022-7137279/results/men/400-metres-hurdles/round-1/result,analysis/probe/wa_pages/WCH2022/men-400-metres-hurdles-round-1.html.gz
2026-09-30T22:56:07Z,200,157758,a37af89f296a0266b40c2089596b107ff0376a3d224b467e69d4eee3ce83218f,https://worldathletics.org/competitions/world-athletics-championships/world-athletics-championships-oregon-2022-7137279/results/men/400-metres-hurdles/semi-finals/result,https://worldathletics.org/competitions/world-athletics-championships/world-athletics-championships-oregon-2022-7137279/results/men/400-metres-hurdles/semi-finals/result,analysis/probe/wa_pages/WCH2022/men-400-metres-hurdles-semi-finals.html.gz
2026-09-30T22:55:44Z,200,215295,b78f6dc93f06177740852c0b891aea0269fab43ec9a76c536181d419e56190ea,https://worldathletics.org/competitions/world-athletics-championships/world-athletics-championships-oregon-2022-7137279/results/men/400-metres/round-1/result,https://worldathletics.org/competitions/world-athletics-championships/world-athletics-championships-oregon-2022-7137279/results/men/400-metres/round-1/result,analysis/probe/wa_pages/WCH2022/men-400-metres-round-1.html.gz
2026-09-30T22:55:47Z,200,158015,733b40c3ddff95065dab674bccfdcbfeddad2ce50c86fb1e71a0bcc042d26d7e,https://worldathletics.org/competitions/world-athletics-championships/world-athletics-championships-oregon-2022-7137279/results/men/400-metres/semi-finals/result,https://worldathletics.org/competitions/world-athletics-championships/world-athletics-championships-oregon-2022-7137279/results/men/400-metres/semi-finals/result,analysis/probe/wa_pages/WCH2022/men-400-metres-semi-finals.html.gz
2026-09-30T22:56:20Z,200,133969,124653b2ff5c18312623f3cf865751c7a9033c09f6bf0dcf56e32b40e0cdf440,https://worldathletics.org/competitions/world-athletics-championships/world-athletics-championships-oregon-2022-7137279/results/men/4x100-metres-relay/final/result,https://worldathletics.org/competitions/world-athletics-championships/world-athletics-championships-oregon-2022-7137279/results/men/4x100-metres-relay/final/result,analysis/probe/wa_pages/WCH2022/men-4x100-metres-relay-final.html.gz
2026-09-30T22:56:23Z,200,257663,bdd23bacc10dd31809c1e9b85af132c58f9b42bd9939ca3c82b36a68c3878899,https://worldathletics.org/competitions/world-athletics-championships/world-athletics-championships-oregon-2022-7137279/results/men/4x100-metres-relay/round-1/result,https://worldathletics.org/competitions/world-athletics-championships/world-athletics-championships-oregon-2022-7137279/results/men/4x100-metres-relay/round-1/result,analysis/probe/wa_pages/WCH2022/men-4x100-metres-relay-round-1.html.gz
2026-09-30T22:56:33Z,200,165806,9e072ddc572381c07b0d6c08b83419919deb4384ce464c25a641ce893bc73bb2,https://worldathletics.org/competitions/world-athletics-championships/world-athletics-championships-oregon-2022-7137279/results/men/4x400-metres-relay/final/result,https://worldathletics.org/competitions/world-athletics-championships/world-athletics-championships-oregon-2022-7137279/results/men/4x400-metres-relay/final/result,analysis/probe/wa_pages/WCH2022/men-4x400-metres-relay-final.html.gz
2026-09-30T22:56:36Z,200,258839,aff89e1fb6dcec80a3a618376c3e740ab44be876ec000d9169166f1e04bbc06b,https://worldathletics.org/competitions/world-athletics-championships/world-athletics-championships-oregon-2022-7137279/results/men/4x400-metres-relay/round-1/result,https://worldathletics.org/competitions/world-athletics-championships/world-athletics-championships-oregon-2022-7137279/results/men/4x400-metres-relay/round-1/result,analysis/probe/wa_pages/WCH2022/men-4x400-metres-relay-round-1.html.gz
2026-09-30T23:00:12Z,200,186515,b9f584d0e8015e8df93f74c2bc5b0e8775c8049a259cf806a0b90496780c835e,https://worldathletics.org/competitions/world-athletics-championships/world-athletics-championships-oregon-2022-7137279/results/men/decathlon/100-metres/result,https://worldathletics.org/competitions/world-athletics-championships/world-athletics-championships-oregon-2022-7137279/results/men/decathlon/100-metres/result,analysis/probe/wa_pages/WCH2022/men-decathlon-100-metres.html.gz
2026-09-30T23:00:19Z,200,232693,eae67d865a061a05b6f385a3bb717af94682deaad07aa8f34e3307072d0958b2,https://worldathletics.org/competitions/world-athletics-championships/world-athletics-championships-oregon-2022-7137279/results/men/decathlon/110-metres-hurdles/result,https://worldathletics.org/competitions/world-athletics-championships/world-athletics-championships-oregon-2022-7137279/results/men/decathlon/110-metres-hurdles/result,analysis/probe/wa_pages/WCH2022/men-decathlon-110-metres-hurdles.html.gz
2026-09-30T23:00:16Z,200,229977,ee47391c475fa6b2cdd179ea5e06b53898d9b86a6aa062913b478b9f1ff4c1ae,https://worldathletics.org/competitions/world-athletics-championships/world-athletics-championships-oregon-2022-7137279/results/men/decathlon/400-metres/result,https://worldathletics.org/competitions/world-athletics-championships/world-athletics-championships-oregon-2022-7137279/results/men/decathlon/400-metres/result,analysis/probe/wa_pages/WCH2022/men-decathlon-400-metres.html.gz
2026-09-30T22:56:46Z,200,43537,e3a28eb492611f0c93d19464fca580c0d4ef9f9f85ebfbe74d56ccaf9ef85191,https://worldathletics.org/competitions/world-athletics-championships/world-athletics-championships-oregon-2022-7137279/results/mixed/4x400-metres-relay-mixed/final/result,https://worldathletics.org/competitions/world-athletics-championships/world-athletics-championships-oregon-2022-7137279/results/mixed/4x400-metres-relay-mixed/final/result,analysis/probe/wa_pages/WCH2022/mixed-4x400-metres-relay-mixed-final.html.gz
2026-09-30T22:55:51Z,200,89639,ee01c24f0a28c04cb52f8bf031790d0922af737d0575564e7aeb247a94e2f3cc,https://worldathletics.org/competitions/world-athletics-championships/world-athletics-championships-oregon-2022-7137279/results/women/400-metres/final/result,https://worldathletics.org/competitions/world-athletics-championships/world-athletics-championships-oregon-2022-7137279/results/women/400-metres/final/result,analysis/probe/wa_pages/WCH2022/women-400-metres-final.html.gz
2026-09-30T22:56:10Z,200,89825,d60d304121cbe69904b9083ea53fd9dae49f81db13a6d3a871da4e1ff3535b63,https://worldathletics.org/competitions/world-athletics-championships/world-athletics-championships-oregon-2022-7137279/results/women/400-metres-hurdles/final/result,https://worldathletics.org/competitions/world-athletics-championships/world-athletics-championships-oregon-2022-7137279/results/women/400-metres-hurdles/final/result,analysis/probe/wa_pages/WCH2022/women-400-metres-hurdles-final.html.gz
2026-09-30T22:56:14Z,200,201374,ffcec40a9b0e696c8c7a1fd02baa6d15e1bedc6fb675c862e36108d67568057b,https://worldathletics.org/competitions/world-athletics-championships/world-athletics-championships-oregon-2022-7137279/results/women/400-metres-hurdles/round-1/result,https://worldathletics.org/competitions/world-athletics-championships/world-athletics-championships-oregon-2022-7137279/results/women/400-metres-hurdles/round-1/result,analysis/probe/wa_pages/WCH2022/women-400-metres-hurdles-round-1.html.gz
2026-09-30T22:56:17Z,200,157733,7364f6eefca5b6966c9cebc9a48ef22dc57845213efd3f41321b13364ef963dc,https://worldathletics.org/competitions/world-athletics-championships/world-athletics-championships-oregon-2022-7137279/results/women/400-metres-hurdles/semi-finals/result,https://worldathletics.org/competitions/world-athletics-championships/world-athletics-championships-oregon-2022-7137279/results/women/400-metres-hurdles/semi-finals/result,analysis/probe/wa_pages/WCH2022/women-400-metres-hurdles-semi-finals.html.gz
2026-09-30T22:55:55Z,200,223447,bf9e87ba1c4e57c32a821feaaf1d2ab9f0327465d6bc0ce95600d47e069760e3,https://worldathletics.org/competitions/world-athletics-championships/world-athletics-championships-oregon-2022-7137279/results/women/400-metres/round-1/result,https://worldathletics.org/competitions/world-athletics-championships/world-athletics-championships-oregon-2022-7137279/results/women/400-metres/round-1/result,analysis/probe/wa_pages/WCH2022/women-400-metres-round-1.html.gz
2026-09-30T22:55:57Z,200,158221,ff98d739b3929500778d24a91b754ae317d908bc936792ad2c39311b2659cdc4,https://worldathletics.org/competitions/world-athletics-championships/world-athletics-championships-oregon-2022-7137279/results/women/400-metres/semi-finals/result,https://worldathletics.org/competitions/world-athletics-championships/world-athletics-championships-oregon-2022-7137279/results/women/400-metres/semi-finals/result,analysis/probe/wa_pages/WCH2022/women-400-metres-semi-finals.html.gz
2026-09-30T22:56:26Z,200,134599,c06b9b837ff62bc3584d1659ed903207e9cbe14f9e62cf35d50c70ba8dbc110a,https://worldathletics.org/competitions/world-athletics-championships/world-athletics-championships-oregon-2022-7137279/results/women/4x100-metres-relay/final/result,https://worldathletics.org/competitions/world-athletics-championships/world-athletics-championships-oregon-2022-7137279/results/women/4x100-metres-relay/final/result,analysis/probe/wa_pages/WCH2022/women-4x100-metres-relay-final.html.gz
2026-09-30T22:56:30Z,200,258093,b51bc9179a02d613011275b6b2db0954193c5b161270c8aa9bd3ba7c3023521e,https://worldathletics.org/competitions/world-athletics-championships/world-athletics-championships-oregon-2022-7137279/results/women/4x100-metres-relay/round-1/result,https://worldathletics.org/competitions/world-athletics-championships/world-athletics-championships-oregon-2022-7137279/results/women/4x100-metres-relay/round-1/result,analysis/probe/wa_pages/WCH2022/women-4x100-metres-relay-round-1.html.gz
2026-09-30T22:56:39Z,200,154427,007e4d8cdd745ec1818b2c06ff4da2c94dd310a192d5e3c5d009419476be6f62,https://worldathletics.org/competitions/world-athletics-championships/world-athletics-championships-oregon-2022-7137279/results/women/4x400-metres-relay/final/result,https://worldathletics.org/competitions/world-athletics-championships/world-athletics-championships-oregon-2022-7137279/results/women/4x400-metres-relay/final/result,analysis/probe/wa_pages/WCH2022/women-4x400-metres-relay-final.html.gz
2026-09-30T22:56:42Z,200,287030,4e1fbdc50eb43d2150a93a1a2591cda296e7dbe94266f71b16ee38911a511ee9,https://worldathletics.org/competitions/world-athletics-championships/world-athletics-championships-oregon-2022-7137279/results/women/4x400-metres-relay/round-1/result,https://worldathletics.org/competitions/world-athletics-championships/world-athletics-championships-oregon-2022-7137279/results/women/4x400-metres-relay/round-1/result,analysis/probe/wa_pages/WCH2022/women-4x400-metres-relay-round-1.html.gz
2026-09-30T23:00:21Z,200,155798,fdc7724d6f3c38dc3aebd314af32accb24ec522ef0ed0c052714c2dde93bda37,https://worldathletics.org/competitions/world-athletics-championships/world-athletics-championships-oregon-2022-7137279/results/women/heptathlon/100-metres-hurdles/result,https://worldathletics.org/competitions/world-athletics-championships/world-athletics-championships-oregon-2022-7137279/results/women/heptathlon/100-metres-hurdles/result,analysis/probe/wa_pages/WCH2022/women-heptathlon-100-metres-hurdles.html.gz
2026-09-30T23:00:25Z,200,172659,7dee70523735692c40a1202a7feb6f53b50c6cc647558666be1908b979d04657,https://worldathletics.org/competitions/world-athletics-championships/world-athletics-championships-oregon-2022-7137279/results/women/heptathlon/200-metres/result,https://worldathletics.org/competitions/world-athletics-championships/world-athletics-championships-oregon-2022-7137279/results/women/heptathlon/200-metres/result,analysis/probe/wa_pages/WCH2022/women-heptathlon-200-metres.html.gz
2026-09-30T22:54:31Z,200,93621,052cd1f35d74aa1bd7ea29864e5de4468bf514918f1648426d817a74bba9b388,https://worldathletics.org/competitions/world-athletics-championships/world-athletics-championships-budapest-2023-7138987/results/men/400-metres/final/result,https://worldathletics.org/competitions/world-athletics-championships/world-athletics-championships-budapest-2023-7138987/results/men/400-metres/final/result,analysis/probe/wa_pages/WCH2023/men-400-metres-final.html.gz
2026-09-30T22:54:51Z,200,93371,24c8aa6aa35e285292631957b71fe1efeebef5554d95a24c9952e3a57924f99a,https://worldathletics.org/competitions/world-athletics-championships/world-athletics-championships-budapest-2023-7138987/results/men/400-metres-hurdles/final/result,https://worldathletics.org/competitions/world-athletics-championships/world-athletics-championships-budapest-2023-7138987/results/men/400-metres-hurdles/final/result,analysis/probe/wa_pages/WCH2023/men-400-metres-hurdles-final.html.gz
2026-09-30T22:54:54Z,200,226841,5d0adb24e1655a057314dcfbe3fcc0cf914a59e9daccc4dc9a70cb0f6d8dee66,https://worldathletics.org/competitions/world-athletics-championships/world-athletics-championships-budapest-2023-7138987/results/men/400-metres-hurdles/round-1/result,https://worldathletics.org/competitions/world-athletics-championships/world-athletics-championships-budapest-2023-7138987/results/men/400-metres-hurdles/round-1/result,analysis/probe/wa_pages/WCH2023/men-400-metres-hurdles-round-1.html.gz
2026-09-30T22:54:58Z,200,160337,380b27b83424328bb262be82e2cea7bd5e55188b800a9080c69562fd8180deed,https://worldathletics.org/competitions/world-athletics-championships/world-athletics-championships-budapest-2023-7138987/results/men/400-metres-hurdles/semi-finals/result,https://worldathletics.org/competitions/world-athletics-championships/world-athletics-championships-budapest-2023-7138987/results/men/400-metres-hurdles/semi-finals/result,analysis/probe/wa_pages/WCH2023/men-400-metres-hurdles-semi-finals.html.gz
2026-09-30T22:54:35Z,200,234508,9943613f68dd1566c2e156247a590b7ef6e8dcd567c8260e5d25578b349786b8,https://worldathletics.org/competitions/world-athletics-championships/world-athletics-championships-budapest-2023-7138987/results/men/400-metres/round-1/result,https://worldathletics.org/competitions/world-athletics-championships/world-athletics-championships-budapest-2023-7138987/results/men/400-metres/round-1/result,analysis/probe/wa_pages/WCH2023/men-400-metres-round-1.html.gz
2026-09-30T22:54:38Z,200,161990,e514628f16f07c1720fa2df16d1ac49d2a07b365ef9be638e971840d0e563294,https://worldathletics.org/competitions/world-athletics-championships/world-athletics-championships-budapest-2023-7138987/results/men/400-metres/semi-finals/result,https://worldathletics.org/competitions/world-athletics-championships/world-athletics-championships-budapest-2023-7138987/results/men/400-metres/semi-finals/result,analysis/probe/wa_pages/WCH2023/men-400-metres-semi-finals.html.gz
2026-09-30T22:55:11Z,200,137586,792908830f7fa2231eb7b47e0cd1f8a78f4dc9b3d2a95aa4c484e9bddd07a1a4,https://worldathletics.org/competitions/world-athletics-championships/world-athletics-championships-budapest-2023-7138987/results/men/4x100-metres-relay/final/result,https://worldathletics.org/competitions/world-athletics-championships/world-athletics-championships-budapest-2023-7138987/results/men/4x100-metres-relay/final/result,analysis/probe/wa_pages/WCH2023/men-4x100-metres-relay-final.html.gz
2026-09-30T22:55:14Z,200,261773,69f919af517e90e3ea10890d04cc0bd0ca03048ca12016bf1c60dd74a317e7ea,https://worldathletics.org/competitions/world-athletics-championships/world-athletics-championships-budapest-2023-7138987/results/men/4x100-metres-relay/round-1/result,https://worldathletics.org/competitions/world-athletics-championships/world-athletics-championships-budapest-2023-7138987/results/men/4x100-metres-relay/round-1/result,analysis/probe/wa_pages/WCH2023/men-4x100-metres-relay-round-1.html.gz
2026-09-30T22:55:25Z,200,156990,3afdaf594ad8569b8da659f01e7c8b4f300b5c6e93ac4c747d17ee2a9511a2d4,https://worldathletics.org/competitions/world-athletics-championships/world-athletics-championships-budapest-2023-7138987/results/men/4x400-metres-relay/final/result,https://worldathletics.org/competitions/world-athletics-championships/world-athletics-championships-budapest-2023-7138987/results/men/4x400-metres-relay/final/result,analysis/probe/wa_pages/WCH2023/men-4x400-metres-relay-final.html.gz
2026-09-30T22:55:28Z,200,314070,6fc34a8abb482c7dc38eb82af119138fb602b8d6730a9550b9b3dbc195be47c6,https://worldathletics.org/competitions/world-athletics-championships/world-athletics-championships-budapest-2023-7138987/results/men/4x400-metres-relay/round-1/result,https://worldathletics.org/competitions/world-athletics-championships/world-athletics-championships-budapest-2023-7138987/results/men/4x400-metres-relay/round-1/result,analysis/probe/wa_pages/WCH2023/men-4x400-metres-relay-round-1.html.gz
2026-09-30T22:59:55Z,200,197769,7fb6a3da6ee9141ce6b537402dbd7cf4455da12d3297144689660a169579b399,https://worldathletics.org/competitions/world-athletics-championships/world-athletics-championships-budapest-2023-7138987/results/men/decathlon/100-metres/result,https://worldathletics.org/competitions/world-athletics-championships/world-athletics-championships-budapest-2023-7138987/results/men/decathlon/100-metres/result,analysis/probe/wa_pages/WCH2023/men-decathlon-100-metres.html.gz
2026-09-30T23:00:03Z,200,226862,4d7117a92d432ca9b00a04f50df486f1f5e41b02ba507b508aefbfaa99dec180,https://worldathletics.org/competitions/world-athletics-championships/world-athletics-championships-budapest-2023-7138987/results/men/decathlon/110-metres-hurdles/result,https://worldathletics.org/competitions/world-athletics-championships/world-athletics-championships-budapest-2023-7138987/results/men/decathlon/110-metres-hurdles/result,analysis/probe/wa_pages/WCH2023/men-decathlon-110-metres-hurdles.html.gz
2026-09-30T22:59:59Z,200,242599,3f5f393171eff297663ae98406264fd6c4d2b4e989cc4d82696177927805e4fe,https://worldathletics.org/competitions/world-athletics-championships/world-athletics-championships-budapest-2023-7138987/results/men/decathlon/400-metres/result,https://worldathletics.org/competitions/world-athletics-championships/world-athletics-championships-budapest-2023-7138987/results/men/decathlon/400-metres/result,analysis/probe/wa_pages/WCH2023/men-decathlon-400-metres.html.gz
2026-09-30T22:55:37Z,200,47215,e998aa9278ec53669b6a4c5d8dfa06b888f33b9018491fba9f97d0037c88e25c,https://worldathletics.org/competitions/world-athletics-championships/world-athletics-championships-budapest-2023-7138987/results/mixed/4x400-metres-relay-mixed/final/result,https://worldathletics.org/competitions/world-athletics-championships/world-athletics-championships-budapest-2023-7138987/results/mixed/4x400-metres-relay-mixed/final/result,analysis/probe/wa_pages/WCH2023/mixed-4x400-metres-relay-mixed-final.html.gz
2026-09-30T22:54:41Z,200,92495,7b4ace98ca54393ee0181d6dbe534860b957964254a2c2bb46c935ba68199e64,https://worldathletics.org/competitions/world-athletics-championships/world-athletics-championships-budapest-2023-7138987/results/women/400-metres/final/result,https://worldathletics.org/competitions/world-athletics-championships/world-athletics-championships-budapest-2023-7138987/results/women/400-metres/final/result,analysis/probe/wa_pages/WCH2023/women-400-metres-final.html.gz
2026-09-30T22:55:01Z,200,93708,574fd20f122cb8ff0bbb8968b07500536e2987fd0781a2fae0d322299438789c,https://worldathletics.org/competitions/world-athletics-championships/world-athletics-championships-budapest-2023-7138987/results/women/400-metres-hurdles/final/result,https://worldathletics.org/competitions/world-athletics-championships/world-athletics-championships-budapest-2023-7138987/results/women/400-metres-hurdles/final/result,analysis/probe/wa_pages/WCH2023/women-400-metres-hurdles-final.html.gz
2026-09-30T22:55:05Z,200,220612,10526b0eaa4162b1df7e41a4a6527bd09711d0acff23230fc4515c8880f142d7,https://worldathletics.org/competitions/world-athletics-championships/world-athletics-championships-budapest-2023-7138987/results/women/400-metres-hurdles/round-1/result,https://worldathletics.org/competitions/world-athletics-championships/world-athletics-championships-budapest-2023-7138987/results/women/400-metres-hurdles/round-1/result,analysis/probe/wa_pages/WCH2023/women-400-metres-hurdles-round-1.html.gz
2026-09-30T22:55:08Z,200,162021,ad586c4c38e71ba2342abe96c03d319e3c64a95c0e874f4d5bfdfdd3eff131aa,https://worldathletics.org/competitions/world-athletics-championships/world-athletics-championships-budapest-2023-7138987/results/women/400-metres-hurdles/semi-finals/result,https://worldathletics.org/competitions/world-athletics-championships/world-athletics-championships-budapest-2023-7138987/results/women/400-metres-hurdles/semi-finals/result,analysis/probe/wa_pages/WCH2023/women-400-metres-hurdles-semi-finals.html.gz
2026-09-30T22:54:45Z,200,245696,66b881e86a27bd549f3ce7292ba72494f4b064fc6a9fea0e81e454387758eb2d,https://worldathletics.org/competitions/world-athletics-championships/world-athletics-championships-budapest-2023-7138987/results/women/400-metres/round-1/result,https://worldathletics.org/competitions/world-athletics-championships/world-athletics-championships-budapest-2023-7138987/results/women/400-metres/round-1/result,analysis/probe/wa_pages/WCH2023/women-400-metres-round-1.html.gz
2026-09-30T22:54:48Z,200,161775,e049d7f301d1a5a4c1e857df5accb788cc3d552261cbc220ba940a6589384cea,https://worldathletics.org/competitions/world-athletics-championships/world-athletics-championships-budapest-2023-7138987/results/women/400-metres/semi-finals/result,https://worldathletics.org/competitions/world-athletics-championships/world-athletics-championships-budapest-2023-7138987/results/women/400-metres/semi-finals/result,analysis/probe/wa_pages/WCH2023/women-400-metres-semi-finals.html.gz
2026-09-30T22:55:18Z,200,148154,100f826bb3f0c9ac45abd4a3377d1a6cd40ceb21e2cadddb979d02c866b73993,https://worldathletics.org/competitions/world-athletics-championships/world-athletics-championships-budapest-2023-7138987/results/women/4x100-metres-relay/final/result,https://worldathletics.org/competitions/world-athletics-championships/world-athletics-championships-budapest-2023-7138987/results/women/4x100-metres-relay/final/result,analysis/probe/wa_pages/WCH2023/women-4x100-metres-relay-final.html.gz
2026-09-30T22:55:21Z,200,275592,9115c164d5b207b521caebee1a73e0e502052771feb02efea71ab509764b09a1,https://worldathletics.org/competitions/world-athletics-championships/world-athletics-championships-budapest-2023-7138987/results/women/4x100-metres-relay/round-1/result,https://worldathletics.org/competitions/world-athletics-championships/world-athletics-championships-budapest-2023-7138987/results/women/4x100-metres-relay/round-1/result,analysis/probe/wa_pages/WCH2023/women-4x100-metres-relay-round-1.html.gz
2026-09-30T22:55:31Z,200,150313,83e5d68b89b941828e445379e1a4d3e76d1fac7abf29436bbdc0751923623618,https://worldathletics.org/competitions/world-athletics-championships/world-athletics-championships-budapest-2023-7138987/results/women/4x400-metres-relay/final/result,https://worldathletics.org/competitions/world-athletics-championships/world-athletics-championships-budapest-2023-7138987/results/women/4x400-metres-relay/final/result,analysis/probe/wa_pages/WCH2023/women-4x400-metres-relay-final.html.gz
2026-09-30T22:55:34Z,200,314448,ec153f7b4e6e6e90dab47f9be00f2781066989c097c732e74c74c3e68ec59356,https://worldathletics.org/competitions/world-athletics-championships/world-athletics-championships-budapest-2023-7138987/results/women/4x400-metres-relay/round-1/result,https://worldathletics.org/competitions/world-athletics-championships/world-athletics-championships-budapest-2023-7138987/results/women/4x400-metres-relay/round-1/result,analysis/probe/wa_pages/WCH2023/women-4x400-metres-relay-round-1.html.gz
2026-09-30T23:00:05Z,200,189303,a3d2772ed13df503d1e01d5f9280e18568573f8f453f568ef7c6f9dbbfce8f40,https://worldathletics.org/competitions/world-athletics-championships/world-athletics-championships-budapest-2023-7138987/results/women/heptathlon/100-metres-hurdles/result,https://worldathletics.org/competitions/world-athletics-championships/world-athletics-championships-budapest-2023-7138987/results/women/heptathlon/100-metres-hurdles/result,analysis/probe/wa_pages/WCH2023/women-heptathlon-100-metres-hurdles.html.gz
2026-09-30T23:00:09Z,200,222025,2247af5ea135c64ff8c14c2e6bbf6395b3dd9b79c1dc0e2f7d1561eb0c4ff4c2,https://worldathletics.org/competitions/world-athletics-championships/world-athletics-championships-budapest-2023-7138987/results/women/heptathlon/200-metres/result,https://worldathletics.org/competitions/world-athletics-championships/world-athletics-championships-budapest-2023-7138987/results/women/heptathlon/200-metres/result,analysis/probe/wa_pages/WCH2023/women-heptathlon-200-metres.html.gz
2026-09-30T22:59:13Z,200,54756,3b95abb4f350cbea2ce9a01091ecc2e768066b76439957dad6026255c23c608d,https://worldathletics.org/competitions/world-athletics-championships/world-athletics-championships-tokyo-2025-7190593/results/men/100-metres/decathlon/result,https://worldathletics.org/competitions/world-athletics-championships/world-athletics-championships-tokyo-2025-7190593/results/men/100-metres/decathlon/result,analysis/probe/wa_pages/WCH2025/men-100-metres-decathlon.html.gz
2026-09-30T22:53:20Z,200,95877,ee3b04be25dddf05af4963a6b19a23b91768889ebdca1d6d8ad81371b68337a9,https://worldathletics.org/competitions/world-athletics-championships/world-athletics-championships-tokyo-2025-7190593/results/men/400-metres/final/result,https://worldathletics.org/competitions/world-athletics-championships/world-athletics-championships-tokyo-2025-7190593/results/men/400-metres/final/result,analysis/probe/wa_pages/WCH2025/men-400-metres-final.html.gz
2026-09-30T22:53:41Z,200,96199,23a6fcbe52aa2356a46543dae68d45e6467986c8ebf5fc7770a148c2fe862503,https://worldathletics.org/competitions/world-athletics-championships/world-athletics-championships-tokyo-2025-7190593/results/men/400-metres-hurdles/final/result,https://worldathletics.org/competitions/world-athletics-championships/world-athletics-championships-tokyo-2025-7190593/results/men/400-metres-hurdles/final/result,analysis/probe/wa_pages/WCH2025/men-400-metres-hurdles-final.html.gz
2026-09-30T22:53:45Z,200,241625,03c6da58927cfb5b5e8def2a6217ad906cc8e9912a2fb4e636b28336b843a1ec,https://worldathletics.org/competitions/world-athletics-championships/world-athletics-championships-tokyo-2025-7190593/results/men/400-metres-hurdles/round-1/result,https://worldathletics.org/competitions/world-athletics-championships/world-athletics-championships-tokyo-2025-7190593/results/men/400-metres-hurdles/round-1/result,analysis/probe/wa_pages/WCH2025/men-400-metres-hurdles-round-1.html.gz
2026-09-30T22:53:48Z,200,165709,7e0c03b71e4c1234562c8093eb0cb99e6c733eee45680faf223e195f6d46ae42,https://worldathletics.org/competitions/world-athletics-championships/world-athletics-championships-tokyo-2025-7190593/results/men/400-metres-hurdles/semi-finals/result,https://worldathletics.org/competitions/world-athletics-championships/world-athletics-championships-tokyo-2025-7190593/results/men/400-metres-hurdles/semi-finals/result,analysis/probe/wa_pages/WCH2025/men-400-metres-hurdles-semi-finals.html.gz
2026-09-30T22:53:27Z,200,250875,0de9ecde5d8d7d7faa4539eee4c8b3846cff099c8f3cf7a16838dec4d67fc3bc,https://worldathletics.org/competitions/world-athletics-championships/world-athletics-championships-tokyo-2025-7190593/results/men/400-metres/round-1/result,https://worldathletics.org/competitions/world-athletics-championships/world-athletics-championships-tokyo-2025-7190593/results/men/400-metres/round-1/result,analysis/probe/wa_pages/WCH2025/men-400-metres-round-1.html.gz
2026-09-30T22:53:29Z,200,163597,ccf2c0b597578e531f0a37b67294053ac3be7ae709986c8b011999d5d4a0283c,https://worldathletics.org/competitions/world-athletics-championships/world-athletics-championships-tokyo-2025-7190593/results/men/400-metres/semi-finals/result,https://worldathletics.org/competitions/world-athletics-championships/world-athletics-championships-tokyo-2025-7190593/results/men/400-metres/semi-finals/result,analysis/probe/wa_pages/WCH2025/men-400-metres-semi-finals.html.gz
2026-09-30T22:54:02Z,200,138086,15b155efa33ad591c16f48031648589dcd30315386aaaeb7812c4f19abb553b2,https://worldathletics.org/competitions/world-athletics-championships/world-athletics-championships-tokyo-2025-7190593/results/men/4x100-metres-relay/final/result,https://worldathletics.org/competitions/world-athletics-championships/world-athletics-championships-tokyo-2025-7190593/results/men/4x100-metres-relay/final/result,analysis/probe/wa_pages/WCH2025/men-4x100-metres-relay-final.html.gz
2026-09-30T22:54:05Z,200,276741,5d096c1680adde0846d1177eea097a92e290542059c8b34ad3e1c84472c4cb46,https://worldathletics.org/competitions/world-athletics-championships/world-athletics-championships-tokyo-2025-7190593/results/men/4x100-metres-relay/round-1/result,https://worldathletics.org/competitions/world-athletics-championships/world-athletics-championships-tokyo-2025-7190593/results/men/4x100-metres-relay/round-1/result,analysis/probe/wa_pages/WCH2025/men-4x100-metres-relay-round-1.html.gz
2026-09-30T22:54:15Z,200,173142,1b9723667d1543103f4f313b5539bd9d3bd50594396167fbe1e1387fc5d19e8e,https://worldathletics.org/competitions/world-athletics-championships/world-athletics-championships-tokyo-2025-7190593/results/men/4x400-metres-relay/final/result,https://worldathletics.org/competitions/world-athletics-championships/world-athletics-championships-tokyo-2025-7190593/results/men/4x400-metres-relay/final/result,analysis/probe/wa_pages/WCH2025/men-4x400-metres-relay-final.html.gz
2026-09-30T22:54:19Z,200,333731,549fb3b048ff625174b88826b89675faec552a09d370c2bd206be5135d0232e0,https://worldathletics.org/competitions/world-athletics-championships/world-athletics-championships-tokyo-2025-7190593/results/men/4x400-metres-relay/round-1/result,https://worldathletics.org/competitions/world-athletics-championships/world-athletics-championships-tokyo-2025-7190593/results/men/4x400-metres-relay/round-1/result,analysis/probe/wa_pages/WCH2025/men-4x400-metres-relay-round-1.html.gz
2026-09-30T22:59:27Z,200,200406,59c32d113bebe2c908b68d1c242f04d15f4e947fc81a2100eea0edabf744b62a,https://worldathletics.org/competitions/world-athletics-championships/world-athletics-championships-tokyo-2025-7190593/results/men/decathlon/100-metres/result,https://worldathletics.org/competitions/world-athletics-championships/world-athletics-championships-tokyo-2025-7190593/results/men/decathlon/100-metres/result,analysis/probe/wa_pages/WCH2025/men-decathlon-100-metres.html.gz
2026-09-30T22:59:46Z,200,228463,d5b5a84017c787091decdcc422d89879420b02ffba27e3f7051b3029f8905c7e,https://worldathletics.org/competitions/world-athletics-championships/world-athletics-championships-tokyo-2025-7190593/results/men/decathlon/110-metres-hurdles/result,https://worldathletics.org/competitions/world-athletics-championships/world-athletics-championships-tokyo-2025-7190593/results/men/decathlon/110-metres-hurdles/result,analysis/probe/wa_pages/WCH2025/men-decathlon-110-metres-hurdles.html.gz
2026-09-30T22:59:42Z,200,232365,0de5694012a301ca8b0d6712db969b386c1a2328cca03ed00bf4ad0e43c1e713,https://worldathletics.org/competitions/world-athletics-championships/world-athletics-championships-tokyo-2025-7190593/results/men/decathlon/400-metres/result,https://worldathletics.org/competitions/world-athletics-championships/world-athletics-championships-tokyo-2025-7190593/results/men/decathlon/400-metres/result,analysis/probe/wa_pages/WCH2025/men-decathlon-400-metres.html.gz
2026-09-30T22:58:56Z,200,62143,e8d90bc6e823aed342359bf44ff21279de1cd6b413af4b3ec14c6dcd923c4bd6,https://worldathletics.org/competitions/world-athletics-championships/world-athletics-championships-tokyo-2025-7190593/results/men/decathlon/final/result,https://worldathletics.org/competitions/world-athletics-championships/world-athletics-championships-tokyo-2025-7190593/results/men/decathlon/final/result,analysis/probe/wa_pages/WCH2025/men-decathlon-final.html.gz
2026-09-30T22:54:28Z,200,49763,831b2e7709e35fbadc3eeb9f0fe52b54106a77cf5256752615360dff2ac6bd9e,https://worldathletics.org/competitions/world-athletics-championships/world-athletics-championships-tokyo-2025-7190593/results/mixed/4x400-metres-relay-mixed/final/result,https://worldathletics.org/competitions/world-athletics-championships/world-athletics-championships-tokyo-2025-7190593/results/mixed/4x400-metres-relay-mixed/final/result,analysis/probe/wa_pages/WCH2025/mixed-4x400-metres-relay-mixed-final.html.gz
2026-09-30T22:53:32Z,200,95924,9e26a6f48cb2c3987f4afd548199be9391a85b9f548b393b56ca93edfaaa77df,https://worldathletics.org/competitions/world-athletics-championships/world-athletics-championships-tokyo-2025-7190593/results/women/400-metres/final/result,https://worldathletics.org/competitions/world-athletics-championships/world-athletics-championships-tokyo-2025-7190593/results/women/400-metres/final/result,analysis/probe/wa_pages/WCH2025/women-400-metres-final.html.gz
2026-09-30T22:53:52Z,200,96077,7e7d9c8e78f820b34069a6a90fa6ee989810d281cd98fc0593b28b8190444f4a,https://worldathletics.org/competitions/world-athletics-championships/world-athletics-championships-tokyo-2025-7190593/results/women/400-metres-hurdles/final/result,https://worldathletics.org/competitions/world-athletics-championships/world-athletics-championships-tokyo-2025-7190593/results/women/400-metres-hurdles/final/result,analysis/probe/wa_pages/WCH2025/women-400-metres-hurdles-final.html.gz
2026-09-30T22:53:55Z,200,227986,ab579efdcca253138348b1d6d9bd3cf13098367c0ccb79eda4b4db77b630102e,https://worldathletics.org/competitions/world-athletics-championships/world-athletics-championships-tokyo-2025-7190593/results/women/400-metres-hurdles/round-1/result,https://worldathletics.org/competitions/world-athletics-championships/world-athletics-championships-tokyo-2025-7190593/results/women/400-metres-hurdles/round-1/result,analysis/probe/wa_pages/WCH2025/women-400-metres-hurdles-round-1.html.gz
2026-09-30T22:53:59Z,200,165121,dd069cbf85e8ed79590d71b8de296d17ada516ba2ef90d4e6301e935c581eed4,https://worldathletics.org/competitions/world-athletics-championships/world-athletics-championships-tokyo-2025-7190593/results/women/400-metres-hurdles/semi-finals/result,https://worldathletics.org/competitions/world-athletics-championships/world-athletics-championships-tokyo-2025-7190593/results/women/400-metres-hurdles/semi-finals/result,analysis/probe/wa_pages/WCH2025/women-400-metres-hurdles-semi-finals.html.gz
2026-09-30T22:53:36Z,200,260112,8f3e219787b2bf3629893e1bc523e6167129b1656994c452436d53f0759c1883,https://worldathletics.org/competitions/world-athletics-championships/world-athletics-championships-tokyo-2025-7190593/results/women/400-metres/round-1/result,https://worldathletics.org/competitions/world-athletics-championships/world-athletics-championships-tokyo-2025-7190593/results/women/400-metres/round-1/result,analysis/probe/wa_pages/WCH2025/women-400-metres-round-1.html.gz
2026-09-30T22:53:39Z,200,163368,e0ed7bc6bc5521dfa3b4673fa2f4cd5758c6104ff538845d139c9a2e47c22652,https://worldathletics.org/competitions/world-athletics-championships/world-athletics-championships-tokyo-2025-7190593/results/women/400-metres/semi-finals/result,https://worldathletics.org/competitions/world-athletics-championships/world-athletics-championships-tokyo-2025-7190593/results/women/400-metres/semi-finals/result,analysis/probe/wa_pages/WCH2025/women-400-metres-semi-finals.html.gz
2026-09-30T22:54:09Z,200,140167,f58da9ecae0f556914af1b116ab3ed70e1707f7f02cc901117f0a90942c8028a,https://worldathletics.org/competitions/world-athletics-championships/world-athletics-championships-tokyo-2025-7190593/results/women/4x100-metres-relay/final/result,https://worldathletics.org/competitions/world-athletics-championships/world-athletics-championships-tokyo-2025-7190593/results/women/4x100-metres-relay/final/result,analysis/probe/wa_pages/WCH2025/women-4x100-metres-relay-final.html.gz
2026-09-30T22:54:12Z,200,264492,394610de5857fd0050c1a5fcee2fa3b781290df86b6e7cd1e3cb93a535289b99,https://worldathletics.org/competitions/world-athletics-championships/world-athletics-championships-tokyo-2025-7190593/results/women/4x100-metres-relay/round-1/result,https://worldathletics.org/competitions/world-athletics-championships/world-athletics-championships-tokyo-2025-7190593/results/women/4x100-metres-relay/round-1/result,analysis/probe/wa_pages/WCH2025/women-4x100-metres-relay-round-1.html.gz
2026-09-30T22:54:22Z,200,159863,aef4367045db6a534e569bd9274ae80de953540ab70ac603ef7c1c27cb1b1ae8,https://worldathletics.org/competitions/world-athletics-championships/world-athletics-championships-tokyo-2025-7190593/results/women/4x400-metres-relay/final/result,https://worldathletics.org/competitions/world-athletics-championships/world-athletics-championships-tokyo-2025-7190593/results/women/4x400-metres-relay/final/result,analysis/probe/wa_pages/WCH2025/women-4x400-metres-relay-final.html.gz
2026-09-30T22:54:26Z,200,304256,eb4104f14304a2178aed1e5cd7df8fd081b04d7c37cd942a65188da71a3a7e6d,https://worldathletics.org/competitions/world-athletics-championships/world-athletics-championships-tokyo-2025-7190593/results/women/4x400-metres-relay/round-1/result,https://worldathletics.org/competitions/world-athletics-championships/world-athletics-championships-tokyo-2025-7190593/results/women/4x400-metres-relay/round-1/result,analysis/probe/wa_pages/WCH2025/women-4x400-metres-relay-round-1.html.gz
2026-09-30T22:59:49Z,200,198191,08e769239679038fd85d67ece416e450db0395aef39fa332c738a32a82e32062,https://worldathletics.org/competitions/world-athletics-championships/world-athletics-championships-tokyo-2025-7190593/results/women/heptathlon/100-metres-hurdles/result,https://worldathletics.org/competitions/world-athletics-championships/world-athletics-championships-tokyo-2025-7190593/results/women/heptathlon/100-metres-hurdles/result,analysis/probe/wa_pages/WCH2025/women-heptathlon-100-metres-hurdles.html.gz
2026-09-30T22:59:52Z,200,230617,eccb9251085f5748f1a031aae1d6f7fe9d75b53b4708ec1dbbbce833f90cb3ae,https://worldathletics.org/competitions/world-athletics-championships/world-athletics-championships-tokyo-2025-7190593/results/women/heptathlon/200-metres/result,https://worldathletics.org/competitions/world-athletics-championships/world-athletics-championships-tokyo-2025-7190593/results/women/heptathlon/200-metres/result,analysis/probe/wa_pages/WCH2025/women-heptathlon-200-metres.html.gz
2026-09-30T22:59:00Z,200,59885,430919b6d7ae30a2ba9c6a14ae4847601cff03640ac9f56cb6d231f20ecfe9d8,https://worldathletics.org/competitions/world-athletics-championships/world-athletics-championships-tokyo-2025-7190593/results/women/heptathlon/final/result,https://worldathletics.org/competitions/world-athletics-championships/world-athletics-championships-tokyo-2025-7190593/results/women/heptathlon/final/result,analysis/probe/wa_pages/WCH2025/women-heptathlon-final.html.gz
