video_id,t_cand,score,race_loud,set_gap,best_race,best_hits,second_race,second_hits
i8spi5W5Wyc,183.55,68.48,23.7,1.945,WCH2025-100m-M-F-H1,4,WCH2025-100m-M-SF-H3,3
i8spi5W5Wyc,508.845,71.67,31.37,1.835,WCH2025-100m-M-SF-H2,3,WCH2025-100m-M-R1-H2,3
i8spi5W5Wyc,812.075,26.8,6.59,2.365,WCH2025-100m-M-R1-H3,5,WCH2025-100m-M-SF-H2,3
i8spi5W5Wyc,922.685,57.51,22.31,1.325,WCH2025-100m-M-R1-H3,8,WCH2025-100m-M-SF-H2,3
i8spi5W5Wyc,1171.55,71.09,32.17,2.18,WCH2025-100m-M-R1-H4,4,WCH2025-100m-M-SF-H2,3
i8spi5W5Wyc,1262.385,27.4,6.3,1.94,WCH2025-100m-M-SF-H2,3,WCH2025-100m-M-SF-H1,3
i8spi5W5Wyc,1591.08,57.57,13.72,2.05,WCH2025-100m-M-R1-H5,7,WCH2025-100m-M-SF-H3,3
i8spi5W5Wyc,1822.44,62.57,18.2,1.96,WCH2025-100m-M-R1-H6,5,WCH2025-100m-M-SF-H3,3
i8spi5W5Wyc,2011.525,65.32,28.66,1.335,WCH2025-100m-M-R1-H6,5,WCH2025-100m-M-SF-H2,1
i8spi5W5Wyc,2213.075,61.51,15.9,1.595,WCH2025-100m-M-R1-H7,6,WCH2025-100m-M-SF-H1,3
i8spi5W5Wyc,2323.805,38.15,13.38,2.58,WCH2025-100m-M-R1-H7,4,WCH2025-100m-M-SF-H2,3
i8spi5W5Wyc,2470.67,71.18,29.14,2.05,WCH2025-100m-M-SF-H1,8,WCH2025-100m-M-F-H1,3
i8spi5W5Wyc,2743.9,65.66,35.48,2.11,WCH2025-100m-M-SF-H2,6,WCH2025-100m-M-SF-H1,5
i8spi5W5Wyc,3044.86,70.03,28.2,2.215,WCH2025-100m-M-SF-H3,6,WCH2025-100m-M-F-H1,6
i8spi5W5Wyc,3187.925,70.84,32.29,2.575,WCH2025-100m-M-SF-H3,5,WCH2025-100m-M-R1-H5,4
i8spi5W5Wyc,3551.12,59.64,19.39,2.61,WCH2025-100m-M-F-H1,6,WCH2025-100m-M-SF-H1,3
i8spi5W5Wyc,3666.335,68.01,24.42,2.4,WCH2025-100m-M-F-H1,6,WCH2025-100m-M-SF-H1,3
i8spi5W5Wyc,4048.07,26.79,3.78,2.48,WCH2025-100m-M-F-H1,4,WCH2025-100m-M-SF-H2,3
