r,icc,n_races,n_rts,power,mc_se,power_analytic
0.1,0.0,10,80,0.1143,0.0031817528188091545,0.11168034218640688
0.1,0.0,15,120,0.1647,0.003709095711895286,0.16156795836384458
0.1,0.0,20,160,0.2163,0.004117211556381333,0.21094803439887522
0.1,0.0,25,200,0.2595,0.004383602970160504,0.25979913438570523
0.1,0.0,30,240,0.306,0.004608296865437381,0.30780940350981884
0.1,0.0,40,320,0.4036,0.004906190375433877,0.40001382939768393
0.1,0.0,50,400,0.4954,0.004999788395522354,0.48545800349814455
0.1,0.0,60,480,0.5723,0.004947450959837803,0.5628929278298199
0.1,0.0,70,560,0.6389,0.004803194666053001,0.6317970229169713
0.1,0.0,80,640,0.6992,0.004586058874458548,0.6921820930776483
0.1,0.0,90,720,0.7498,0.004331281103784421,0.744421484586279
0.1,0.0,100,800,0.797,0.0040223251981907175,0.7891136135098641
0.1,0.0,120,960,0.8648,0.003419370702336908,0.8587870939414122
0.1,0.0,150,1200,0.9281,0.002583222599777262,0.9253192422752966
0.1,0.0,200,1600,0.9757,0.0015397892712965626,0.9760385401009154
0.1,0.0,250,2000,0.9946,0.000732860150369766,0.9928486681750958
0.1,0.0,300,2400,0.9988,0.0003462022530255947,0.9979819461793535
0.1,0.0,400,3200,0.9999,9.999499987498824e-05,0.9998585049703533
0.1,0.05,10,80,0.098,0.0029731464814233425,0.09359327105907678
0.1,0.05,15,120,0.1357,0.003424697212893426,0.1312127145166398
0.1,0.05,20,160,0.168,0.0037386628625753356,0.16827293788942382
0.1,0.05,25,200,0.2015,0.004011206177697676,0.20509370715762687
0.1,0.05,30,240,0.2399,0.0042702223595499095,0.24164111061386917
0.1,0.05,40,320,0.3165,0.004651104707486169,0.31340408852436624
0.1,0.05,50,400,0.3865,0.004869473790873096,0.3824826340275891
0.1,0.05,60,480,0.4466,0.004971402618979879,0.44797461815932565
0.1,0.05,70,560,0.5109,0.004998811758808287,0.5092522711561116
0.1,0.05,80,640,0.5699,0.0049508988072874205,0.5659396109130421
0.1,0.05,90,720,0.6183,0.004858035714154436,0.61786783568017
0.1,0.05,100,800,0.6654,0.004718504424073374,0.6650299713484311
0.1,0.05,120,960,0.7457,0.004354670021941961,0.7456005806113857
0.1,0.05,150,1200,0.8393,0.0036725401291204424,0.8358492798225476
0.1,0.05,200,1600,0.9269,0.002603005762575259,0.9251534550163228
0.1,0.05,250,2000,0.9681,0.0017573386127892382,0.9676833347394996
0.1,0.05,300,2400,0.9852,0.0012075164595151504,0.9866349465030293
0.1,0.05,400,3200,0.9977,0.00047903131421651017,0.9979310755279671
0.1,0.1,10,80,0.0899,0.002860384414724706,0.08262893138800509
0.1,0.1,15,120,0.1148,0.00318780425998837,0.11303050821622368
0.1,0.1,20,160,0.1418,0.003488448938998534,0.1427592753314783
0.1,0.1,25,200,0.1701,0.003757206275944934,0.17225873401218827
0.1,0.1,30,240,0.2023,0.004017147122025779,0.20161402037145998
0.1,0.1,40,320,0.2607,0.004390165258848464,0.2597657109378674
0.1,0.1,50,400,0.3208,0.00466784061424552,0.31672856011650524
0.1,0.1,60,480,0.3696,0.004826964263385425,0.371949937266702
0.1,0.1,70,560,0.423,0.004940354238311257,0.4249639793903609
0.1,0.1,80,640,0.4746,0.004993544232306349,0.4754173971905166
0.1,0.1,90,720,0.5238,0.004994332387817215,0.5230645385093787
0.1,0.1,100,800,0.5694,0.004951602164956308,0.5677540499372732
0.1,0.1,120,960,0.6384,0.0048046377594986285,0.6480362898030674
0.1,0.1,150,1200,0.7446,0.004360858172424322,0.7463097374062136
0.1,0.1,200,1600,0.8606,0.0034636345072770014,0.8591258347657695
0.1,0.1,250,2000,0.921,0.0026973876250920995,0.9250606538752479
0.1,0.1,300,2400,0.957,0.0020285709255532585,0.9614891028774256
0.1,0.1,400,3200,0.9897,0.0010096489488926324,0.9906238894832555
0.1,0.2,10,80,0.0772,0.0026690852365557753,0.06981524046633494
0.1,0.2,15,120,0.096,0.002945912422323515,0.09211609858791786
0.1,0.2,20,160,0.1138,0.0031756819740018046,0.11360413356471027
0.1,0.2,25,200,0.136,0.0034278856457005684,0.13478376538415576
0.1,0.2,30,240,0.1545,0.003614273785976929,0.15582343635166784
0.1,0.2,40,320,0.202,0.004014922166119787,0.19766692908714423
0.1,0.2,50,400,0.2446,0.004298497877165929,0.2391786134143038
0.1,0.2,60,480,0.279,0.004485075250204839,0.28019120143899295
0.1,0.2,70,560,0.3212,0.00466937426214691,0.32049877773916435
0.1,0.2,80,640,0.3558,0.004787550104176456,0.35990510977162493
0.1,0.2,90,720,0.3981,0.004895062716656447,0.39823893089760853
0.1,0.2,100,800,0.4323,0.004953955086594952,0.4353580889545976
0.1,0.2,120,960,0.4993,0.004999995099997599,0.5055268196207773
0.1,0.2,150,1200,0.5945,0.004909885436545337,0.5996661101072388
0.1,0.2,200,1600,0.7233,0.004473668628765434,0.7261660984122977
0.1,0.2,250,2000,0.8094,0.0039277428632740205,0.8180416677710985
0.1,0.2,300,2400,0.8758,0.003298095814254037,0.8819579851140127
0.1,0.2,400,3200,0.9511,0.002156589668898561,0.9531226046657674
0.16,0.0,10,80,0.2272,0.004190228633380283,0.21595753032222187
0.16,0.0,15,120,0.3511,0.004773141418395227,0.33622861895768885
0.16,0.0,20,160,0.4683,0.004989940981614913,0.4481460642652722
0.16,0.0,25,200,0.565,0.0049575699692490476,0.5483111780867065
0.16,0.0,30,240,0.6495,0.004771265555384651,0.6352591194608012
0.16,0.0,40,320,0.7819,0.004129556755875865,0.7701211503438448
0.16,0.0,50,400,0.8676,0.0033892512447441835,0.8604214341005156
0.16,0.0,60,480,0.9247,0.002638747998578114,0.9177743001859914
0.16,0.0,70,560,0.9563,0.00204426783959441,0.9527639393465186
0.16,0.0,80,640,0.9779,0.0014700880925985356,0.9734374960288836
0.16,0.0,90,720,0.9871,0.0011284320980900898,0.9853355007675081
0.16,0.0,100,800,0.993,0.0008337265738837887,0.9920333707393993
0.16,0.0,120,960,0.9983,0.00041195994950966224,0.9977435998531563
0.16,0.0,150,1200,1.0,0.0,0.9996871094286429
0.16,0.0,200,1600,1.0,0.0,0.9999901527827466
0.16,0.0,250,2000,1.0,0.0,0.9999997335517351
0.16,0.0,300,2400,1.0,0.0,0.9999999935520948
0.16,0.0,400,3200,1.0,0.0,0.9999999999970416
0.16,0.05,10,80,0.1822,0.0038600927449997883,0.17325845592960953
0.16,0.05,15,120,0.2739,0.004459582828023266,0.2655567203325302
0.16,0.05,20,160,0.3751,0.004841487271490033,0.354724966363708
0.16,0.05,25,200,0.4478,0.004972676945066912,0.43873224539260286
0.16,0.05,30,240,0.5223,0.0049950246245639264,0.5161611721404308
0.16,0.05,40,320,0.6564,0.004749095071695238,0.6487175064636077
0.16,0.05,50,400,0.7603,0.004269003513701997,0.7515637158930583
0.16,0.05,60,480,0.8376,0.0036881735317091575,0.8280974136283149
0.16,0.05,70,560,0.8897,0.0031326332373899112,0.8832407095080214
0.16,0.05,80,640,0.9262,0.0026144513764841753,0.9219543298798597
0.16,0.05,90,720,0.9502,0.0021753151495817785,0.9485566028864509
0.16,0.05,100,800,0.967,0.00178636502428815,0.96650809597839
0.16,0.05,120,960,0.9876,0.0011066273085370687,0.986251109873149
0.16,0.05,150,1200,0.9967,0.0005735076285455992,0.996613812102656
0.16,0.05,200,1600,0.9994,0.0002448754785600316,0.9997130705067543
0.16,0.05,250,2000,1.0,0.0,0.9999784949014898
0.16,0.05,300,2400,1.0,0.0,0.999998529476602
0.16,0.05,400,3200,1.0,0.0,0.9999999943835609
0.16,0.1,10,80,0.1545,0.003614273785976929,0.14735522965419695
0.16,0.1,15,120,0.2312,0.004216,0.22192185780019014
0.16,0.1,20,160,0.308,0.004616665463297075,0.2951063780134724
0.16,0.1,25,200,0.3716,0.0048323228368973865,0.3658187206470125
0.16,0.1,30,240,0.4366,0.004959641519303588,0.43305720844917706
0.16,0.1,40,320,0.5582,0.004966012082143981,0.5545090544411031
0.16,0.1,50,400,0.6645,0.004721649605805157,0.6567155129327522
0.16,0.1,60,480,0.7519,0.0043191016427030285,0.7398338748612666
0.16,0.1,70,560,0.8199,0.0038427072488025943,0.8056363199449732
0.16,0.1,80,640,0.8646,0.003421503178429036,0.8566062813618843
0.16,0.1,90,720,0.899,0.003013287241535396,0.8953767271517447
0.16,0.1,100,800,0.9263,0.0026128205066555947,0.9244161572507146
0.16,0.1,120,960,0.9622,0.00190712243969809,0.9615585539968114
0.16,0.1,150,1200,0.9866,0.0011498017220373245,0.9867870389578172
0.16,0.1,200,1600,0.9981,0.00043547560207203486,0.998004155556352
0.16,0.1,250,2000,0.9996,0.0001999599959991888,0.9997280918476379
0.16,0.1,300,2400,0.9999,9.999499987498824e-05,0.999965734844198
0.16,0.1,400,3200,1.0,0.0,0.9999995425460887
0.16,0.2,10,80,0.1238,0.0032935324501209944,0.1174160190440438
0.16,0.2,15,120,0.1773,0.0038192238740351425,0.17125171386117244
0.16,0.2,20,160,0.2343,0.004235605151569254,0.2245397808018531
0.16,0.2,25,200,0.28,0.00448998886412873,0.2771180870054186
0.16,0.2,30,240,0.3294,0.004699953616792404,0.32857058202411843
0.16,0.2,40,320,0.4237,0.004941440174685919,0.42654620578923397
0.16,0.2,50,400,0.5216,0.004995332221184093,0.5160871123691269
0.16,0.2,60,480,0.6002,0.0048985708119817966,0.5959503267212685
0.16,0.2,70,560,0.6712,0.004697771386519356,0.6657859070776067
0.16,0.2,80,640,0.7323,0.004427603302013404,0.7258599528954748
0.16,0.2,90,720,0.7819,0.004129556755875865,0.7768265513135921
0.16,0.2,100,800,0.8265,0.0037867895373257807,0.8195556924445735
0.16,0.2,120,960,0.8884,0.0031487368896114523,0.8841615787806094
0.16,0.2,150,1200,0.9426,0.0023260533097932217,0.9426716308471181
0.16,0.2,200,1600,0.9827,0.0013038677080133545,0.9836306933772215
0.16,0.2,250,2000,0.9963,0.0006071498991188285,0.9956754188122645
0.16,0.2,300,2400,0.9989,0.0003314800144805098,0.9989238572981343
0.16,0.2,400,3200,0.9999,9.999499987498824e-05,0.9999417995153037
0.2,0.0,10,80,0.3249,0.004683374744775396,0.3062049349471695
0.2,0.0,15,120,0.5025,0.00499993749960937,0.47722811506393903
0.2,0.0,20,160,0.6465,0.004780562205431491,0.6197724706864234
0.2,0.0,25,200,0.7569,0.0042895499763961255,0.7312210828797141
0.2,0.0,30,240,0.83,0.00375632799419859,0.8144231694861087
0.2,0.0,40,320,0.9223,0.0026769891669560413,0.9164119859115802
0.2,0.0,50,400,0.9705,0.0016920328011004978,0.9645321766462442
0.2,0.0,60,480,0.9879,0.001093324745901235,0.9856362722217016
0.2,0.0,70,560,0.9951,0.0006982828939620399,0.9943984736370731
0.2,0.0,80,640,0.9984,0.0003996798718975032,0.9978829827072123
0.2,0.0,90,720,0.9996,0.0001999599959991888,0.9992209065676008
0.2,0.0,100,800,0.9997,0.00017317909804591517,0.9997197836714387
0.2,0.0,120,960,1.0,0.0,0.9999657865661242
0.2,0.0,150,1200,1.0,0.0,0.9999986993140243
0.2,0.0,200,1600,1.0,0.0,0.9999999955355877
0.2,0.0,250,2000,1.0,0.0,0.9999999999874738
0.2,0.0,300,2400,1.0,0.0,0.9999999999999697
0.2,0.0,400,3200,1.0,0.0,1.0
0.2,0.05,10,80,0.2538,0.004351845125920729,0.24380091213430605
0.2,0.05,15,120,0.4033,0.0049055999633072405,0.3810989274728662
0.2,0.05,20,160,0.5284,0.004991927884094481,0.505065885183985
0.2,0.05,25,200,0.6233,0.00484558675497612,0.6118419537879473
0.2,0.05,30,240,0.7118,0.0045292467364894135,0.7005865271129414
0.2,0.05,40,320,0.8377,0.003687257924257537,0.8290146869752639
0.2,0.05,50,400,0.9114,0.0028416551514918206,0.906592838868501
0.2,0.05,60,480,0.9564,0.002042034279829797,0.9507516859705507
0.2,0.05,70,560,0.9771,0.0014958472515601328,0.974781794751638
0.2,0.05,80,640,0.9892,0.0010336034055671464,0.9874005023615366
0.2,0.05,90,720,0.9945,0.0007395775821372596,0.9938363909856793
0.2,0.05,100,800,0.9976,0.0004893097178679326,0.9970395765839777
0.2,0.05,120,960,0.9996,0.0001999599959991888,0.9993481550571848
0.2,0.05,150,1200,1.0,0.0,0.9999386890907149
0.2,0.05,200,1600,1.0,0.0,0.9999990091171956
0.2,0.05,250,2000,1.0,0.0,0.9999999864590736
0.2,0.05,300,2400,1.0,0.0,0.9999999998364296
0.2,0.05,400,3200,1.0,0.0,0.9999999999999818
0.2,0.1,10,80,0.2143,0.004103358502495243,0.2050658460381367
0.2,0.1,15,120,0.3337,0.0047153399665347566,0.3183936875537127
0.2,0.1,20,160,0.4439,0.004968428222285192,0.4249817152555597
0.2,0.1,25,200,0.5297,0.004991171305415193,0.5217253420060433
0.2,0.1,30,240,0.6107,0.004875915401234931,0.6070694208462412
0.2,0.1,40,320,0.7527,0.004314425917778633,0.7429516100298231
0.2,0.1,50,400,0.8445,0.0036238067001428207,0.8375442504765815
0.2,0.1,60,480,0.9102,0.0028589501569632166,0.900175572615991
0.2,0.1,70,560,0.9452,0.002275894549402497,0.9400860306900483
0.2,0.1,80,640,0.9669,0.0017889770820220146,0.9647530280605157
0.2,0.1,90,720,0.9808,0.0013722740251130602,0.9796206204187576
0.2,0.1,100,800,0.9898,0.0010047865444958938,0.9883944295484205
0.2,0.1,120,960,0.9966,0.0005821030836544296,0.9963799297776565
0.2,0.1,150,1200,0.9994,0.0002448754785600316,0.99941732158762
0.2,0.1,200,1600,1.0,0.0,0.999976301038841
0.2,0.1,250,2000,1.0,0.0,0.9999991655638413
0.2,0.1,300,2400,1.0,0.0,0.9999999735966912
0.2,0.1,400,3200,1.0,0.0,0.9999999999790785
0.2,0.2,10,80,0.1706,0.003761590621000643,0.15975717919995552
0.2,0.2,15,120,0.2539,0.004352410711318499,0.24286163656558135
0.2,0.2,20,160,0.3356,0.004721997882252808,0.323875985522761
0.2,0.2,25,200,0.4097,0.004917783138772998,0.40126478181369557
0.2,0.2,30,240,0.479,0.004995588053472784,0.4738049061837831
0.2,0.2,40,320,0.6075,0.004883070243197409,0.6016054284284302
0.2,0.2,50,400,0.7094,0.004540392494047183,0.705147048667225
0.2,0.2,60,480,0.796,0.004029689814365368,0.7859144756609835
0.2,0.2,70,560,0.8562,0.0035088681935917746,0.8470831234176617
0.2,0.2,80,640,0.8993,0.003009310718420416,0.8923172348870074
0.2,0.2,90,720,0.9269,0.002603005762575259,0.925112753925506
0.2,0.2,100,800,0.9484,0.0022121808244354706,0.9484950285717997
0.2,0.2,120,960,0.9778,0.0014733349924575874,0.9763298540881997
0.2,0.2,150,1200,0.9926,0.0008570437561758421,0.9930524757360675
0.2,0.2,200,1600,0.999,0.0003160696125855823,0.9992022650922939
0.2,0.2,250,2000,0.9998,0.0001414072133945005,0.9999181741831292
0.2,0.2,300,2400,0.9999,9.999499987498824e-05,0.999992288905048
0.2,0.2,400,3200,1.0,0.0,0.9999999432406106
0.3,0.0,10,80,0.6133,0.004869939527345283,0.5633200479203335
0.3,0.0,15,120,0.8275,0.0037781443858063445,0.7924422625803158
0.3,0.0,20,160,0.9247,0.002638747998578114,0.9103339027425085
0.3,0.0,25,200,0.9689,0.0017358798921584414,0.9638522609589344
0.3,0.0,30,240,0.9875,0.0011110243021644466,0.9861803689387729
0.3,0.0,40,320,0.9987,0.00036032069049666963,0.9982077194495365
0.3,0.0,50,400,0.9998,0.0001414072133945005,0.9997935502535518
0.3,0.0,60,480,1.0,0.0,0.9999782225921934
0.3,0.0,70,560,1.0,0.0,0.9999978552859404
0.3,0.0,80,640,1.0,0.0,0.9999998001968412
0.3,0.0,90,720,1.0,0.0,0.9999999822259551
0.3,0.0,100,800,1.0,0.0,0.9999999984795802
0.3,0.0,120,960,1.0,0.0,0.9999999999899036
0.3,0.0,150,1200,1.0,0.0,0.9999999999999954
0.3,0.0,200,1600,1.0,0.0,1.0
0.3,0.0,250,2000,1.0,0.0,1.0
0.3,0.0,300,2400,1.0,0.0,1.0
0.3,0.0,400,3200,1.0,0.0,1.0
0.3,0.05,10,80,0.5086,0.004999260345291091,0.4628486543819369
0.3,0.05,15,120,0.7168,0.004505527272140299,0.6858516829366007
0.3,0.05,20,160,0.8497,0.003573652333397864,0.8287112213030643
0.3,0.05,25,200,0.9221,0.0026801416007367963,0.911387576840357
0.3,0.05,30,240,0.9609,0.0019383289194561388,0.9560118398851067
0.3,0.05,40,320,0.9921,0.0008853016435091498,0.9901421956836371
0.3,0.05,50,400,0.9984,0.0003996798718975032,0.9979928060554316
0.3,0.05,60,480,0.9996,0.0001999599959991888,0.9996197792873385
0.3,0.05,70,560,0.9998,0.0001414072133945005,0.9999319622064273
0.3,0.05,80,640,1.0,0.0,0.999988377295331
0.3,0.05,90,720,1.0,0.0,0.9999980900566361
0.3,0.05,100,800,1.0,0.0,0.9999996963439116
0.3,0.05,120,960,1.0,0.0,0.9999999929307837
0.3,0.05,150,1200,1.0,0.0,0.9999999999786439
0.3,0.05,200,1600,1.0,0.0,0.999999999999999
0.3,0.05,250,2000,1.0,0.0,1.0
0.3,0.05,300,2400,1.0,0.0,1.0
0.3,0.05,400,3200,1.0,0.0,1.0
0.3,0.1,10,80,0.4262,0.004945235687002188,0.3928568102112772
0.3,0.1,15,120,0.6266,0.004837069774150462,0.5988051662796102
0.3,0.1,20,160,0.7697,0.0042102483299681975,0.7488016700495833
0.3,0.1,25,200,0.8624,0.0034447966558274518,0.8491249221021173
0.3,0.1,30,240,0.9212,0.002694263535736621,0.9123494219729745
0.3,0.1,40,320,0.9766,0.0015117023516552448,0.9726375569594827
0.3,0.1,50,400,0.9945,0.0007395775821372596,0.9921148092554508
0.3,0.1,60,480,0.9987,0.00036032069049666963,0.9978623308314887
0.3,0.1,70,560,0.9996,0.0001999599959991888,0.9994479873216998
0.3,0.1,80,640,0.9997,0.00017317909804591517,0.9998630306366864
0.3,0.1,90,720,0.9999,9.999499987498824e-05,0.9999671348707633
0.3,0.1,100,800,1.0,0.0,0.9999923372194768
0.3,0.1,120,960,1.0,0.0,0.9999996122706385
0.3,0.1,150,1200,1.0,0.0,0.9999999961706908
0.3,0.1,200,1600,1.0,0.0,0.9999999999986765
0.3,0.1,250,2000,1.0,0.0,0.9999999999999997
0.3,0.1,300,2400,1.0,0.0,1.0
0.3,0.1,400,3200,1.0,0.0,1.0
0.3,0.2,10,80,0.33,0.004702127178203499,0.30365040416295586
0.3,0.2,15,120,0.498,0.004999959999839999,0.47342567019144266
0.3,0.2,20,160,0.6364,0.004810353833139512,0.6154364757541285
0.3,0.2,25,200,0.7405,0.004383602970160504,0.726938531172
0.3,0.2,30,240,0.8198,0.003843539514562066,0.8105676462386792
0.3,0.2,40,320,0.9215,0.0026895678091470388,0.9138052928614948
0.3,0.2,50,400,0.9671,0.0017837485809384694,0.9630304447699707
0.3,0.2,60,480,0.9877,0.0011022118671108552,0.9848594364689744
0.3,0.2,70,560,0.9958,0.0006467116822819873,0.9940270040548123
0.3,0.2,80,640,0.9981,0.00043547560207203486,0.9977157889382366
0.3,0.2,90,720,0.9992,0.00028272955275316074,0.9991492129648611
0.3,0.2,100,800,0.9994,0.0002448754785600316,0.9996902423335834
0.3,0.2,120,960,1.0,0.0,0.9999612288498502
0.3,0.2,150,1200,1.0,0.0,0.9999984688424906
0.3,0.2,200,1600,1.0,0.0,0.9999999943916256
0.3,0.2,250,2000,1.0,0.0,0.9999999999831855
0.3,0.2,300,2400,1.0,0.0,0.9999999999999565
0.3,0.2,400,3200,1.0,0.0,1.0
