study_id,finding_id,in_primary,citation,year,doi,pub_type,access,data_source,championships,n_championships,events,finding,effect_type,effect_detail,design_class,m_averages_venues,conclusion_scope,depends_on_between_contrast,vulnerable,reports_champ_difference,conflict_group,direction,verification_tag,design_tag,evidence,forensics_check,notes
Collet1999,Collet1999.F1,yes,Collet C. Strategic aspects of reaction time in world-class sprinters. Percept Mot Skills 1999;88:65-75,1999,10.2466/pms.1999.88.1.65,journal,closed,official RTs (source not stated in abstract),"World Championships and Olympic Games (finalists; editions not in abstract, 1987-1997 per lit/systematic_forensics.md [S]); World Junior Championships",unclear (>=2),"60 m indoor, 100 m, 200 m, 400 m, relays","Mean RT increases from 60 m indoor to 100, 200, 400 m and the 4x400 m lead-off leg",other,event / race length (60 m indoor comes only from indoor championships),U,na,generalised,unclear,no,no,,,V-ABS,V-ABS,abstract: findings (i)-(ii); handling of championships not described,,class U: the abstract does not say how championships were handled
Collet1999,Collet1999.F2,yes,Collet C. Strategic aspects of reaction time in world-class sprinters. Percept Mot Skills 1999;88:65-75,1999,10.2466/pms.1999.88.1.65,journal,closed,official RTs (source not stated in abstract),"World Championships and Olympic Games (finalists; editions not in abstract, 1987-1997 per lit/systematic_forensics.md [S]); World Junior Championships",unclear (>=2),"60 m indoor, 100 m, 200 m, 400 m, relays",RT decreases from heats to final for the eight finalists,round,heats to final,U,na,generalised,no,no,no,round,finals_fastest,V-ABS,V-ABS,abstract finding (iii),lit/systematic_forensics.md s4 A3 lists it [V-ABS]; agrees,
Collet1999,Collet1999.F3,yes,Collet C. Strategic aspects of reaction time in world-class sprinters. Percept Mot Skills 1999;88:65-75,1999,10.2466/pms.1999.88.1.65,journal,closed,official RTs (source not stated in abstract),"World Championships and Olympic Games (finalists; editions not in abstract, 1987-1997 per lit/systematic_forensics.md [S]); World Junior Championships",unclear (>=2),"60 m indoor, 100 m, 200 m, 400 m, relays",The heats-to-final decrease is absent in junior sprinters at their own World Championships; RT is a skill dependent on experience,other,experience / age group (junior vs senior championships),E,na,generalised,yes,yes,no,,,V-ABS,V-ABS,abstract finding (iv): juniors 'taking part in their own World Championships',,"E: age group is constant within championship, so the junior-senior contrast is between championships"
Brown2008,Brown2008.F1,yes,"Brown AM, Kenwell ZR, Maraj BKV, Collins DF. 'Go' signal intensity influences the sprint start. Med Sci Sports Exerc 2008;40:1142-8",2008,10.1249/mss.0b013e31816770e1,journal,closed (author copy online),IAAF archives; Athens 2004 Olympic loud-gun start (Omega/Swiss Timing),OG 2004,1,"100 m, 100/110 mH",Lane 1 (nearest the starter) RT 160 ms vs lanes 2-8 175 +/- 5 ms; lane 2 faster than lane 7,lane,distance to the loud gun,S,na,generalised,no,yes,no,lane,present,V-FT,V-FT,abstract conclusion: 'procedures presently used to start the Olympic sprint events afford runners closer to the starter the advantage',lit/systematic_forensics.md s2/s4 A5 [V-FT]; agrees (one championship),"S: one championship, conclusion generalised to Olympic start procedures; the lab arm (80/100/120 dB) is context"
Delalija2008,Delalija2008.F1,yes,"Delalija A, Babic V. Reaction time and sprint results in athletics. Int J Perform Anal Sport 2008;8(2)",2008,10.1080/24748668.2008.11868436,journal,unknown,"official RTs, 2004 Olympic Games",OG 2004,1,"all sprint and hurdle events (250 W, 360 M)",Mean RT increases significantly with sprint distance,other,event / race length,S,na,generalised,no,yes,no,,,V-ABS,V-ABS,abstract,,
Delalija2008,Delalija2008.F2,yes,"Delalija A, Babic V. Reaction time and sprint results in athletics. Int J Perform Anal Sport 2008;8(2)",2008,10.1080/24748668.2008.11868436,journal,unknown,"official RTs, 2004 Olympic Games",OG 2004,1,"all sprint and hurdle events (250 W, 360 M)",Significant RT-result correlation only in women's 100 mH and men's 100 m and 110 mH,performance_correlation,RT vs race time,S,na,generalised,no,yes,no,performance_correlation,mixed,V-ABS,V-ABS,"abstract: 'Up until nowadays, the research studies were not able to establish any statistically significant correlation...' (positions the result as general)",,
BabicDelalija2009sex,BabicDelalija2009sex.F1,yes,"Babic V, Delalija A. Reaction time trends in the sprint and hurdle events at the 2004 Olympic Games: differences between male and female athletes. New Stud Athl 2009;24(1):59-68",2009,,NSA,OA,"official RTs, 2004 Olympic Games",OG 2004,1,sprint and hurdle events,"Men faster than women at all levels in 100 m, 110/100 mH and 400 mH, otherwise only in early rounds; finalists mostly not different; no difference in 200 m",sex,,S,na,generalised,no,yes,no,sex,present,V-FT,V-FT,abstract: 'The results confirm previous findings that mean reaction time values are less for men than for women',lit/systematic_forensics.md s4 A2 [V-FT]; agrees,
BabicDelalija2009sex,BabicDelalija2009sex.F2,yes,"Babic V, Delalija A. Reaction time trends in the sprint and hurdle events at the 2004 Olympic Games: differences between male and female athletes. New Stud Athl 2009;24(1):59-68",2009,,NSA,OA,"official RTs, 2004 Olympic Games",OG 2004,1,sprint and hurdle events,No significant differences between competitive levels (rounds) for men,round,competitive level,S,na,generalised,no,yes,no,round,none,V-FT,V-FT,abstract: 'it was not possible to use reaction time as a parameter for drawing conclusions about competitive quality',,
BabicDelalija2009women,BabicDelalija2009women.F1,yes,"Babic V, Delalija A. Reaction time trends in the women's sprint and hurdle events at the 2004 Olympic Games. New Stud Athl 2009;24(1):49-57",2009,,NSA,OA,"official RTs, 2004 Olympic Games",OG 2004,1,women's sprint and hurdle events (n = 250),Significant RT differences between events,other,event,S,na,generalised,no,yes,no,,,V-ABS,V-ABS,abstract: 'confirming the findings of earlier studies',,
BabicDelalija2009women,BabicDelalija2009women.F2,yes,"Babic V, Delalija A. Reaction time trends in the women's sprint and hurdle events at the 2004 Olympic Games. New Stud Athl 2009;24(1):49-57",2009,,NSA,OA,"official RTs, 2004 Olympic Games",OG 2004,1,women's sprint and hurdle events (n = 250),Level (round) differences only in 100 m and 400 m (negative trend) and 100 mH (positive trend),round,competitive level,S,na,generalised,no,yes,no,round,mixed,V-ABS,V-ABS,abstract: 'reaction time can be considered as one of the possible determinants of competitive quality',,
Lipps2011,Lipps2011.F1,yes,"Lipps DB, Galecki AT, Ashton-Miller JA. On the implications of a sex difference in the reaction times of sprinters at the Beijing Olympics. PLoS One 2011;6:e26141",2011,10.1371/journal.pone.0026141,journal,OA,"official RTs, Beijing 2008 (Swiss Timing/Omega; force threshold undisclosed)",OG 2008,1,sprint and hurdle events (fastest RT of 425 sprinters),"99.9% lower bounds of the fastest valid RT: 109 ms (men), 121 ms (women); 'neither men nor women can react in 100 ms'",threshold_limit,minimum legitimate RT,S,na,generalised,yes,yes,no,threshold_limit,keep_or_raise,V-FT,V-FT,abstract,lit/systematic_forensics.md s2 [V-FT]; agrees (one championship; bounds sit on Beijing's offset),depends=yes: an absolute bound estimated at one meet carries that meet's measurement offset
Lipps2011,Lipps2011.F2,yes,"Lipps DB, Galecki AT, Ashton-Miller JA. On the implications of a sex difference in the reaction times of sprinters at the Beijing Olympics. PLoS One 2011;6:e26141",2011,10.1371/journal.pone.0026141,journal,OA,"official RTs, Beijing 2008 (Swiss Timing/Omega; force threshold undisclosed)",OG 2008,1,sprint and hurdle events (fastest RT of 425 sprinters),Men's fastest RT significantly faster than women's; attributed to a common force threshold; proposes a 22% lower force threshold for women,sex,,S,na,generalised,no,yes,no,sex,present,V-FT,V-FT,abstract,,
Lipps2011,Lipps2011.F3,yes,"Lipps DB, Galecki AT, Ashton-Miller JA. On the implications of a sex difference in the reaction times of sprinters at the Beijing Olympics. PLoS One 2011;6:e26141",2011,10.1371/journal.pone.0026141,journal,OA,"official RTs, Beijing 2008 (Swiss Timing/Omega; force threshold undisclosed)",OG 2008,1,sprint and hurdle events (fastest RT of 425 sprinters),"No significant lane effect on the fastest RT at Beijing, attributed to speakers behind each block",lane,,W,na,restricted,no,no,no,lane,absent,V-FT,V-FT,full text (lit/systematic_forensics.md s4 A5): 'lane position did not have a significant effect',,not in the abstract; interpreted in the paper's discussion; restricted to Beijing
Pilianidis2011,Pilianidis2011.F1,yes,"Pilianidis T, Mantzouranis N. Start reaction time and performance time in women's sprint at the world championships in athletics. Stud Phys Cult Tour 2011;18:271-5",2011,,journal,OA,IAAF official reports,World Championships women's finals (Athens 1997 to at least Paris 2003; about 7 editions inferred from n = 53 per event [INF]),>=4,"100 m, 200 m, 100 mH finals",Regression: start RT not associated with sprint performance in women's finals,performance_correlation,RT vs final time,P,na,generalised,yes,yes,no,performance_correlation,none,V-ABS,V-ABS,abstract: one regression per event on finalists pooled over championships (n = 53-55),lit/systematic_forensics.md s4 A4 lists it via Milloz [S]; now [V-ABS],
Pilianidis2011,Pilianidis2011.F2,yes,"Pilianidis T, Mantzouranis N. Start reaction time and performance time in women's sprint at the world championships in athletics. Stud Phys Cult Tour 2011;18:271-5",2011,,journal,OA,IAAF official reports,World Championships women's finals (Athens 1997 to at least Paris 2003; about 7 editions inferred from n = 53 per event [INF]),>=4,"100 m, 200 m, 100 mH finals",200 m RT faster at Athens 1997 than Paris 2003 (multiple comparisons between championships),other,championship difference,M,no,restricted,yes,no,yes,,,V-ABS,V-ABS,abstract,,M: the between-championship difference is the reported quantity
Pilianidis2012WCH,Pilianidis2012WCH.F1,yes,"Pilianidis T, Mantzouranis N, Kasabalis A. Start reaction time and performance at the sprint events in World Athletic Championships. Int J Perform Anal Sport 2012;12(1)",2012,10.1080/24748668.2012.11868587,journal,closed,IAAF official reports,"WCH 1997, 1999, 2001, 2003, 2005, 2007, 2009 (men's finals)",7,"100 m, 200 m, 110 mH finals (n = 161)","RT differed between championships only in 110 mH; RTs better at Athens 1997 than after Paris 2003, 'the new IAAF false start rule has a negative effect'",rule_era,2003 rule,E,na,generalised,yes,yes,yes,rule_era,slower,V-ABS,V-ABS,abstract,lit/systematic_forensics.md s4 A1 [V-ABS]; agrees,the abstract says World Indoor but lists outdoor championships
Pilianidis2012OG,Pilianidis2012OG.F1,yes,"Pilianidis T, Kasabalis A, Mantzouranis N, Mavvidis A. Start reaction time and performance at the sprint events in the Olympic Games. Kinesiology 2012;44(1):67-72",2012,,journal,OA,IAAF official reports,"OG 2000, 2004, 2008 (finals)",3,"100 m, 200 m, 100/110 mH finals (67 M, 68 W)","Sex difference in RT only in the 100 m (F(1,44) = 11.82)",sex,,M,no,generalised,no,no,no,sex,present,V-ABS,V-ABS,abstract: ANOVA with Bonferroni comparisons among the Games (Games was a factor; df consistent with a Games term [INF]),lit/systematic_forensics.md s4 A2 lists it as 'no systematic sex differences' via Milloz [S]; abstract shows a 100 m-only difference,
Pilianidis2012OG,Pilianidis2012OG.F2,yes,"Pilianidis T, Kasabalis A, Mantzouranis N, Mavvidis A. Start reaction time and performance at the sprint events in the Olympic Games. Kinesiology 2012;44(1):67-72",2012,,journal,OA,IAAF official reports,"OG 2000, 2004, 2008 (finals)",3,"100 m, 200 m, 100/110 mH finals (67 M, 68 W)","100 m RTs better in Beijing 2008 than Sydney 2000, hurdles better in Athens 2004 than Sydney; concluded that start RT and performance 'improved equally' in modern athletics",other,trend across Games,E,na,generalised,yes,yes,yes,,,V-ABS,V-ABS,abstract,,E: a between-Games difference interpreted as an athlete trend over time (one championship per year)
Pilianidis2012OG,Pilianidis2012OG.F3,yes,"Pilianidis T, Kasabalis A, Mantzouranis N, Mavvidis A. Start reaction time and performance at the sprint events in the Olympic Games. Kinesiology 2012;44(1):67-72",2012,,journal,OA,IAAF official reports,"OG 2000, 2004, 2008 (finals)",3,"100 m, 200 m, 100/110 mH finals (67 M, 68 W)",Men's 100 m: RT and performance both better in Beijing 2008; r = .490 (df = 38),performance_correlation,RT vs final time across Games,P,na,generalised,yes,yes,no,performance_correlation,positive,V-ABS,V-ABS,abstract: correlation over the three Games' finalists,,
Haugen2013,Haugen2013.F1,yes,"Haugen TA, Shalfawi S, Tonnessen E. The effect of different starting procedures on sprinters' reaction time. J Sports Sci 2013;31:699-705",2013,10.1080/02640414.2012.746724,journal,closed,official RTs (IAAF and EAA results archives); holds from TV recordings,"international senior championships 1997-2011 (WCH + European Championships, about 12 [INF], lit/systematic_forensics.md s1.2)",about 12 [INF],"100 m (210 W, 361 M; 267 heats with holds)","Mean RT increased 20% (0.03 s, P < 0.001) over 15 years 'due to stricter false start rules'",rule_era,1997-2003 / 2003-2009 / 2010-2011,E,na,generalised,yes,yes,no,rule_era,slower,V-ABS,V-ABS,abstract,"lit/systematic_forensics.md s1.4-1.6, s4 A1; agrees",
Haugen2013,Haugen2013.F2,yes,"Haugen TA, Shalfawi S, Tonnessen E. The effect of different starting procedures on sprinters' reaction time. J Sports Sci 2013;31:699-705",2013,10.1080/02640414.2012.746724,journal,closed,official RTs (IAAF and EAA results archives); holds from TV recordings,"international senior championships 1997-2011 (WCH + European Championships, about 12 [INF], lit/systematic_forensics.md s1.2)",about 12 [INF],"100 m (210 W, 361 M; 267 heats with holds)",Hold-RT correlation r = 0.16 (men) and 0.17 (women) 1997-2003; r = 0.16 (men) 2003-2009; women 2003-2009 not significant,hold_foreperiod,hold time vs RT,P,na,generalised,yes,yes,no,,,V-ABS,V-ABS,"abstract: r reported per sex x period, pooled over championships; no championship term reported",lit/systematic_forensics.md s1.2 reconstructs athlete-level pooling [INF]; agrees,the abstract pins a pooled correlation; whether a championship term existed in the closed full text is [U]
Haugen2013,Haugen2013.F3,yes,"Haugen TA, Shalfawi S, Tonnessen E. The effect of different starting procedures on sprinters' reaction time. J Sports Sci 2013;31:699-705",2013,10.1080/02640414.2012.746724,journal,closed,official RTs (IAAF and EAA results archives); holds from TV recordings,"international senior championships 1997-2011 (WCH + European Championships, about 12 [INF], lit/systematic_forensics.md s1.2)",about 12 [INF],"100 m (210 W, 361 M; 267 heats with holds)",Interquartile range of RT decreased with longer holds for women and increased for men,hold_foreperiod,hold time vs RT dispersion,P,na,generalised,yes,yes,no,,,V-ABS,V-ABS,abstract,,
Tonnessen2013,Tonnessen2013.F1,yes,"Tonnessen E, Haugen T, Shalfawi SAI. Reaction time aspects of elite sprinters in athletic world championships. J Strength Cond Res 2013;27:885-92",2013,10.1519/jsc.0b013e31826520c3,journal,closed,official RTs (Seiko),4 senior WCH + 4 World Youth Championships 2003-2009 (Pushkar et al. 2014 [S]),8,"100 m (1,319 sprinters)","RT correlated with 100 m time: r = 0.292 (men), 0.328 (women)",performance_correlation,RT vs 100 m time,P,na,generalised,yes,yes,no,performance_correlation,positive,V-ABS,V-ABS,"abstract: pooled database of 1,319 sprinters; Pushkar et al. 2014 [V-FT] describe pooling over 4 WCH + 4 WYC as sacrificial pseudoreplication",lit/systematic_forensics.md s1.3; agrees,
Tonnessen2013,Tonnessen2013.F2,yes,"Tonnessen E, Haugen T, Shalfawi SAI. Reaction time aspects of elite sprinters in athletic world championships. J Strength Cond Res 2013;27:885-92",2013,10.1519/jsc.0b013e31826520c3,journal,closed,official RTs (Seiko),4 senior WCH + 4 World Youth Championships 2003-2009 (Pushkar et al. 2014 [S]),8,"100 m (1,319 sprinters)",Men's RT (0.166 s) shorter than women's (0.176 s),sex,,P,na,generalised,no,yes,no,sex,present,V-ABS,V-ABS,abstract,,
Tonnessen2013,Tonnessen2013.F3,yes,"Tonnessen E, Haugen T, Shalfawi SAI. Reaction time aspects of elite sprinters in athletic world championships. J Strength Cond Res 2013;27:885-92",2013,10.1519/jsc.0b013e31826520c3,journal,closed,official RTs (Seiko),4 senior WCH + 4 World Youth Championships 2003-2009 (Pushkar et al. 2014 [S]),8,"100 m (1,319 sprinters)",Male finalists fastest in finals (0.142 s vs 0.161 s in round 1); female finalists fastest in semi-finals,round,,P,na,generalised,no,yes,no,round,finals_fastest,V-ABS,V-ABS,abstract,,
Tonnessen2013,Tonnessen2013.F4,yes,"Tonnessen E, Haugen T, Shalfawi SAI. Reaction time aspects of elite sprinters in athletic world championships. J Strength Cond Res 2013;27:885-92",2013,10.1519/jsc.0b013e31826520c3,journal,closed,official RTs (Seiko),4 senior WCH + 4 World Youth Championships 2003-2009 (Pushkar et al. 2014 [S]),8,"100 m (1,319 sprinters)",Best RTs at 26-29 y (men) and > 30 y (women),other,age,P,na,generalised,yes,yes,no,,,V-ABS,V-ABS,abstract,,depends=yes: young ages come largely from the youth championships
Pavlovic2013,Pavlovic2013.F1,yes,"Pavlovic R, Rakovic A, Idrizovic K, Mihajlovic I. Differences in the time of start reaction and achieved results in the sprint disciplines in the finals of the World Championship in Moscow. Facta Univ Ser Phys Educ Sport 2013",2013,,journal,OA,IAAF official reports,WCH 2013,1,"100 m, 200 m, 400 m finals (24 M, 24 W)",Women's RT differed between 100 and 400 m and between 200 and 400 m; no event differences for men,other,event,W,na,restricted,no,no,no,,,V-ABS,V-ABS,abstract (results stated for the Moscow finalists; no generalisation),,
Pavlovic2013,Pavlovic2013.F2,yes,"Pavlovic R, Rakovic A, Idrizovic K, Mihajlovic I. Differences in the time of start reaction and achieved results in the sprint disciplines in the finals of the World Championship in Moscow. Facta Univ Ser Phys Educ Sport 2013",2013,,journal,OA,IAAF official reports,WCH 2013,1,"100 m, 200 m, 400 m finals (24 M, 24 W)",No significant sex differences in RT,sex,,W,na,restricted,no,no,no,sex,absent,V-ABS,V-ABS,abstract,,
Paradisis2013,Paradisis2013.F1,yes,Paradisis GP. Reaction time and performance in the short sprints. New Stud Athl 2013;28(1/2):95-103,2013,,NSA,unknown,official RTs from major competitions 1996-2012 including IAAF World Indoor Championships [S],major championships 1996-2012 [S],unclear (>=2),"60 m, 100 m",Association of RT and performance in the 60 m and 100 m,performance_correlation,,U,na,unclear,unclear,no,no,,,S,S,Google Scholar snippet of the full text only,,"abstract not reachable; direction not established, so no conflict-group membership"
Pavlovic2014,Pavlovic2014.F1,yes,"Pavlovic R, Bonacin D, Bonacin D. Differences in time of start reaction in the sprint disciplines in the finals of the Olympic Games (Athens 2004 - London 2012). Acta Kinesiol 2014;8:53-61",2014,,journal,OA,IAAF official reports,"OG 2004, 2008, 2012 (finals)",3,"100 m, 200 m, 400 m finals (72 M, 72 W)","Sex differences reported per Games (Beijing 100 m, London 400 m); abstract wording contradictory",sex,,M,no,restricted,no,no,no,sex,mixed,V-ABS,V-ABS,abstract (per-Games comparisons),lit/systematic_forensics.md s4 A2 lists it as 'no systematic sex differences' via Milloz [S],M: per-championship estimates
Pavlovic2014,Pavlovic2014.F2,yes,"Pavlovic R, Bonacin D, Bonacin D. Differences in time of start reaction in the sprint disciplines in the finals of the Olympic Games (Athens 2004 - London 2012). Acta Kinesiol 2014;8:53-61",2014,,journal,OA,IAAF official reports,"OG 2004, 2008, 2012 (finals)",3,"100 m, 200 m, 400 m finals (72 M, 72 W)","RT differed between Games among male finalists (100 m, 400 m) and female finalists",other,championship difference,M,no,restricted,yes,no,yes,,,V-ABS,V-ABS,abstract,,
Juhas2015,Juhas2015.F1,yes,"Juhas I, Matic M, Jankovic N. Comparative analysis of reaction time of elite sprinters at the world championships in 2013 and 2015. Godisnjak Fak Sporta Fiz Vasp 2015;21:43",2015,10.5937/gfsfv1521043j,journal,OA,official results,"WCH 2013, 2015 (finals)",2,"100 m, 200 m, 400 m finals",RT differed between the 2013 and 2015 championships in the men's 100 m,other,championship difference,M,no,restricted,yes,no,yes,,,V-ABS,V-ABS,abstract,,
Juhas2015,Juhas2015.F2,yes,"Juhas I, Matic M, Jankovic N. Comparative analysis of reaction time of elite sprinters at the world championships in 2013 and 2015. Godisnjak Fak Sporta Fiz Vasp 2015;21:43",2015,10.5937/gfsfv1521043j,journal,OA,official results,"WCH 2013, 2015 (finals)",2,"100 m, 200 m, 400 m finals",No significant RT differences between sexes,sex,,U,na,unclear,no,no,no,sex,absent,V-ABS,V-ABS,abstract; pooled or per championship not stated,,full text is Serbian (Cyrillic; not machine-extractable); retained because the study is already in the repo (lit/novelty-final-check.md 3a row 9)
Pavlovic2015,Pavlovic2015.F1,yes,Pavlovic R. Differences in time of start reaction and achieved result in the sprint disciplines in the finals of the Olympic Games in London and the World Championship in Moscow. Sport Sci Pract Aspects 2015;12(1),2015,,journal,OA,IAAF official reports,"OG 2012, WCH 2013 (finals)",2,"100 m, 200 m, 400 m finals (48 M, 48 W)","RT differed between OG 2012 and WCH 2013 finalists (women 100 m, 400 m; men 200 m, 400 m)",other,championship difference,M,no,restricted,yes,no,yes,,,V-ABS,V-ABS,abstract (journal landing page),,
Brosnan2017,Brosnan2017.F1,yes,"Brosnan KC, Hayes K, Harrison AJ. Effects of false-start disqualification rules on response-times of elite-standard sprinters. J Sports Sci 2017;35:929-35",2017,10.1080/02640414.2016.1201213,journal,closed,official RTs; WCH (Seiko) and European Championships (vendor [U]),"all available World and European Championships 1999-2014 (> 8,500 RTs [S])",unclear (>=8),block-start sprint events,"Rule changes affected competition RT (ex-Gaussian fits by ruling period); direction not in the abstract, 'increased or tended to increase' per Milloz et al. 2021 [S]",rule_era,ruling periods 1999-2014,E,na,generalised,yes,yes,no,rule_era,slower,V-ABS,V-ABS,abstract: distributions compared by ruling period; an era coefficient cannot coexist with championship fixed effects and no random effect is reported,lit/systematic_forensics.md s2 left championship modelling [U]; protocol rule codes era contrasts E unless a championship random effect is reported,direction [S]
Brosnan2017,Brosnan2017.F2,yes,"Brosnan KC, Hayes K, Harrison AJ. Effects of false-start disqualification rules on response-times of elite-standard sprinters. J Sports Sci 2017;35:929-35",2017,10.1080/02640414.2016.1201213,journal,closed,official RTs; WCH (Seiko) and European Championships (vendor [U]),"all available World and European Championships 1999-2014 (> 8,500 RTs [S])",unclear (>=8),block-start sprint events,Revised thresholds 115 ms (men) and 119 ms (women); raise the false-start threshold,threshold_limit,recommended threshold,P,na,generalised,yes,yes,no,threshold_limit,keep_or_raise,V-ABS,V-ABS,abstract: one threshold per sex from all championships pooled; 99th-percentile definition per Crotty & Hayes 2019 [S],lit/systematic_forensics.md s2: 'a 1st percentile of pooled meets'; agrees,
Brosnan2017,Brosnan2017.F3,yes,"Brosnan KC, Hayes K, Harrison AJ. Effects of false-start disqualification rules on response-times of elite-standard sprinters. J Sports Sci 2017;35:929-35",2017,10.1080/02640414.2016.1201213,journal,closed,official RTs; WCH (Seiko) and European Championships (vendor [U]),"all available World and European Championships 1999-2014 (> 8,500 RTs [S])",unclear (>=8),block-start sprint events,Substantial evidence of a sex difference in RT; sex-specific thresholds,sex,,P,na,generalised,no,yes,no,sex,present,V-ABS,V-ABS,abstract: expressed through the pooled sex-specific thresholds,,
Mirshams2018,Mirshams2018.F1,yes,"Mirshams Shahshahani P, Lipps DB, Galecki AT, Ashton-Miller JA. On the apparent decrease in Olympic sprinter reaction times. PLoS One 2018;13:e0198633",2018,10.1371/journal.pone.0198633,journal,OA,"official RTs, Olympic Games (Swiss Timing ASC3)","OG 2004, 2008, 2012, 2016",4,"100 m, 100/110 mH (minimum RT per athlete)",Minimum RTs decreased 2004-2016; most likely explained by reduced proprietary force thresholds,other,trend across Games (measurement attribution),M,no,generalised,yes,no,yes,,,V-FT,V-FT,LMM with Games (year) and sex (lit/review.md); the between-Games difference is the reported quantity,lit/systematic_forensics.md s2: 'Olympics modelled'; agrees,
Mirshams2018,Mirshams2018.F2,yes,"Mirshams Shahshahani P, Lipps DB, Galecki AT, Ashton-Miller JA. On the apparent decrease in Olympic sprinter reaction times. PLoS One 2018;13:e0198633",2018,10.1371/journal.pone.0198633,journal,OA,"official RTs, Olympic Games (Swiss Timing ASC3)","OG 2004, 2008, 2012, 2016",4,"100 m, 100/110 mH (minimum RT per athlete)",Women's marked decrease since 2008 eliminated the sex difference in 2012,sex,sex x Games,M,no,generalised,no,no,no,sex,absent,V-FT,V-FT,abstract,,direction 'absent' refers to 2012; a gap was present in 2004/2008
LopezdelAmo2018,LopezdelAmo2018.F1,yes,"Lopez del Amo JL, Rodriguez MC, Hill DW, Gonzalez JE. Analysis of the start to the first hurdle in 110 m hurdles at the IAAF World Athletics Championships Beijing 2015. J Hum Sport Exerc 2018;13(3)",2018,10.14198/jhse.2018.133.03,journal,OA,official RTs (WCH 2015) plus video,WCH 2015,1,"110 mH (heats, semis, final)",RT (or time to the first hurdle) plus flight over the first hurdle predicted performance,performance_correlation,RT in a regression on race time,S,na,generalised,no,yes,no,performance_correlation,positive,V-ABS,V-ABS,abstract: 'a fast start ... contributes to performance in the men's 110 m hurdles at the highest level',,
Gurses2018,Gurses2018.F1,yes,"Gurses VV, Kamis O. The relationship between reaction time and 60 m performance in elite athletes. J Educ Train Stud 2018;6(12a):64-9",2018,10.11114/jets.v6i12a.3931,journal,OA,IAAF official website archives,World Indoor Championships (2010-2018 per Milloz et al. 2021 [S]),unclear (5 [S]),60 m (483 sprinters),Positive correlation between RT and 60 m result with all categories analysed together (r = .436),performance_correlation,RT vs 60 m time,P,na,generalised,yes,yes,no,performance_correlation,positive,V-ABS,V-ABS,abstract,lit/systematic_forensics.md s4 A4 had it [S] via Milloz; now [V-ABS],
Gurses2018,Gurses2018.F2,yes,"Gurses VV, Kamis O. The relationship between reaction time and 60 m performance in elite athletes. J Educ Train Stud 2018;6(12a):64-9",2018,10.11114/jets.v6i12a.3931,journal,OA,IAAF official website archives,World Indoor Championships (2010-2018 per Milloz et al. 2021 [S]),unclear (5 [S]),60 m (483 sprinters),Male and female finalists differ in RT (t = -3.26),sex,,P,na,generalised,no,yes,no,sex,present,V-ABS,V-ABS,abstract (pooled independent-samples t-test),,
Radhamani2019,Radhamani2019.F1,yes,"Radhamani AMKN, Narayanan AK, et al. Has the false start detecting machine affected the reaction time and performance of sprinters. Int J Phys Educ Sports Health 2019",2019,,journal,OA,RTs from the false-start detection system at school championships,school championships (unspecified),unclear,sprints (school athletes),RT differed when athletes competed under the false-start detecting machine,other,detection device,U,na,generalised,unclear,no,no,,,V-ABS,V-ABS,abstract (comparison not described),,
Mitasik2020a,Mitasik2020a.F1,yes,"Mitasik P, Dolezajova L, Lednicky A, Vegh D. Changes in the start reaction times in the 200 m run at the World Championships after the tightening of false start rules. Acta Fac Educ Phys Univ Comenianae 2020;60(2):207-16",2020,10.2478/afepuc-2020-0017,journal,OA,official results,"WCH 1999-2019 (11 editions; 200 m finalists, heats and finals)",11,200 m,No significant change in RT between 1999-2009 and 2011-2019; opposite signs by sex ('we did not confirm H2'),rule_era,2010 rule,E,na,generalised,yes,yes,no,rule_era,none,V-FT,V-FT,full text (lit/systematic_forensics.md s4 A1),agrees,
Mitasik2020a,Mitasik2020a.F2,yes,"Mitasik P, Dolezajova L, Lednicky A, Vegh D. Changes in the start reaction times in the 200 m run at the World Championships after the tightening of false start rules. Acta Fac Educ Phys Univ Comenianae 2020;60(2):207-16",2020,10.2478/afepuc-2020-0017,journal,OA,official results,"WCH 1999-2019 (11 editions; 200 m finalists, heats and finals)",11,200 m,Heats vs finals: men different before 2010 (p < 0.01) and p < 0.10 after; women not; finals slower at some championships,round,heats vs finals,P,na,generalised,no,yes,no,round,finals_slower,V-FT,V-FT,abstract/full text: paired tests pooled within period,,
Mitasik2020b,Mitasik2020b.F1,yes,"Mitasik P, Vavak M, Dolezajova L, Lednicky A, Vegh D. Changes in the start reaction times of male and female sprinters in world athletic championships. J Phys Educ Sport 2020;20(Suppl 3):art. 302",2020,10.7752/jpes.2020.s3302,journal,OA,official results,WCH 1999-2019 (11 editions; 100 m finalists),11,100 m,Finals: RT increased after 2010 significantly only for women (0.151 to 0.163 s); heats not significant,rule_era,2010 rule,E,na,generalised,yes,yes,no,rule_era,slower,V-ABS,V-ABS,abstract (OpenAlex),,slower in women's finals; null in heats
Mitasik2020b,Mitasik2020b.F2,yes,"Mitasik P, Vavak M, Dolezajova L, Lednicky A, Vegh D. Changes in the start reaction times of male and female sprinters in world athletic championships. J Phys Educ Sport 2020;20(Suppl 3):art. 302",2020,10.7752/jpes.2020.s3302,journal,OA,official results,WCH 1999-2019 (11 editions; 100 m finalists),11,100 m,"Heats vs finals differed in both periods (p < 0.01, p < 0.05)",round,heats vs finals,P,na,generalised,no,yes,no,,,V-ABS,V-ABS,abstract,,"direction not stated in the abstract, so no conflict-group membership"
Mukai2020,Mukai2020.F1,yes,"Mukai K, Onagawa R, Tanaka T, Watanabe K, Kudo K. Deciding when to start in 100-m sprints at Athletic World Championships. KST 2020 (IEEE)",2020,10.1109/kst48564.2020.9059442,conference (IEEE),closed,official results,"WCH 2011, 2013, 2015, 2017",4,men's 100 m,RTs in semi-finals were the shortest of the three rounds,round,,U,na,generalised,no,no,no,round,semis_fastest,V-ABS,V-ABS,abstract (OpenAlex); championship handling not stated,lit/systematic_forensics.md s4 A3 had it [S]; now [V-ABS],
Ntolaptsis2021,Ntolaptsis2021.F1,yes,"Ntolaptsis K, Panoutsakopoulos V. Relationship between reaction time, medal winning and performance in the 60 m hurdle indoor event before and after the last false start rule modification. Acta Fac Educ Phys Univ Comenianae 2021;61(1):72-85",2021,10.2478/afepuc-2021-0007,journal,OA,official results,World Indoor Championships 2003-2018 (finals; 9 editions),9,60 mH finals (70 performances),"Weak positive RT-time correlation (r = .228, p = .016)",performance_correlation,RT vs 60 mH time,P,na,generalised,yes,yes,no,performance_correlation,positive,V-FT,V-FT,abstract/full text,,
Ntolaptsis2021,Ntolaptsis2021.F2,yes,"Ntolaptsis K, Panoutsakopoulos V. Relationship between reaction time, medal winning and performance in the 60 m hurdle indoor event before and after the last false start rule modification. Acta Fac Educ Phys Univ Comenianae 2021;61(1):72-85",2021,10.2478/afepuc-2021-0007,journal,OA,official results,World Indoor Championships 2003-2018 (finals; 9 editions),9,60 mH finals (70 performances),RT not different between medallists and non-medallists,other,medal status,P,na,generalised,no,yes,no,,,V-FT,V-FT,pooled independent-samples t-test,,
Ntolaptsis2021,Ntolaptsis2021.F3,yes,"Ntolaptsis K, Panoutsakopoulos V. Relationship between reaction time, medal winning and performance in the 60 m hurdle indoor event before and after the last false start rule modification. Acta Fac Educ Phys Univ Comenianae 2021;61(1):72-85",2021,10.2478/afepuc-2021-0007,journal,OA,official results,World Indoor Championships 2003-2018 (finals; 9 editions),9,60 mH finals (70 performances),RT not different before vs after the rule change,rule_era,2010 rule,E,na,generalised,yes,yes,no,rule_era,none,V-FT,V-FT,"independent t-test, no championship term",lit/systematic_forensics.md s4 A1 [V-FT]; agrees,
Mitasik2021,Mitasik2021.F1,yes,"Mitasik P, Dolezajova L, Lednicky A. Intraindividual evaluation of reaction time at the women's World Athletics Championships 1999-2019. Acta Fac Educ Phys Univ Comenianae 2021",2021,10.2478/afepuc-2021-0017,journal,OA,official results,WCH 1999-2019 (women with >= 3 WCH and a final),11,women's 100 m,Stricter false-start rules did not significantly influence reaction speed (within athlete),rule_era,2010 rule,E,na,generalised,yes,yes,no,rule_era,none,V-ABS,V-ABS,abstract,lit/systematic_forensics.md s4 A1 calls it 'within athlete (descriptive)'; protocol class E because the era contrast is between championships,
Mitasik2022,Mitasik2022.F1,yes,"Mitasik P, Dolezajova L, Lednicky A. Intraindividual evaluation of reaction time at the men's World Athletics Championships 1999-2019. Acta Fac Educ Phys Univ Comenianae 2022;62(1):72-82",2022,10.2478/afepuc-2022-0007,journal,OA,official results,WCH 1999-2019 (men with >= 3 WCH and a final),11,men's 100 m,Stricter false-start rules did not significantly influence reaction time (within athlete),rule_era,2010 rule,E,na,generalised,yes,yes,no,rule_era,none,V-ABS,V-ABS,abstract,as Mitasik2021,
Pavlovic2021,Pavlovic2021.F1,yes,Pavlovic R. The importance of reaction time in athletics: influence on the results of sprint runs of World Championships finalists. Cent Eur J Sport Sci Med 2021;34(2),2021,10.18276/cej.2021.2-05,journal,OA,IAAF official reports,WCH 2001-2019 (10 editions; finals),10,"100 m, 200 m, 400 m finals (456 finalists)",Only the men's 100 m showed a (low) RT-result correlation (r = 0.230); none elsewhere,performance_correlation,RT vs final time,P,na,generalised,yes,yes,no,performance_correlation,mixed,V-FT,V-FT,abstract/full text,lit/systematic_forensics.md s4 A4 [V-FT]; agrees,
Zhang2021,Zhang2021.F1,yes,"Zhang J, Lin X, Zhang S. Correlation analysis of sprint performance and reaction time based on double logarithm model. Complexity 2021:6633326",2021,10.1155/2021/6633326,journal,OA,official results,WCH 2011-2019,5,"100 m, 200 m, 100/110 mH","RT correlates directly with performance; the degree of correlation varies by sex, year of competition, event and round",performance_correlation,,M,no,generalised,yes,no,yes,performance_correlation,positive,V-ABS,V-ABS,abstract: year-specific (championship-specific) correlations reported,lit/systematic_forensics.md s4 A4 [V-ABS]; agrees,
Zhang2021,Zhang2021.F2,yes,"Zhang J, Lin X, Zhang S. Correlation analysis of sprint performance and reaction time based on double logarithm model. Complexity 2021:6633326",2021,10.1155/2021/6633326,journal,OA,official results,WCH 2011-2019,5,"100 m, 200 m, 100/110 mH",False-start ('foul') types are associated with event type but not with sex,other,false-start type,U,na,generalised,unclear,no,no,,,V-ABS,V-ABS,abstract,,
Wang2022,Wang2022.F1,yes,"Wang Y, Shi H, Li C, Pan Y, Cai J. Study on the relationship between starting reaction and athletic performance of athletes based on mathematical statistics: the short distance events at the five World Athletics Championships from 2011 to 2019. Int Core J Eng 2022;8(1):412-21",2022,10.6919/ICJE.202201_8(1).0057,journal,OA,official results,WCH 2011-2019,5,"100 m, 200 m, hurdles, combined-event sprints",Significant correlation between performance and starting RT (all athletes of the five championships analysed together),performance_correlation,,P,na,generalised,yes,yes,no,performance_correlation,positive,V-FT,V-FT,full text s3.1: data of all five championships preprocessed and correlated together,,
Wang2022,Wang2022.F2,yes,"Wang Y, Shi H, Li C, Pan Y, Cai J. Study on the relationship between starting reaction and athletic performance of athletes based on mathematical statistics: the short distance events at the five World Athletics Championships from 2011 to 2019. Int Core J Eng 2022;8(1):412-21",2022,10.6919/ICJE.202201_8(1).0057,journal,OA,official results,WCH 2011-2019,5,"100 m, 200 m, hurdles, combined-event sprints",Significant sex difference in 200 m RT (women faster),sex,,P,na,generalised,no,yes,no,sex,present,V-FT,V-FT,full text,,
Wang2022,Wang2022.F3,yes,"Wang Y, Shi H, Li C, Pan Y, Cai J. Study on the relationship between starting reaction and athletic performance of athletes based on mathematical statistics: the short distance events at the five World Athletics Championships from 2011 to 2019. Int Core J Eng 2022;8(1):412-21",2022,10.6919/ICJE.202201_8(1).0057,journal,OA,official results,WCH 2011-2019,5,"100 m, 200 m, hurdles, combined-event sprints",RT decreases from preliminaries to semi-finals to finals,round,,P,na,generalised,no,yes,no,round,finals_fastest,V-FT,V-FT,full text Table 7,,
Matic2023a,Matic2023a.F1,yes,"Matic M, Mrdakovic V. Relationship between reaction time and performance in the 60 m hurdles at the 2022 World Indoor Championships. Exerc Qual Life 2023",2023,10.31382/eqol.230602,journal,OA,official results,WIC 2022,1,60 mH (incl. heptathlon/pentathlon 60 mH; n = 170),"RT-result correlation significant in women's 60 mH (r = 0.23), not in men",performance_correlation,,S,na,generalised,no,yes,no,performance_correlation,mixed,V-ABS,V-ABS,abstract: 'Coaches should pay attention to developing ... the reaction time',lit/systematic_forensics.md s4 A4 [V-ABS]; agrees,
Matic2023a,Matic2023a.F2,yes,"Matic M, Mrdakovic V. Relationship between reaction time and performance in the 60 m hurdles at the 2022 World Indoor Championships. Exerc Qual Life 2023",2023,10.31382/eqol.230602,journal,OA,official results,WIC 2022,1,60 mH (incl. heptathlon/pentathlon 60 mH; n = 170),Higher RT-result correlations in heptathlon/pentathlon 60 mH attributed to the different false-start rule in combined events,other,combined vs individual events (rule),S,na,generalised,no,yes,no,,,V-ABS,V-ABS,abstract,,
Matic2023a,Matic2023a.F3,yes,"Matic M, Mrdakovic V. Relationship between reaction time and performance in the 60 m hurdles at the 2022 World Indoor Championships. Exerc Qual Life 2023",2023,10.31382/eqol.230602,journal,OA,official results,WIC 2022,1,60 mH (incl. heptathlon/pentathlon 60 mH; n = 170),No RT differences between men's and women's 60 mH,sex,,W,na,restricted,no,no,no,sex,absent,V-ABS,V-ABS,abstract,,
Matic2023b,Matic2023b.F1,yes,"Matic M, Mrdakovic V, Markovic M. Sprint race distance affects reaction time in male and female sprinters at the 2022 World Indoor Athletics Championships. Exerc Qual Life 2023",2023,10.31382/eqol.231206,journal,OA,official results,WIC 2022,1,"60 m, 400 m (semi-finals and finals)",RT differs between 60 m and 400 m in men and women,other,event,W,na,restricted,no,no,no,,,V-ABS,V-ABS,abstract (title scopes the finding to WIC 2022),,borderline W/S; the title's causal verb is scoped to the championship
Matic2023b,Matic2023b.F2,yes,"Matic M, Mrdakovic V, Markovic M. Sprint race distance affects reaction time in male and female sprinters at the 2022 World Indoor Athletics Championships. Exerc Qual Life 2023",2023,10.31382/eqol.231206,journal,OA,official results,WIC 2022,1,"60 m, 400 m (semi-finals and finals)",No sex difference in 400 m RT,sex,,W,na,restricted,no,no,no,sex,absent,V-ABS,V-ABS,abstract,,
Satilmis2023,Satilmis2023.F1,yes,"Satilmis N, Tasdemir B, Bayraktar I, Bayrakdar A. Examination of the relationship between the reaction time, competition result with the competition hour in the World Indoor Championships (2006-2022). Turk J Sport Exerc 2023",2023,10.15314/tsed.1292928,journal,OA,official results,WIC 2006-2022,9,"60 m (407 M, 345 W)","Negative correlation between competition hour and RT in both sexes (positive in qualification rounds, none in finals)",other,time of day,P,na,generalised,yes,yes,no,,,V-ABS,V-ABS,abstract: pooled rank correlations,,"depends=yes: competition hours differ between championships (schedules, time zones)"
Biswas2023,Biswas2023.F1,yes,"Biswas A, Bandyopadhyay N. Relation between start reaction time and performance time among women finalist sprinters in the Olympic Games 2000 to 2020. Phys Educ Theory Methodol 2023;23(5)",2023,10.17309/tmfv.2023.5.06,journal,OA,"official reports (worldathletics.org, olympedia.org)",OG 2000-2020 (6 Games; women's finals),6,"100 m, 200 m, 400 m, 100 mH, 400 mH finals (n = 227)","Low positive RT-time correlation in 100 m (r = 0.369) and 100 mH (r = 0.367); none in 200 m, 400 m, 400 mH",performance_correlation,,P,na,restricted,yes,yes,no,performance_correlation,mixed,V-ABS,V-ABS,abstract: pooled over six Games,,
Fiore2025,Fiore2025.F1,yes,"Fiore O, Schifano ED, Yan J. On Devon Allen's disqualification at the 2022 World Track and Field Championships. Am Stat 2025;79(4):500-7",2025,10.1080/00031305.2025.2515869,journal,closed (OA preprint arXiv 2506.11460),official RTs (Seiko at WCH) plus national championships,WCH 1999-2023 (semis and finals) plus 2022 national championships,12+,"100 m, 100/110 mH",RTs at WCH 2022 significantly faster than the same athletes' RTs at other competitions; suggests systematic variation in timing systems,other,championship difference,M,no,generalised,yes,no,yes,,,V-FT,V-FT,published abstract; arXiv full text,lit/systematic_forensics.md s2; agrees,
Fiore2025,Fiore2025.F2,yes,"Fiore O, Schifano ED, Yan J. On Devon Allen's disqualification at the 2022 World Track and Field Championships. Am Stat 2025;79(4):500-7",2025,10.1080/00031305.2025.2515869,journal,closed (OA preprint arXiv 2506.11460),official RTs (Seiko at WCH) plus national championships,WCH 1999-2023 (semis and finals) plus 2022 national championships,12+,"100 m, 100/110 mH",RTs below 0.1 s rare but physiologically plausible: P(RT < 0.100) = 2.76e-3 (men); barriers 0.108 / 0.094 / 0.082 s at 1e-2 / 1e-3 / 1e-4,threshold_limit,tail probability and barrier,M,yes,generalised,yes,yes,no,threshold_limit,lower,V-FT,V-FT,manuscript s3.2-3.3: tails from draws of the marginal mixture over venue and heat random effects,lit/systematic_forensics.md s2/s2.1E: 'venue is modelled but integrated out'; agrees,
Fiore2025,Fiore2025.F3,yes,"Fiore O, Schifano ED, Yan J. On Devon Allen's disqualification at the 2022 World Track and Field Championships. Am Stat 2025;79(4):500-7",2025,10.1080/00031305.2025.2515869,journal,closed (OA preprint arXiv 2506.11460),official RTs (Seiko at WCH) plus national championships,WCH 1999-2023 (semis and finals) plus 2022 national championships,12+,"100 m, 100/110 mH",Women's tail smaller (P(RT < 0.100) = 5.46e-4; barrier 0.102 vs 0.094 s); supports sex-specific barriers,sex,sex-specific tails,M,yes,generalised,no,yes,no,sex,present,V-FT,V-FT,supplement (arXiv),,
Han2025,Han2025.F1,yes,"Han L, Zhou C, Zhang H. The long-term effects of current false start rules on reaction time and athletic performance. Int J Perform Anal Sport 2025;26(4):900-19",2025,10.1080/24748668.2025.2579341,journal,closed,"official RTs: Omega (OG), Seiko (WCH), U20 vendor [U]","7 OG + 12 WCH + 13 World U20 Championships, 2000-2024 (semis and finals)",32,100 m,"Zero tolerance 'significantly reduced the average reaction time' (beta = -0.004, p = 0.001) after a short-term slowdown",rule_era,2010 rule,E,na,generalised,yes,yes,no,rule_era,faster,V-ABS,V-ABS,abstract: generalised linear models; an era coefficient cannot coexist with championship fixed effects and no random effect is reported,lit/systematic_forensics.md s2 left championship/vendor terms [U]; coded E by the protocol rule,
Tomozei2025,Tomozei2025.F1,yes,"Tomozei R-A, Hurduc F, Dumitru I-M. The influence of age and reaction time on sprint performance across the last five editions of World Athletics Championships. Stud Univ Babes-Bolyai Educ Artis Gymn 2025;70(SI2):287-98",2025,10.24193/subbeag.70.sp.iss.2.54,journal,OA,official data,"WCH (last five editions, 2017-2025)",5,"100 m, 200 m",RT increases with age,other,age,P,na,generalised,yes,yes,no,,,V-ABS,V-ABS,abstract: correlation analyses of the pooled data,,
Tomozei2025,Tomozei2025.F2,yes,"Tomozei R-A, Hurduc F, Dumitru I-M. The influence of age and reaction time on sprint performance across the last five editions of World Athletics Championships. Stud Univ Babes-Bolyai Educ Artis Gymn 2025;70(SI2):287-98",2025,10.24193/subbeag.70.sp.iss.2.54,journal,OA,official data,"WCH (last five editions, 2017-2025)",5,"100 m, 200 m",Faster RT associated with better sprint performance,performance_correlation,,P,na,generalised,yes,yes,no,performance_correlation,positive,V-ABS,V-ABS,abstract,,
Ditroilo2004,Ditroilo2004.F1,yes,"Ditroilo M, Kilding A. Has the new false start rule affected the reaction time of elite sprinters? New Stud Athl 2004;19(1):13-19",2004,,NSA,unknown,official results,"WCH 2001, WCH 2003",2,sprints and hurdles,RTs of athletes who ran both championships did not differ (sprinters); hurdlers slower in 2003,rule_era,2003 rule,E,na,generalised,yes,yes,no,rule_era,none,V-ABS,V-ABS,German abstract via BISp (lit/notes/lit_notes_sports.md) and Google Scholar snippet,lit/systematic_forensics.md s4 A1; agrees,one championship per era
JulinDapena2003,JulinDapena2003.F1,yes,"Julin AL, Dapena J. Sprinters at the 1996 Olympic Games in Atlanta did not hear the starter's gun through the loudspeakers on the starting blocks. New Stud Athl 2003;18:23-27",2003,,NSA,unknown,"official RTs, Atlanta 1996 [S]",OG 1996,1,sprints,"Lane-dependent RTs: athletes responded to the airborne gun, not the block loudspeakers",lane,,W,na,restricted,no,no,no,lane,present,S,S,title (Milloz 2021 reference list) and secondary descriptions (Brown 2008; Pain & Hibbs 2007),,
MartinBuoncristiani1995,MartinBuoncristiani1995.F1,yes,"Martin DE, Buoncristiani JF. Influence of reaction time on athletic performance. New Stud Athl 1995;10:67-69",1995,,NSA,unknown,official RTs [S],Olympic finals per Milloz 2021 [S],unclear,sprints,Significant RT-performance correlations in outdoor sprints,performance_correlation,,U,na,unclear,unclear,no,no,performance_correlation,positive,S,U,as described in the Paradisis 2004/2006 MSSE abstracts,,
MartinBuoncristiani1995,MartinBuoncristiani1995.F2,yes,"Martin DE, Buoncristiani JF. Influence of reaction time on athletic performance. New Stud Athl 1995;10:67-69",1995,,NSA,unknown,official RTs [S],Olympic finals per Milloz 2021 [S],unclear,sprints,No systematic sex differences,sex,,U,na,unclear,unclear,no,no,sex,absent,S,U,as listed by Milloz et al. 2021,,
G_Nozaki1997,G_Nozaki1997.F1,no,"Nozaki T, Kaneko K, Yokokura S. Problems in false-start judging: differences between false-start devices with different detection methods. JSPE 48th congress abstracts 1997:498",1997,10.20693/jspeconf.48.0_498,conference abstract,OA,official RTs; Seiko (WCH) vs force-threshold device (OG),"WCH 1995, OG 1996",2,sprints,Device gaps of 16-30 ms (straight starts); unify devices or set the detection value individually,other,detection device,E,na,generalised,yes,yes,yes,,,V-FT,V-FT,lit/novelty-final-check.md 3a row 2,,device fully confounded with championship
G_Nozaki2001,G_Nozaki2001.F1,no,"Nozaki T, Yokokura S, Kajiwara Y. JSPE 52nd congress abstract 2001:514",2001,10.20693/jspeconf.52.0_514,conference abstract,OA,official RTs,"WCH 1999, OG 2000",2,100 m,"Men's 100 m mean RT Seville 1999 0.154 s vs Sydney 2000 0.193 s, attributed to the detection method",other,detection device,E,na,generalised,yes,yes,yes,,,V-FT,V-FT,lit/novelty-final-check.md 3a row 3,,
G_Nozaki2002,G_Nozaki2002.F1,no,"Nozaki T, Yokokura S, Kajiwara Y, Ito. JSPE 53rd congress abstract 2002:516",2002,10.20693/jspeconf.53.0_516,conference abstract,OA,official RTs,"OG 2000, WCH 2001",2,"sprints (2,456 RTs)","Sydney 2000 vs Edmonton 2001 mean RT 0.233 vs 0.166 s, attributed to the detection method",other,detection device,E,na,generalised,yes,yes,yes,,,S,S,read by forks (lit/novelty-final-check.md),,
G_Nozaki2003,G_Nozaki2003.F1,no,"Nozaki T, Yokokura S, Kajiwara Y, Ito. JSPE 54th congress abstract 2003:542",2003,10.20693/jspeconf.54.0_542,conference abstract,OA,official RTs,"OG 1996, OG 2000, WCH 1999, WCH 2001",4,women's straight events,Olympic (non-Seiko) meets slower than Seiko WCH; IAAF should test and certify devices,other,detection device,E,na,generalised,yes,yes,yes,,,V-FT,V-FT,lit/policy_mechanism.md s1.1,,
G_NozakiYokokura2000,G_NozakiYokokura2000.F1,no,"Nozaki T, Yokokura S. JSPE 51st congress abstract 2000:438",2000,10.20693/jspeconf.51.0_438,conference abstract,OA,official Seiko block-force waveforms,WCH 1999,1,sprints (227 starts),Review of false-start rulings from the official waveforms (54 of 227 starts flagged),other,detection / rulings,W,na,restricted,no,no,no,,,V-FT,V-FT,lit/novelty-final-check.md 3c row 19,,
G_Yokokura2013,G_Yokokura2013.F1,no,"Yokokura S, Fuwa Y, Kajiwara Y, Kuragano T. Bull Meisei Univ (Informatics) 2013;21:11-16",2013,,departmental bulletin,OA,official RTs (Seiko),WCH 1999-2011 (100 m finals),7,100 m finals (n = 111),Daegu 2011 slower by 15-35 ms; attributed to the 2010 rule and Bolt's disqualification,rule_era,2010 rule,E,na,generalised,yes,yes,yes,rule_era,slower,V-FT,V-FT,lit/novelty-final-check.md 3a row 4,,one championship stands for the zero-tolerance era
G_Yokokura2011,G_Yokokura2011.F1,no,"Yokokura S, Kajiwara Y, Ono S, et al. Effect of false start rule change on start reaction time of World Championships in Athletics. Conference proceedings (Cairo) 2011",2011,,conference proceedings,OA,official RTs,WCH 2011 vs earlier WCH,>=2,sprints,Compared start RT at Daegu 2011 with earlier championships to assess the rule change,rule_era,2010 rule,E,na,generalised,yes,yes,no,,,S,S,Google Scholar snippet only,,result direction not seen; no conflict-group membership
G_Paradisis2004,G_Paradisis2004.F1,no,"Paradisis GP, Zacharogiannis EG, Tziortzis S. Correlation of reaction time and performance in 60 and 200 m sprint running. Med Sci Sports Exerc 2004;36(5 Suppl)",2004,10.1097/00005768-200405001-01487,conference abstract,closed,official electronic timing (SEGAS; IAAF),"Hellenic, Balkan and European Indoor Championships 2002",3,"60 m, 60 mH, 200 m","No significant RT-performance correlation, reported per championship",performance_correlation,,M,no,generalised,yes,no,no,performance_correlation,none,V-ABS,V-ABS,abstract (per-championship r),,
G_Paradisis2006,G_Paradisis2006.F1,no,"Paradisis GP, Zacharogiannis EG, Smirniotou AS, Tziortzis S. Correlation of reaction time and performance in 100 m sprint running. Med Sci Sports Exerc 2006;38(5 Suppl)",2006,10.1249/00005768-200605001-03037,conference abstract,closed,official electronic timing,"OG 1996, 2000, 2004; WCH 1999, 2001, 2003, 2005",7,100 m (972 athletes),"Pooled RT-performance correlation r = 0.334 (men, n = 562), 0.365 (women, n = 410)",performance_correlation,,P,na,generalised,yes,yes,no,performance_correlation,positive,V-ABS,V-ABS,abstract,,
G_Paradisis2006,G_Paradisis2006.F2,no,"Paradisis GP, Zacharogiannis EG, Smirniotou AS, Tziortzis S. Correlation of reaction time and performance in 100 m sprint running. Med Sci Sports Exerc 2006;38(5 Suppl)",2006,10.1249/00005768-200605001-03037,conference abstract,closed,official electronic timing,"OG 1996, 2000, 2004; WCH 1999, 2001, 2003, 2005",7,100 m (972 athletes),Significant correlation at each championship (r = 0.25-0.71),performance_correlation,per championship,M,no,generalised,yes,no,no,performance_correlation,positive,V-ABS,V-ABS,abstract,,
G_Babic2008,G_Babic2008.F1,no,"Babic V, Mitrovic T, Delija A. Relationship between reaction time, sprint race result and age for male sprinters at 2004 Olympic Games in Athens. World Congress of Performance Analysis of Sport VIII, 2008",2008,,conference proceedings,OA,"official RTs, OG 2004",OG 2004,1,men's sprints,Relationship of age with RT and of RT with result (results not in the record seen),other,age,U,na,unclear,unclear,no,no,,,V-ABS,V-ABS,introduction text only (OpenAlex),,
G_Ghosh2017,G_Ghosh2017.F1,no,"Ghosh D, Chatterjee K. Comparative study on reaction time of Olympics male sprinters. In: Exigency of Existence: A Quest (edited book), 2017",2017,,book chapter,unknown,official results,"OG 2008, 2012, 2016 (finals)",3,"100 m, 200 m, 400 m",Differences in RT among Olympic finalists,other,,U,na,unclear,unclear,no,no,,,S,S,Google Books snippet only,,
G_Dapena2005,G_Dapena2005.F1,no,"Dapena J. The 'loud gun' starting system currently used at the Olympic Games does not work properly. Web report (Track & Field News), 2005",2005,,web report,OA,official RTs (Olympic Games),Olympic Games (loud gun era),unclear,sprints,The loud-gun system at the Olympics does not work: athletes behave as if hearing the airborne gun,lane,,U,na,generalised,unclear,no,no,,,S,S,lit/policy_mechanism.md s3.2 (fork-read Wayback copy),,
