race_id,comp,year,event,sex,round,heat,date,session,n_athletes,is_mock
WCH2009-100m-M-R1-H1,WCH,2009,100m,M,R1,1,2009-08-02,WCH2009-D2-AM,8,1
WCH2009-100m-M-R1-H2,WCH,2009,100m,M,R1,2,2009-08-02,WCH2009-D2-AM,8,1
WCH2009-100m-M-R1-H3,WCH,2009,100m,M,R1,3,2009-08-02,WCH2009-D2-AM,8,1
WCH2009-100m-M-R1-H4,WCH,2009,100m,M,R1,4,2009-08-02,WCH2009-D2-AM,8,1
WCH2009-100m-M-R1-H5,WCH,2009,100m,M,R1,5,2009-08-02,WCH2009-D2-AM,8,1
WCH2009-100m-M-R1-H6,WCH,2009,100m,M,R1,6,2009-08-02,WCH2009-D2-AM,8,1
WCH2009-100m-M-SF-H1,WCH,2009,100m,M,SF,1,2009-08-03,WCH2009-D3-PM,8,1
WCH2009-100m-M-SF-H2,WCH,2009,100m,M,SF,2,2009-08-03,WCH2009-D3-PM,8,1
WCH2009-100m-M-SF-H3,WCH,2009,100m,M,SF,3,2009-08-03,WCH2009-D3-PM,8,1
WCH2009-100m-M-F-H1,WCH,2009,100m,M,F,1,2009-08-04,WCH2009-D4-PM,8,1
WCH2009-200m-M-R1-H1,WCH,2009,200m,M,R1,1,2009-08-02,WCH2009-D2-AM,8,1
WCH2009-200m-M-R1-H2,WCH,2009,200m,M,R1,2,2009-08-02,WCH2009-D2-AM,8,1
WCH2009-200m-M-R1-H3,WCH,2009,200m,M,R1,3,2009-08-02,WCH2009-D2-AM,7,1
WCH2009-200m-M-R1-H4,WCH,2009,200m,M,R1,4,2009-08-02,WCH2009-D2-AM,8,1
WCH2009-200m-M-R1-H5,WCH,2009,200m,M,R1,5,2009-08-02,WCH2009-D2-AM,8,1
WCH2009-200m-M-R1-H6,WCH,2009,200m,M,R1,6,2009-08-02,WCH2009-D2-AM,7,1
WCH2009-200m-M-SF-H1,WCH,2009,200m,M,SF,1,2009-08-03,WCH2009-D3-PM,8,1
WCH2009-200m-M-SF-H2,WCH,2009,200m,M,SF,2,2009-08-03,WCH2009-D3-PM,8,1
WCH2009-200m-M-SF-H3,WCH,2009,200m,M,SF,3,2009-08-03,WCH2009-D3-PM,8,1
WCH2009-200m-M-F-H1,WCH,2009,200m,M,F,1,2009-08-04,WCH2009-D4-PM,8,1
WCH2009-110mH-M-R1-H1,WCH,2009,110mH,M,R1,1,2009-08-02,WCH2009-D2-AM,8,1
WCH2009-110mH-M-R1-H2,WCH,2009,110mH,M,R1,2,2009-08-02,WCH2009-D2-AM,7,1
WCH2009-110mH-M-R1-H3,WCH,2009,110mH,M,R1,3,2009-08-02,WCH2009-D2-AM,8,1
WCH2009-110mH-M-R1-H4,WCH,2009,110mH,M,R1,4,2009-08-02,WCH2009-D2-AM,8,1
WCH2009-110mH-M-R1-H5,WCH,2009,110mH,M,R1,5,2009-08-02,WCH2009-D2-AM,8,1
WCH2009-110mH-M-R1-H6,WCH,2009,110mH,M,R1,6,2009-08-02,WCH2009-D2-AM,7,1
WCH2009-110mH-M-SF-H1,WCH,2009,110mH,M,SF,1,2009-08-03,WCH2009-D3-PM,8,1
WCH2009-110mH-M-SF-H2,WCH,2009,110mH,M,SF,2,2009-08-03,WCH2009-D3-PM,8,1
WCH2009-110mH-M-SF-H3,WCH,2009,110mH,M,SF,3,2009-08-03,WCH2009-D3-PM,8,1
WCH2009-110mH-M-F-H1,WCH,2009,110mH,M,F,1,2009-08-04,WCH2009-D4-PM,8,1
WCH2009-100m-W-R1-H1,WCH,2009,100m,W,R1,1,2009-08-03,WCH2009-D3-AM,7,1
WCH2009-100m-W-R1-H2,WCH,2009,100m,W,R1,2,2009-08-03,WCH2009-D3-AM,8,1
WCH2009-100m-W-R1-H3,WCH,2009,100m,W,R1,3,2009-08-03,WCH2009-D3-AM,8,1
WCH2009-100m-W-R1-H4,WCH,2009,100m,W,R1,4,2009-08-03,WCH2009-D3-AM,8,1
WCH2009-100m-W-R1-H5,WCH,2009,100m,W,R1,5,2009-08-03,WCH2009-D3-AM,8,1
WCH2009-100m-W-R1-H6,WCH,2009,100m,W,R1,6,2009-08-03,WCH2009-D3-AM,7,1
WCH2009-100m-W-SF-H1,WCH,2009,100m,W,SF,1,2009-08-04,WCH2009-D4-PM,8,1
WCH2009-100m-W-SF-H2,WCH,2009,100m,W,SF,2,2009-08-04,WCH2009-D4-PM,8,1
WCH2009-100m-W-SF-H3,WCH,2009,100m,W,SF,3,2009-08-04,WCH2009-D4-PM,8,1
WCH2009-100m-W-F-H1,WCH,2009,100m,W,F,1,2009-08-05,WCH2009-D5-PM,8,1
WCH2009-200m-W-R1-H1,WCH,2009,200m,W,R1,1,2009-08-03,WCH2009-D3-AM,8,1
WCH2009-200m-W-R1-H2,WCH,2009,200m,W,R1,2,2009-08-03,WCH2009-D3-AM,8,1
WCH2009-200m-W-R1-H3,WCH,2009,200m,W,R1,3,2009-08-03,WCH2009-D3-AM,8,1
WCH2009-200m-W-R1-H4,WCH,2009,200m,W,R1,4,2009-08-03,WCH2009-D3-AM,7,1
WCH2009-200m-W-R1-H5,WCH,2009,200m,W,R1,5,2009-08-03,WCH2009-D3-AM,8,1
WCH2009-200m-W-R1-H6,WCH,2009,200m,W,R1,6,2009-08-03,WCH2009-D3-AM,8,1
WCH2009-200m-W-SF-H1,WCH,2009,200m,W,SF,1,2009-08-04,WCH2009-D4-PM,8,1
WCH2009-200m-W-SF-H2,WCH,2009,200m,W,SF,2,2009-08-04,WCH2009-D4-PM,8,1
WCH2009-200m-W-SF-H3,WCH,2009,200m,W,SF,3,2009-08-04,WCH2009-D4-PM,8,1
WCH2009-200m-W-F-H1,WCH,2009,200m,W,F,1,2009-08-05,WCH2009-D5-PM,8,1
WCH2009-100mH-W-R1-H1,WCH,2009,100mH,W,R1,1,2009-08-03,WCH2009-D3-AM,8,1
WCH2009-100mH-W-R1-H2,WCH,2009,100mH,W,R1,2,2009-08-03,WCH2009-D3-AM,8,1
WCH2009-100mH-W-R1-H3,WCH,2009,100mH,W,R1,3,2009-08-03,WCH2009-D3-AM,7,1
WCH2009-100mH-W-R1-H4,WCH,2009,100mH,W,R1,4,2009-08-03,WCH2009-D3-AM,8,1
WCH2009-100mH-W-R1-H5,WCH,2009,100mH,W,R1,5,2009-08-03,WCH2009-D3-AM,8,1
WCH2009-100mH-W-R1-H6,WCH,2009,100mH,W,R1,6,2009-08-03,WCH2009-D3-AM,8,1
WCH2009-100mH-W-SF-H1,WCH,2009,100mH,W,SF,1,2009-08-04,WCH2009-D4-PM,8,1
WCH2009-100mH-W-SF-H2,WCH,2009,100mH,W,SF,2,2009-08-04,WCH2009-D4-PM,8,1
WCH2009-100mH-W-SF-H3,WCH,2009,100mH,W,SF,3,2009-08-04,WCH2009-D4-PM,8,1
WCH2009-100mH-W-F-H1,WCH,2009,100mH,W,F,1,2009-08-05,WCH2009-D5-PM,8,1
WCH2011-100m-M-R1-H1,WCH,2011,100m,M,R1,1,2011-08-02,WCH2011-D2-AM,8,1
WCH2011-100m-M-R1-H2,WCH,2011,100m,M,R1,2,2011-08-02,WCH2011-D2-AM,8,1
WCH2011-100m-M-R1-H3,WCH,2011,100m,M,R1,3,2011-08-02,WCH2011-D2-AM,7,1
WCH2011-100m-M-R1-H4,WCH,2011,100m,M,R1,4,2011-08-02,WCH2011-D2-AM,8,1
WCH2011-100m-M-R1-H5,WCH,2011,100m,M,R1,5,2011-08-02,WCH2011-D2-AM,8,1
WCH2011-100m-M-R1-H6,WCH,2011,100m,M,R1,6,2011-08-02,WCH2011-D2-AM,8,1
WCH2011-100m-M-SF-H1,WCH,2011,100m,M,SF,1,2011-08-03,WCH2011-D3-PM,8,1
WCH2011-100m-M-SF-H2,WCH,2011,100m,M,SF,2,2011-08-03,WCH2011-D3-PM,8,1
WCH2011-100m-M-SF-H3,WCH,2011,100m,M,SF,3,2011-08-03,WCH2011-D3-PM,8,1
WCH2011-100m-M-F-H1,WCH,2011,100m,M,F,1,2011-08-04,WCH2011-D4-PM,8,1
WCH2011-200m-M-R1-H1,WCH,2011,200m,M,R1,1,2011-08-02,WCH2011-D2-AM,7,1
WCH2011-200m-M-R1-H2,WCH,2011,200m,M,R1,2,2011-08-02,WCH2011-D2-AM,8,1
WCH2011-200m-M-R1-H3,WCH,2011,200m,M,R1,3,2011-08-02,WCH2011-D2-AM,8,1
WCH2011-200m-M-R1-H4,WCH,2011,200m,M,R1,4,2011-08-02,WCH2011-D2-AM,7,1
WCH2011-200m-M-R1-H5,WCH,2011,200m,M,R1,5,2011-08-02,WCH2011-D2-AM,8,1
WCH2011-200m-M-R1-H6,WCH,2011,200m,M,R1,6,2011-08-02,WCH2011-D2-AM,8,1
WCH2011-200m-M-SF-H1,WCH,2011,200m,M,SF,1,2011-08-03,WCH2011-D3-PM,8,1
WCH2011-200m-M-SF-H2,WCH,2011,200m,M,SF,2,2011-08-03,WCH2011-D3-PM,8,1
WCH2011-200m-M-SF-H3,WCH,2011,200m,M,SF,3,2011-08-03,WCH2011-D3-PM,8,1
WCH2011-200m-M-F-H1,WCH,2011,200m,M,F,1,2011-08-04,WCH2011-D4-PM,8,1
WCH2011-110mH-M-R1-H1,WCH,2011,110mH,M,R1,1,2011-08-02,WCH2011-D2-AM,8,1
WCH2011-110mH-M-R1-H2,WCH,2011,110mH,M,R1,2,2011-08-02,WCH2011-D2-AM,8,1
WCH2011-110mH-M-R1-H3,WCH,2011,110mH,M,R1,3,2011-08-02,WCH2011-D2-AM,8,1
WCH2011-110mH-M-R1-H4,WCH,2011,110mH,M,R1,4,2011-08-02,WCH2011-D2-AM,8,1
WCH2011-110mH-M-R1-H5,WCH,2011,110mH,M,R1,5,2011-08-02,WCH2011-D2-AM,8,1
WCH2011-110mH-M-R1-H6,WCH,2011,110mH,M,R1,6,2011-08-02,WCH2011-D2-AM,8,1
WCH2011-110mH-M-SF-H1,WCH,2011,110mH,M,SF,1,2011-08-03,WCH2011-D3-PM,8,1
WCH2011-110mH-M-SF-H2,WCH,2011,110mH,M,SF,2,2011-08-03,WCH2011-D3-PM,8,1
WCH2011-110mH-M-SF-H3,WCH,2011,110mH,M,SF,3,2011-08-03,WCH2011-D3-PM,8,1
WCH2011-110mH-M-F-H1,WCH,2011,110mH,M,F,1,2011-08-04,WCH2011-D4-PM,8,1
WCH2011-100m-W-R1-H1,WCH,2011,100m,W,R1,1,2011-08-03,WCH2011-D3-AM,7,1
WCH2011-100m-W-R1-H2,WCH,2011,100m,W,R1,2,2011-08-03,WCH2011-D3-AM,8,1
WCH2011-100m-W-R1-H3,WCH,2011,100m,W,R1,3,2011-08-03,WCH2011-D3-AM,8,1
WCH2011-100m-W-R1-H4,WCH,2011,100m,W,R1,4,2011-08-03,WCH2011-D3-AM,7,1
WCH2011-100m-W-R1-H5,WCH,2011,100m,W,R1,5,2011-08-03,WCH2011-D3-AM,7,1
WCH2011-100m-W-R1-H6,WCH,2011,100m,W,R1,6,2011-08-03,WCH2011-D3-AM,7,1
WCH2011-100m-W-SF-H1,WCH,2011,100m,W,SF,1,2011-08-04,WCH2011-D4-PM,8,1
WCH2011-100m-W-SF-H2,WCH,2011,100m,W,SF,2,2011-08-04,WCH2011-D4-PM,8,1
WCH2011-100m-W-SF-H3,WCH,2011,100m,W,SF,3,2011-08-04,WCH2011-D4-PM,8,1
WCH2011-100m-W-F-H1,WCH,2011,100m,W,F,1,2011-08-05,WCH2011-D5-PM,8,1
WCH2011-200m-W-R1-H1,WCH,2011,200m,W,R1,1,2011-08-03,WCH2011-D3-AM,8,1
WCH2011-200m-W-R1-H2,WCH,2011,200m,W,R1,2,2011-08-03,WCH2011-D3-AM,8,1
WCH2011-200m-W-R1-H3,WCH,2011,200m,W,R1,3,2011-08-03,WCH2011-D3-AM,7,1
WCH2011-200m-W-R1-H4,WCH,2011,200m,W,R1,4,2011-08-03,WCH2011-D3-AM,8,1
WCH2011-200m-W-R1-H5,WCH,2011,200m,W,R1,5,2011-08-03,WCH2011-D3-AM,7,1
WCH2011-200m-W-R1-H6,WCH,2011,200m,W,R1,6,2011-08-03,WCH2011-D3-AM,8,1
WCH2011-200m-W-SF-H1,WCH,2011,200m,W,SF,1,2011-08-04,WCH2011-D4-PM,8,1
WCH2011-200m-W-SF-H2,WCH,2011,200m,W,SF,2,2011-08-04,WCH2011-D4-PM,8,1
WCH2011-200m-W-SF-H3,WCH,2011,200m,W,SF,3,2011-08-04,WCH2011-D4-PM,8,1
WCH2011-200m-W-F-H1,WCH,2011,200m,W,F,1,2011-08-05,WCH2011-D5-PM,8,1
WCH2011-100mH-W-R1-H1,WCH,2011,100mH,W,R1,1,2011-08-03,WCH2011-D3-AM,8,1
WCH2011-100mH-W-R1-H2,WCH,2011,100mH,W,R1,2,2011-08-03,WCH2011-D3-AM,8,1
WCH2011-100mH-W-R1-H3,WCH,2011,100mH,W,R1,3,2011-08-03,WCH2011-D3-AM,8,1
WCH2011-100mH-W-R1-H4,WCH,2011,100mH,W,R1,4,2011-08-03,WCH2011-D3-AM,7,1
WCH2011-100mH-W-R1-H5,WCH,2011,100mH,W,R1,5,2011-08-03,WCH2011-D3-AM,8,1
WCH2011-100mH-W-R1-H6,WCH,2011,100mH,W,R1,6,2011-08-03,WCH2011-D3-AM,8,1
WCH2011-100mH-W-SF-H1,WCH,2011,100mH,W,SF,1,2011-08-04,WCH2011-D4-PM,8,1
WCH2011-100mH-W-SF-H2,WCH,2011,100mH,W,SF,2,2011-08-04,WCH2011-D4-PM,8,1
WCH2011-100mH-W-SF-H3,WCH,2011,100mH,W,SF,3,2011-08-04,WCH2011-D4-PM,8,1
WCH2011-100mH-W-F-H1,WCH,2011,100mH,W,F,1,2011-08-05,WCH2011-D5-PM,8,1
WCH2013-100m-M-R1-H1,WCH,2013,100m,M,R1,1,2013-08-02,WCH2013-D2-AM,8,1
WCH2013-100m-M-R1-H2,WCH,2013,100m,M,R1,2,2013-08-02,WCH2013-D2-AM,8,1
WCH2013-100m-M-R1-H3,WCH,2013,100m,M,R1,3,2013-08-02,WCH2013-D2-AM,8,1
WCH2013-100m-M-R1-H4,WCH,2013,100m,M,R1,4,2013-08-02,WCH2013-D2-AM,8,1
WCH2013-100m-M-R1-H5,WCH,2013,100m,M,R1,5,2013-08-02,WCH2013-D2-AM,8,1
WCH2013-100m-M-R1-H6,WCH,2013,100m,M,R1,6,2013-08-02,WCH2013-D2-AM,8,1
WCH2013-100m-M-SF-H1,WCH,2013,100m,M,SF,1,2013-08-03,WCH2013-D3-PM,8,1
WCH2013-100m-M-SF-H2,WCH,2013,100m,M,SF,2,2013-08-03,WCH2013-D3-PM,8,1
WCH2013-100m-M-SF-H3,WCH,2013,100m,M,SF,3,2013-08-03,WCH2013-D3-PM,8,1
WCH2013-100m-M-F-H1,WCH,2013,100m,M,F,1,2013-08-04,WCH2013-D4-PM,8,1
WCH2013-200m-M-R1-H1,WCH,2013,200m,M,R1,1,2013-08-02,WCH2013-D2-AM,8,1
WCH2013-200m-M-R1-H2,WCH,2013,200m,M,R1,2,2013-08-02,WCH2013-D2-AM,8,1
WCH2013-200m-M-R1-H3,WCH,2013,200m,M,R1,3,2013-08-02,WCH2013-D2-AM,8,1
WCH2013-200m-M-R1-H4,WCH,2013,200m,M,R1,4,2013-08-02,WCH2013-D2-AM,8,1
WCH2013-200m-M-R1-H5,WCH,2013,200m,M,R1,5,2013-08-02,WCH2013-D2-AM,8,1
WCH2013-200m-M-R1-H6,WCH,2013,200m,M,R1,6,2013-08-02,WCH2013-D2-AM,8,1
WCH2013-200m-M-SF-H1,WCH,2013,200m,M,SF,1,2013-08-03,WCH2013-D3-PM,8,1
WCH2013-200m-M-SF-H2,WCH,2013,200m,M,SF,2,2013-08-03,WCH2013-D3-PM,8,1
WCH2013-200m-M-SF-H3,WCH,2013,200m,M,SF,3,2013-08-03,WCH2013-D3-PM,8,1
WCH2013-200m-M-F-H1,WCH,2013,200m,M,F,1,2013-08-04,WCH2013-D4-PM,8,1
WCH2013-110mH-M-R1-H1,WCH,2013,110mH,M,R1,1,2013-08-02,WCH2013-D2-AM,8,1
WCH2013-110mH-M-R1-H2,WCH,2013,110mH,M,R1,2,2013-08-02,WCH2013-D2-AM,8,1
WCH2013-110mH-M-R1-H3,WCH,2013,110mH,M,R1,3,2013-08-02,WCH2013-D2-AM,7,1
WCH2013-110mH-M-R1-H4,WCH,2013,110mH,M,R1,4,2013-08-02,WCH2013-D2-AM,8,1
WCH2013-110mH-M-R1-H5,WCH,2013,110mH,M,R1,5,2013-08-02,WCH2013-D2-AM,8,1
WCH2013-110mH-M-R1-H6,WCH,2013,110mH,M,R1,6,2013-08-02,WCH2013-D2-AM,8,1
WCH2013-110mH-M-SF-H1,WCH,2013,110mH,M,SF,1,2013-08-03,WCH2013-D3-PM,8,1
WCH2013-110mH-M-SF-H2,WCH,2013,110mH,M,SF,2,2013-08-03,WCH2013-D3-PM,8,1
WCH2013-110mH-M-SF-H3,WCH,2013,110mH,M,SF,3,2013-08-03,WCH2013-D3-PM,8,1
WCH2013-110mH-M-F-H1,WCH,2013,110mH,M,F,1,2013-08-04,WCH2013-D4-PM,8,1
WCH2013-100m-W-R1-H1,WCH,2013,100m,W,R1,1,2013-08-03,WCH2013-D3-AM,7,1
WCH2013-100m-W-R1-H2,WCH,2013,100m,W,R1,2,2013-08-03,WCH2013-D3-AM,8,1
WCH2013-100m-W-R1-H3,WCH,2013,100m,W,R1,3,2013-08-03,WCH2013-D3-AM,8,1
WCH2013-100m-W-R1-H4,WCH,2013,100m,W,R1,4,2013-08-03,WCH2013-D3-AM,8,1
WCH2013-100m-W-R1-H5,WCH,2013,100m,W,R1,5,2013-08-03,WCH2013-D3-AM,8,1
WCH2013-100m-W-R1-H6,WCH,2013,100m,W,R1,6,2013-08-03,WCH2013-D3-AM,7,1
WCH2013-100m-W-SF-H1,WCH,2013,100m,W,SF,1,2013-08-04,WCH2013-D4-PM,8,1
WCH2013-100m-W-SF-H2,WCH,2013,100m,W,SF,2,2013-08-04,WCH2013-D4-PM,8,1
WCH2013-100m-W-SF-H3,WCH,2013,100m,W,SF,3,2013-08-04,WCH2013-D4-PM,8,1
WCH2013-100m-W-F-H1,WCH,2013,100m,W,F,1,2013-08-05,WCH2013-D5-PM,8,1
WCH2013-200m-W-R1-H1,WCH,2013,200m,W,R1,1,2013-08-03,WCH2013-D3-AM,8,1
WCH2013-200m-W-R1-H2,WCH,2013,200m,W,R1,2,2013-08-03,WCH2013-D3-AM,8,1
WCH2013-200m-W-R1-H3,WCH,2013,200m,W,R1,3,2013-08-03,WCH2013-D3-AM,8,1
WCH2013-200m-W-R1-H4,WCH,2013,200m,W,R1,4,2013-08-03,WCH2013-D3-AM,8,1
WCH2013-200m-W-R1-H5,WCH,2013,200m,W,R1,5,2013-08-03,WCH2013-D3-AM,7,1
WCH2013-200m-W-R1-H6,WCH,2013,200m,W,R1,6,2013-08-03,WCH2013-D3-AM,8,1
WCH2013-200m-W-SF-H1,WCH,2013,200m,W,SF,1,2013-08-04,WCH2013-D4-PM,8,1
WCH2013-200m-W-SF-H2,WCH,2013,200m,W,SF,2,2013-08-04,WCH2013-D4-PM,8,1
WCH2013-200m-W-SF-H3,WCH,2013,200m,W,SF,3,2013-08-04,WCH2013-D4-PM,8,1
WCH2013-200m-W-F-H1,WCH,2013,200m,W,F,1,2013-08-05,WCH2013-D5-PM,8,1
WCH2013-100mH-W-R1-H1,WCH,2013,100mH,W,R1,1,2013-08-03,WCH2013-D3-AM,8,1
WCH2013-100mH-W-R1-H2,WCH,2013,100mH,W,R1,2,2013-08-03,WCH2013-D3-AM,7,1
WCH2013-100mH-W-R1-H3,WCH,2013,100mH,W,R1,3,2013-08-03,WCH2013-D3-AM,8,1
WCH2013-100mH-W-R1-H4,WCH,2013,100mH,W,R1,4,2013-08-03,WCH2013-D3-AM,7,1
WCH2013-100mH-W-R1-H5,WCH,2013,100mH,W,R1,5,2013-08-03,WCH2013-D3-AM,8,1
WCH2013-100mH-W-R1-H6,WCH,2013,100mH,W,R1,6,2013-08-03,WCH2013-D3-AM,8,1
WCH2013-100mH-W-SF-H1,WCH,2013,100mH,W,SF,1,2013-08-04,WCH2013-D4-PM,8,1
WCH2013-100mH-W-SF-H2,WCH,2013,100mH,W,SF,2,2013-08-04,WCH2013-D4-PM,8,1
WCH2013-100mH-W-SF-H3,WCH,2013,100mH,W,SF,3,2013-08-04,WCH2013-D4-PM,8,1
WCH2013-100mH-W-F-H1,WCH,2013,100mH,W,F,1,2013-08-05,WCH2013-D5-PM,8,1
WCH2015-100m-M-PR-H1,WCH,2015,100m,M,PR,1,2015-08-01,WCH2015-D1-AM,8,1
WCH2015-100m-M-PR-H2,WCH,2015,100m,M,PR,2,2015-08-01,WCH2015-D1-AM,7,1
WCH2015-100m-M-R1-H1,WCH,2015,100m,M,R1,1,2015-08-02,WCH2015-D2-AM,8,1
WCH2015-100m-M-R1-H2,WCH,2015,100m,M,R1,2,2015-08-02,WCH2015-D2-AM,8,1
WCH2015-100m-M-R1-H3,WCH,2015,100m,M,R1,3,2015-08-02,WCH2015-D2-AM,8,1
WCH2015-100m-M-R1-H4,WCH,2015,100m,M,R1,4,2015-08-02,WCH2015-D2-AM,8,1
WCH2015-100m-M-R1-H5,WCH,2015,100m,M,R1,5,2015-08-02,WCH2015-D2-AM,7,1
WCH2015-100m-M-R1-H6,WCH,2015,100m,M,R1,6,2015-08-02,WCH2015-D2-AM,8,1
WCH2015-100m-M-SF-H1,WCH,2015,100m,M,SF,1,2015-08-03,WCH2015-D3-PM,8,1
WCH2015-100m-M-SF-H2,WCH,2015,100m,M,SF,2,2015-08-03,WCH2015-D3-PM,8,1
WCH2015-100m-M-SF-H3,WCH,2015,100m,M,SF,3,2015-08-03,WCH2015-D3-PM,8,1
WCH2015-100m-M-F-H1,WCH,2015,100m,M,F,1,2015-08-04,WCH2015-D4-PM,8,1
WCH2015-200m-M-R1-H1,WCH,2015,200m,M,R1,1,2015-08-02,WCH2015-D2-AM,8,1
WCH2015-200m-M-R1-H2,WCH,2015,200m,M,R1,2,2015-08-02,WCH2015-D2-AM,8,1
WCH2015-200m-M-R1-H3,WCH,2015,200m,M,R1,3,2015-08-02,WCH2015-D2-AM,8,1
WCH2015-200m-M-R1-H4,WCH,2015,200m,M,R1,4,2015-08-02,WCH2015-D2-AM,8,1
WCH2015-200m-M-R1-H5,WCH,2015,200m,M,R1,5,2015-08-02,WCH2015-D2-AM,8,1
WCH2015-200m-M-R1-H6,WCH,2015,200m,M,R1,6,2015-08-02,WCH2015-D2-AM,7,1
WCH2015-200m-M-SF-H1,WCH,2015,200m,M,SF,1,2015-08-03,WCH2015-D3-PM,8,1
WCH2015-200m-M-SF-H2,WCH,2015,200m,M,SF,2,2015-08-03,WCH2015-D3-PM,8,1
WCH2015-200m-M-SF-H3,WCH,2015,200m,M,SF,3,2015-08-03,WCH2015-D3-PM,8,1
WCH2015-200m-M-F-H1,WCH,2015,200m,M,F,1,2015-08-04,WCH2015-D4-PM,8,1
WCH2015-110mH-M-R1-H1,WCH,2015,110mH,M,R1,1,2015-08-02,WCH2015-D2-AM,7,1
WCH2015-110mH-M-R1-H2,WCH,2015,110mH,M,R1,2,2015-08-02,WCH2015-D2-AM,8,1
WCH2015-110mH-M-R1-H3,WCH,2015,110mH,M,R1,3,2015-08-02,WCH2015-D2-AM,8,1
WCH2015-110mH-M-R1-H4,WCH,2015,110mH,M,R1,4,2015-08-02,WCH2015-D2-AM,7,1
WCH2015-110mH-M-R1-H5,WCH,2015,110mH,M,R1,5,2015-08-02,WCH2015-D2-AM,8,1
WCH2015-110mH-M-R1-H6,WCH,2015,110mH,M,R1,6,2015-08-02,WCH2015-D2-AM,8,1
WCH2015-110mH-M-SF-H1,WCH,2015,110mH,M,SF,1,2015-08-03,WCH2015-D3-PM,8,1
WCH2015-110mH-M-SF-H2,WCH,2015,110mH,M,SF,2,2015-08-03,WCH2015-D3-PM,8,1
WCH2015-110mH-M-SF-H3,WCH,2015,110mH,M,SF,3,2015-08-03,WCH2015-D3-PM,8,1
WCH2015-110mH-M-F-H1,WCH,2015,110mH,M,F,1,2015-08-04,WCH2015-D4-PM,8,1
WCH2015-100m-W-PR-H1,WCH,2015,100m,W,PR,1,2015-08-02,WCH2015-D2-AM,8,1
WCH2015-100m-W-PR-H2,WCH,2015,100m,W,PR,2,2015-08-02,WCH2015-D2-AM,8,1
WCH2015-100m-W-R1-H1,WCH,2015,100m,W,R1,1,2015-08-03,WCH2015-D3-AM,8,1
WCH2015-100m-W-R1-H2,WCH,2015,100m,W,R1,2,2015-08-03,WCH2015-D3-AM,8,1
WCH2015-100m-W-R1-H3,WCH,2015,100m,W,R1,3,2015-08-03,WCH2015-D3-AM,8,1
WCH2015-100m-W-R1-H4,WCH,2015,100m,W,R1,4,2015-08-03,WCH2015-D3-AM,8,1
WCH2015-100m-W-R1-H5,WCH,2015,100m,W,R1,5,2015-08-03,WCH2015-D3-AM,7,1
WCH2015-100m-W-R1-H6,WCH,2015,100m,W,R1,6,2015-08-03,WCH2015-D3-AM,8,1
WCH2015-100m-W-SF-H1,WCH,2015,100m,W,SF,1,2015-08-04,WCH2015-D4-PM,8,1
WCH2015-100m-W-SF-H2,WCH,2015,100m,W,SF,2,2015-08-04,WCH2015-D4-PM,8,1
WCH2015-100m-W-SF-H3,WCH,2015,100m,W,SF,3,2015-08-04,WCH2015-D4-PM,8,1
WCH2015-100m-W-F-H1,WCH,2015,100m,W,F,1,2015-08-05,WCH2015-D5-PM,8,1
WCH2015-200m-W-R1-H1,WCH,2015,200m,W,R1,1,2015-08-03,WCH2015-D3-AM,7,1
WCH2015-200m-W-R1-H2,WCH,2015,200m,W,R1,2,2015-08-03,WCH2015-D3-AM,8,1
WCH2015-200m-W-R1-H3,WCH,2015,200m,W,R1,3,2015-08-03,WCH2015-D3-AM,8,1
WCH2015-200m-W-R1-H4,WCH,2015,200m,W,R1,4,2015-08-03,WCH2015-D3-AM,8,1
WCH2015-200m-W-R1-H5,WCH,2015,200m,W,R1,5,2015-08-03,WCH2015-D3-AM,7,1
WCH2015-200m-W-R1-H6,WCH,2015,200m,W,R1,6,2015-08-03,WCH2015-D3-AM,8,1
WCH2015-200m-W-SF-H1,WCH,2015,200m,W,SF,1,2015-08-04,WCH2015-D4-PM,8,1
WCH2015-200m-W-SF-H2,WCH,2015,200m,W,SF,2,2015-08-04,WCH2015-D4-PM,8,1
WCH2015-200m-W-SF-H3,WCH,2015,200m,W,SF,3,2015-08-04,WCH2015-D4-PM,8,1
WCH2015-200m-W-F-H1,WCH,2015,200m,W,F,1,2015-08-05,WCH2015-D5-PM,8,1
WCH2015-100mH-W-R1-H1,WCH,2015,100mH,W,R1,1,2015-08-03,WCH2015-D3-AM,8,1
WCH2015-100mH-W-R1-H2,WCH,2015,100mH,W,R1,2,2015-08-03,WCH2015-D3-AM,8,1
WCH2015-100mH-W-R1-H3,WCH,2015,100mH,W,R1,3,2015-08-03,WCH2015-D3-AM,8,1
WCH2015-100mH-W-R1-H4,WCH,2015,100mH,W,R1,4,2015-08-03,WCH2015-D3-AM,8,1
WCH2015-100mH-W-R1-H5,WCH,2015,100mH,W,R1,5,2015-08-03,WCH2015-D3-AM,7,1
WCH2015-100mH-W-R1-H6,WCH,2015,100mH,W,R1,6,2015-08-03,WCH2015-D3-AM,8,1
WCH2015-100mH-W-SF-H1,WCH,2015,100mH,W,SF,1,2015-08-04,WCH2015-D4-PM,8,1
WCH2015-100mH-W-SF-H2,WCH,2015,100mH,W,SF,2,2015-08-04,WCH2015-D4-PM,8,1
WCH2015-100mH-W-SF-H3,WCH,2015,100mH,W,SF,3,2015-08-04,WCH2015-D4-PM,8,1
WCH2015-100mH-W-F-H1,WCH,2015,100mH,W,F,1,2015-08-05,WCH2015-D5-PM,8,1
WCH2017-100m-M-PR-H1,WCH,2017,100m,M,PR,1,2017-08-01,WCH2017-D1-AM,8,1
WCH2017-100m-M-PR-H2,WCH,2017,100m,M,PR,2,2017-08-01,WCH2017-D1-AM,7,1
WCH2017-100m-M-R1-H1,WCH,2017,100m,M,R1,1,2017-08-02,WCH2017-D2-AM,7,1
WCH2017-100m-M-R1-H2,WCH,2017,100m,M,R1,2,2017-08-02,WCH2017-D2-AM,8,1
WCH2017-100m-M-R1-H3,WCH,2017,100m,M,R1,3,2017-08-02,WCH2017-D2-AM,8,1
WCH2017-100m-M-R1-H4,WCH,2017,100m,M,R1,4,2017-08-02,WCH2017-D2-AM,7,1
WCH2017-100m-M-R1-H5,WCH,2017,100m,M,R1,5,2017-08-02,WCH2017-D2-AM,8,1
WCH2017-100m-M-R1-H6,WCH,2017,100m,M,R1,6,2017-08-02,WCH2017-D2-AM,7,1
WCH2017-100m-M-SF-H1,WCH,2017,100m,M,SF,1,2017-08-03,WCH2017-D3-PM,8,1
WCH2017-100m-M-SF-H2,WCH,2017,100m,M,SF,2,2017-08-03,WCH2017-D3-PM,8,1
WCH2017-100m-M-SF-H3,WCH,2017,100m,M,SF,3,2017-08-03,WCH2017-D3-PM,8,1
WCH2017-100m-M-F-H1,WCH,2017,100m,M,F,1,2017-08-04,WCH2017-D4-PM,8,1
WCH2017-200m-M-R1-H1,WCH,2017,200m,M,R1,1,2017-08-02,WCH2017-D2-AM,8,1
WCH2017-200m-M-R1-H2,WCH,2017,200m,M,R1,2,2017-08-02,WCH2017-D2-AM,8,1
WCH2017-200m-M-R1-H3,WCH,2017,200m,M,R1,3,2017-08-02,WCH2017-D2-AM,8,1
WCH2017-200m-M-R1-H4,WCH,2017,200m,M,R1,4,2017-08-02,WCH2017-D2-AM,7,1
WCH2017-200m-M-R1-H5,WCH,2017,200m,M,R1,5,2017-08-02,WCH2017-D2-AM,8,1
WCH2017-200m-M-R1-H6,WCH,2017,200m,M,R1,6,2017-08-02,WCH2017-D2-AM,8,1
WCH2017-200m-M-SF-H1,WCH,2017,200m,M,SF,1,2017-08-03,WCH2017-D3-PM,8,1
WCH2017-200m-M-SF-H2,WCH,2017,200m,M,SF,2,2017-08-03,WCH2017-D3-PM,8,1
WCH2017-200m-M-SF-H3,WCH,2017,200m,M,SF,3,2017-08-03,WCH2017-D3-PM,8,1
WCH2017-200m-M-F-H1,WCH,2017,200m,M,F,1,2017-08-04,WCH2017-D4-PM,8,1
WCH2017-110mH-M-R1-H1,WCH,2017,110mH,M,R1,1,2017-08-02,WCH2017-D2-AM,8,1
WCH2017-110mH-M-R1-H2,WCH,2017,110mH,M,R1,2,2017-08-02,WCH2017-D2-AM,7,1
WCH2017-110mH-M-R1-H3,WCH,2017,110mH,M,R1,3,2017-08-02,WCH2017-D2-AM,8,1
WCH2017-110mH-M-R1-H4,WCH,2017,110mH,M,R1,4,2017-08-02,WCH2017-D2-AM,8,1
WCH2017-110mH-M-R1-H5,WCH,2017,110mH,M,R1,5,2017-08-02,WCH2017-D2-AM,8,1
WCH2017-110mH-M-R1-H6,WCH,2017,110mH,M,R1,6,2017-08-02,WCH2017-D2-AM,8,1
WCH2017-110mH-M-SF-H1,WCH,2017,110mH,M,SF,1,2017-08-03,WCH2017-D3-PM,8,1
WCH2017-110mH-M-SF-H2,WCH,2017,110mH,M,SF,2,2017-08-03,WCH2017-D3-PM,8,1
WCH2017-110mH-M-SF-H3,WCH,2017,110mH,M,SF,3,2017-08-03,WCH2017-D3-PM,8,1
WCH2017-110mH-M-F-H1,WCH,2017,110mH,M,F,1,2017-08-04,WCH2017-D4-PM,8,1
WCH2017-100m-W-PR-H1,WCH,2017,100m,W,PR,1,2017-08-02,WCH2017-D2-AM,8,1
WCH2017-100m-W-PR-H2,WCH,2017,100m,W,PR,2,2017-08-02,WCH2017-D2-AM,8,1
WCH2017-100m-W-R1-H1,WCH,2017,100m,W,R1,1,2017-08-03,WCH2017-D3-AM,7,1
WCH2017-100m-W-R1-H2,WCH,2017,100m,W,R1,2,2017-08-03,WCH2017-D3-AM,8,1
WCH2017-100m-W-R1-H3,WCH,2017,100m,W,R1,3,2017-08-03,WCH2017-D3-AM,8,1
WCH2017-100m-W-R1-H4,WCH,2017,100m,W,R1,4,2017-08-03,WCH2017-D3-AM,8,1
WCH2017-100m-W-R1-H5,WCH,2017,100m,W,R1,5,2017-08-03,WCH2017-D3-AM,8,1
WCH2017-100m-W-R1-H6,WCH,2017,100m,W,R1,6,2017-08-03,WCH2017-D3-AM,8,1
WCH2017-100m-W-SF-H1,WCH,2017,100m,W,SF,1,2017-08-04,WCH2017-D4-PM,8,1
WCH2017-100m-W-SF-H2,WCH,2017,100m,W,SF,2,2017-08-04,WCH2017-D4-PM,8,1
WCH2017-100m-W-SF-H3,WCH,2017,100m,W,SF,3,2017-08-04,WCH2017-D4-PM,8,1
WCH2017-100m-W-F-H1,WCH,2017,100m,W,F,1,2017-08-05,WCH2017-D5-PM,8,1
WCH2017-200m-W-R1-H1,WCH,2017,200m,W,R1,1,2017-08-03,WCH2017-D3-AM,8,1
WCH2017-200m-W-R1-H2,WCH,2017,200m,W,R1,2,2017-08-03,WCH2017-D3-AM,8,1
WCH2017-200m-W-R1-H3,WCH,2017,200m,W,R1,3,2017-08-03,WCH2017-D3-AM,7,1
WCH2017-200m-W-R1-H4,WCH,2017,200m,W,R1,4,2017-08-03,WCH2017-D3-AM,8,1
WCH2017-200m-W-R1-H5,WCH,2017,200m,W,R1,5,2017-08-03,WCH2017-D3-AM,8,1
WCH2017-200m-W-R1-H6,WCH,2017,200m,W,R1,6,2017-08-03,WCH2017-D3-AM,7,1
WCH2017-200m-W-SF-H1,WCH,2017,200m,W,SF,1,2017-08-04,WCH2017-D4-PM,8,1
WCH2017-200m-W-SF-H2,WCH,2017,200m,W,SF,2,2017-08-04,WCH2017-D4-PM,8,1
WCH2017-200m-W-SF-H3,WCH,2017,200m,W,SF,3,2017-08-04,WCH2017-D4-PM,8,1
WCH2017-200m-W-F-H1,WCH,2017,200m,W,F,1,2017-08-05,WCH2017-D5-PM,8,1
WCH2017-100mH-W-R1-H1,WCH,2017,100mH,W,R1,1,2017-08-03,WCH2017-D3-AM,8,1
WCH2017-100mH-W-R1-H2,WCH,2017,100mH,W,R1,2,2017-08-03,WCH2017-D3-AM,8,1
WCH2017-100mH-W-R1-H3,WCH,2017,100mH,W,R1,3,2017-08-03,WCH2017-D3-AM,8,1
WCH2017-100mH-W-R1-H4,WCH,2017,100mH,W,R1,4,2017-08-03,WCH2017-D3-AM,8,1
WCH2017-100mH-W-R1-H5,WCH,2017,100mH,W,R1,5,2017-08-03,WCH2017-D3-AM,8,1
WCH2017-100mH-W-R1-H6,WCH,2017,100mH,W,R1,6,2017-08-03,WCH2017-D3-AM,7,1
WCH2017-100mH-W-SF-H1,WCH,2017,100mH,W,SF,1,2017-08-04,WCH2017-D4-PM,8,1
WCH2017-100mH-W-SF-H2,WCH,2017,100mH,W,SF,2,2017-08-04,WCH2017-D4-PM,8,1
WCH2017-100mH-W-SF-H3,WCH,2017,100mH,W,SF,3,2017-08-04,WCH2017-D4-PM,8,1
WCH2017-100mH-W-F-H1,WCH,2017,100mH,W,F,1,2017-08-05,WCH2017-D5-PM,8,1
WCH2019-100m-M-PR-H1,WCH,2019,100m,M,PR,1,2019-08-01,WCH2019-D1-AM,8,1
WCH2019-100m-M-PR-H2,WCH,2019,100m,M,PR,2,2019-08-01,WCH2019-D1-AM,8,1
WCH2019-100m-M-R1-H1,WCH,2019,100m,M,R1,1,2019-08-02,WCH2019-D2-AM,8,1
WCH2019-100m-M-R1-H2,WCH,2019,100m,M,R1,2,2019-08-02,WCH2019-D2-AM,8,1
WCH2019-100m-M-R1-H3,WCH,2019,100m,M,R1,3,2019-08-02,WCH2019-D2-AM,8,1
WCH2019-100m-M-R1-H4,WCH,2019,100m,M,R1,4,2019-08-02,WCH2019-D2-AM,7,1
WCH2019-100m-M-R1-H5,WCH,2019,100m,M,R1,5,2019-08-02,WCH2019-D2-AM,8,1
WCH2019-100m-M-R1-H6,WCH,2019,100m,M,R1,6,2019-08-02,WCH2019-D2-AM,8,1
WCH2019-100m-M-SF-H1,WCH,2019,100m,M,SF,1,2019-08-03,WCH2019-D3-PM,8,1
WCH2019-100m-M-SF-H2,WCH,2019,100m,M,SF,2,2019-08-03,WCH2019-D3-PM,8,1
WCH2019-100m-M-SF-H3,WCH,2019,100m,M,SF,3,2019-08-03,WCH2019-D3-PM,8,1
WCH2019-100m-M-F-H1,WCH,2019,100m,M,F,1,2019-08-04,WCH2019-D4-PM,8,1
WCH2019-200m-M-R1-H1,WCH,2019,200m,M,R1,1,2019-08-02,WCH2019-D2-AM,7,1
WCH2019-200m-M-R1-H2,WCH,2019,200m,M,R1,2,2019-08-02,WCH2019-D2-AM,7,1
WCH2019-200m-M-R1-H3,WCH,2019,200m,M,R1,3,2019-08-02,WCH2019-D2-AM,7,1
WCH2019-200m-M-R1-H4,WCH,2019,200m,M,R1,4,2019-08-02,WCH2019-D2-AM,7,1
WCH2019-200m-M-R1-H5,WCH,2019,200m,M,R1,5,2019-08-02,WCH2019-D2-AM,8,1
WCH2019-200m-M-R1-H6,WCH,2019,200m,M,R1,6,2019-08-02,WCH2019-D2-AM,8,1
WCH2019-200m-M-SF-H1,WCH,2019,200m,M,SF,1,2019-08-03,WCH2019-D3-PM,8,1
WCH2019-200m-M-SF-H2,WCH,2019,200m,M,SF,2,2019-08-03,WCH2019-D3-PM,8,1
WCH2019-200m-M-SF-H3,WCH,2019,200m,M,SF,3,2019-08-03,WCH2019-D3-PM,8,1
WCH2019-200m-M-F-H1,WCH,2019,200m,M,F,1,2019-08-04,WCH2019-D4-PM,8,1
WCH2019-110mH-M-R1-H1,WCH,2019,110mH,M,R1,1,2019-08-02,WCH2019-D2-AM,8,1
WCH2019-110mH-M-R1-H2,WCH,2019,110mH,M,R1,2,2019-08-02,WCH2019-D2-AM,8,1
WCH2019-110mH-M-R1-H3,WCH,2019,110mH,M,R1,3,2019-08-02,WCH2019-D2-AM,7,1
WCH2019-110mH-M-R1-H4,WCH,2019,110mH,M,R1,4,2019-08-02,WCH2019-D2-AM,8,1
WCH2019-110mH-M-R1-H5,WCH,2019,110mH,M,R1,5,2019-08-02,WCH2019-D2-AM,8,1
WCH2019-110mH-M-R1-H6,WCH,2019,110mH,M,R1,6,2019-08-02,WCH2019-D2-AM,8,1
WCH2019-110mH-M-SF-H1,WCH,2019,110mH,M,SF,1,2019-08-03,WCH2019-D3-PM,8,1
WCH2019-110mH-M-SF-H2,WCH,2019,110mH,M,SF,2,2019-08-03,WCH2019-D3-PM,8,1
WCH2019-110mH-M-SF-H3,WCH,2019,110mH,M,SF,3,2019-08-03,WCH2019-D3-PM,8,1
WCH2019-110mH-M-F-H1,WCH,2019,110mH,M,F,1,2019-08-04,WCH2019-D4-PM,8,1
WCH2019-100m-W-PR-H1,WCH,2019,100m,W,PR,1,2019-08-02,WCH2019-D2-AM,8,1
WCH2019-100m-W-PR-H2,WCH,2019,100m,W,PR,2,2019-08-02,WCH2019-D2-AM,7,1
WCH2019-100m-W-R1-H1,WCH,2019,100m,W,R1,1,2019-08-03,WCH2019-D3-AM,8,1
WCH2019-100m-W-R1-H2,WCH,2019,100m,W,R1,2,2019-08-03,WCH2019-D3-AM,8,1
WCH2019-100m-W-R1-H3,WCH,2019,100m,W,R1,3,2019-08-03,WCH2019-D3-AM,8,1
WCH2019-100m-W-R1-H4,WCH,2019,100m,W,R1,4,2019-08-03,WCH2019-D3-AM,7,1
WCH2019-100m-W-R1-H5,WCH,2019,100m,W,R1,5,2019-08-03,WCH2019-D3-AM,8,1
WCH2019-100m-W-R1-H6,WCH,2019,100m,W,R1,6,2019-08-03,WCH2019-D3-AM,7,1
WCH2019-100m-W-SF-H1,WCH,2019,100m,W,SF,1,2019-08-04,WCH2019-D4-PM,8,1
WCH2019-100m-W-SF-H2,WCH,2019,100m,W,SF,2,2019-08-04,WCH2019-D4-PM,8,1
WCH2019-100m-W-SF-H3,WCH,2019,100m,W,SF,3,2019-08-04,WCH2019-D4-PM,8,1
WCH2019-100m-W-F-H1,WCH,2019,100m,W,F,1,2019-08-05,WCH2019-D5-PM,8,1
WCH2019-200m-W-R1-H1,WCH,2019,200m,W,R1,1,2019-08-03,WCH2019-D3-AM,7,1
WCH2019-200m-W-R1-H2,WCH,2019,200m,W,R1,2,2019-08-03,WCH2019-D3-AM,8,1
WCH2019-200m-W-R1-H3,WCH,2019,200m,W,R1,3,2019-08-03,WCH2019-D3-AM,8,1
WCH2019-200m-W-R1-H4,WCH,2019,200m,W,R1,4,2019-08-03,WCH2019-D3-AM,8,1
WCH2019-200m-W-R1-H5,WCH,2019,200m,W,R1,5,2019-08-03,WCH2019-D3-AM,8,1
WCH2019-200m-W-R1-H6,WCH,2019,200m,W,R1,6,2019-08-03,WCH2019-D3-AM,8,1
WCH2019-200m-W-SF-H1,WCH,2019,200m,W,SF,1,2019-08-04,WCH2019-D4-PM,8,1
WCH2019-200m-W-SF-H2,WCH,2019,200m,W,SF,2,2019-08-04,WCH2019-D4-PM,8,1
WCH2019-200m-W-SF-H3,WCH,2019,200m,W,SF,3,2019-08-04,WCH2019-D4-PM,8,1
WCH2019-200m-W-F-H1,WCH,2019,200m,W,F,1,2019-08-05,WCH2019-D5-PM,8,1
WCH2019-100mH-W-R1-H1,WCH,2019,100mH,W,R1,1,2019-08-03,WCH2019-D3-AM,8,1
WCH2019-100mH-W-R1-H2,WCH,2019,100mH,W,R1,2,2019-08-03,WCH2019-D3-AM,8,1
WCH2019-100mH-W-R1-H3,WCH,2019,100mH,W,R1,3,2019-08-03,WCH2019-D3-AM,7,1
WCH2019-100mH-W-R1-H4,WCH,2019,100mH,W,R1,4,2019-08-03,WCH2019-D3-AM,7,1
WCH2019-100mH-W-R1-H5,WCH,2019,100mH,W,R1,5,2019-08-03,WCH2019-D3-AM,8,1
WCH2019-100mH-W-R1-H6,WCH,2019,100mH,W,R1,6,2019-08-03,WCH2019-D3-AM,8,1
WCH2019-100mH-W-SF-H1,WCH,2019,100mH,W,SF,1,2019-08-04,WCH2019-D4-PM,8,1
WCH2019-100mH-W-SF-H2,WCH,2019,100mH,W,SF,2,2019-08-04,WCH2019-D4-PM,8,1
WCH2019-100mH-W-SF-H3,WCH,2019,100mH,W,SF,3,2019-08-04,WCH2019-D4-PM,8,1
WCH2019-100mH-W-F-H1,WCH,2019,100mH,W,F,1,2019-08-05,WCH2019-D5-PM,8,1
WCH2022-100m-M-PR-H1,WCH,2022,100m,M,PR,1,2022-08-01,WCH2022-D1-AM,7,1
WCH2022-100m-M-PR-H2,WCH,2022,100m,M,PR,2,2022-08-01,WCH2022-D1-AM,8,1
WCH2022-100m-M-R1-H1,WCH,2022,100m,M,R1,1,2022-08-02,WCH2022-D2-AM,8,1
WCH2022-100m-M-R1-H2,WCH,2022,100m,M,R1,2,2022-08-02,WCH2022-D2-AM,7,1
WCH2022-100m-M-R1-H3,WCH,2022,100m,M,R1,3,2022-08-02,WCH2022-D2-AM,8,1
WCH2022-100m-M-R1-H4,WCH,2022,100m,M,R1,4,2022-08-02,WCH2022-D2-AM,8,1
WCH2022-100m-M-R1-H5,WCH,2022,100m,M,R1,5,2022-08-02,WCH2022-D2-AM,7,1
WCH2022-100m-M-R1-H6,WCH,2022,100m,M,R1,6,2022-08-02,WCH2022-D2-AM,7,1
WCH2022-100m-M-SF-H1,WCH,2022,100m,M,SF,1,2022-08-03,WCH2022-D3-PM,8,1
WCH2022-100m-M-SF-H2,WCH,2022,100m,M,SF,2,2022-08-03,WCH2022-D3-PM,8,1
WCH2022-100m-M-SF-H3,WCH,2022,100m,M,SF,3,2022-08-03,WCH2022-D3-PM,8,1
WCH2022-100m-M-F-H1,WCH,2022,100m,M,F,1,2022-08-04,WCH2022-D4-PM,8,1
WCH2022-200m-M-R1-H1,WCH,2022,200m,M,R1,1,2022-08-02,WCH2022-D2-AM,8,1
WCH2022-200m-M-R1-H2,WCH,2022,200m,M,R1,2,2022-08-02,WCH2022-D2-AM,8,1
WCH2022-200m-M-R1-H3,WCH,2022,200m,M,R1,3,2022-08-02,WCH2022-D2-AM,8,1
WCH2022-200m-M-R1-H4,WCH,2022,200m,M,R1,4,2022-08-02,WCH2022-D2-AM,8,1
WCH2022-200m-M-R1-H5,WCH,2022,200m,M,R1,5,2022-08-02,WCH2022-D2-AM,7,1
WCH2022-200m-M-R1-H6,WCH,2022,200m,M,R1,6,2022-08-02,WCH2022-D2-AM,8,1
WCH2022-200m-M-SF-H1,WCH,2022,200m,M,SF,1,2022-08-03,WCH2022-D3-PM,8,1
WCH2022-200m-M-SF-H2,WCH,2022,200m,M,SF,2,2022-08-03,WCH2022-D3-PM,8,1
WCH2022-200m-M-SF-H3,WCH,2022,200m,M,SF,3,2022-08-03,WCH2022-D3-PM,8,1
WCH2022-200m-M-F-H1,WCH,2022,200m,M,F,1,2022-08-04,WCH2022-D4-PM,8,1
WCH2022-110mH-M-R1-H1,WCH,2022,110mH,M,R1,1,2022-08-02,WCH2022-D2-AM,8,1
WCH2022-110mH-M-R1-H2,WCH,2022,110mH,M,R1,2,2022-08-02,WCH2022-D2-AM,8,1
WCH2022-110mH-M-R1-H3,WCH,2022,110mH,M,R1,3,2022-08-02,WCH2022-D2-AM,8,1
WCH2022-110mH-M-R1-H4,WCH,2022,110mH,M,R1,4,2022-08-02,WCH2022-D2-AM,7,1
WCH2022-110mH-M-R1-H5,WCH,2022,110mH,M,R1,5,2022-08-02,WCH2022-D2-AM,8,1
WCH2022-110mH-M-R1-H6,WCH,2022,110mH,M,R1,6,2022-08-02,WCH2022-D2-AM,7,1
WCH2022-110mH-M-SF-H1,WCH,2022,110mH,M,SF,1,2022-08-03,WCH2022-D3-PM,8,1
WCH2022-110mH-M-SF-H2,WCH,2022,110mH,M,SF,2,2022-08-03,WCH2022-D3-PM,8,1
WCH2022-110mH-M-SF-H3,WCH,2022,110mH,M,SF,3,2022-08-03,WCH2022-D3-PM,8,1
WCH2022-110mH-M-F-H1,WCH,2022,110mH,M,F,1,2022-08-04,WCH2022-D4-PM,8,1
WCH2022-100m-W-PR-H1,WCH,2022,100m,W,PR,1,2022-08-02,WCH2022-D2-AM,8,1
WCH2022-100m-W-PR-H2,WCH,2022,100m,W,PR,2,2022-08-02,WCH2022-D2-AM,8,1
WCH2022-100m-W-R1-H1,WCH,2022,100m,W,R1,1,2022-08-03,WCH2022-D3-AM,8,1
WCH2022-100m-W-R1-H2,WCH,2022,100m,W,R1,2,2022-08-03,WCH2022-D3-AM,7,1
WCH2022-100m-W-R1-H3,WCH,2022,100m,W,R1,3,2022-08-03,WCH2022-D3-AM,8,1
WCH2022-100m-W-R1-H4,WCH,2022,100m,W,R1,4,2022-08-03,WCH2022-D3-AM,8,1
WCH2022-100m-W-R1-H5,WCH,2022,100m,W,R1,5,2022-08-03,WCH2022-D3-AM,7,1
WCH2022-100m-W-R1-H6,WCH,2022,100m,W,R1,6,2022-08-03,WCH2022-D3-AM,8,1
WCH2022-100m-W-SF-H1,WCH,2022,100m,W,SF,1,2022-08-04,WCH2022-D4-PM,8,1
WCH2022-100m-W-SF-H2,WCH,2022,100m,W,SF,2,2022-08-04,WCH2022-D4-PM,8,1
WCH2022-100m-W-SF-H3,WCH,2022,100m,W,SF,3,2022-08-04,WCH2022-D4-PM,8,1
WCH2022-100m-W-F-H1,WCH,2022,100m,W,F,1,2022-08-05,WCH2022-D5-PM,8,1
WCH2022-200m-W-R1-H1,WCH,2022,200m,W,R1,1,2022-08-03,WCH2022-D3-AM,8,1
WCH2022-200m-W-R1-H2,WCH,2022,200m,W,R1,2,2022-08-03,WCH2022-D3-AM,8,1
WCH2022-200m-W-R1-H3,WCH,2022,200m,W,R1,3,2022-08-03,WCH2022-D3-AM,7,1
WCH2022-200m-W-R1-H4,WCH,2022,200m,W,R1,4,2022-08-03,WCH2022-D3-AM,8,1
WCH2022-200m-W-R1-H5,WCH,2022,200m,W,R1,5,2022-08-03,WCH2022-D3-AM,8,1
WCH2022-200m-W-R1-H6,WCH,2022,200m,W,R1,6,2022-08-03,WCH2022-D3-AM,8,1
WCH2022-200m-W-SF-H1,WCH,2022,200m,W,SF,1,2022-08-04,WCH2022-D4-PM,8,1
WCH2022-200m-W-SF-H2,WCH,2022,200m,W,SF,2,2022-08-04,WCH2022-D4-PM,8,1
WCH2022-200m-W-SF-H3,WCH,2022,200m,W,SF,3,2022-08-04,WCH2022-D4-PM,8,1
WCH2022-200m-W-F-H1,WCH,2022,200m,W,F,1,2022-08-05,WCH2022-D5-PM,8,1
WCH2022-100mH-W-R1-H1,WCH,2022,100mH,W,R1,1,2022-08-03,WCH2022-D3-AM,7,1
WCH2022-100mH-W-R1-H2,WCH,2022,100mH,W,R1,2,2022-08-03,WCH2022-D3-AM,7,1
WCH2022-100mH-W-R1-H3,WCH,2022,100mH,W,R1,3,2022-08-03,WCH2022-D3-AM,8,1
WCH2022-100mH-W-R1-H4,WCH,2022,100mH,W,R1,4,2022-08-03,WCH2022-D3-AM,8,1
WCH2022-100mH-W-R1-H5,WCH,2022,100mH,W,R1,5,2022-08-03,WCH2022-D3-AM,8,1
WCH2022-100mH-W-R1-H6,WCH,2022,100mH,W,R1,6,2022-08-03,WCH2022-D3-AM,8,1
WCH2022-100mH-W-SF-H1,WCH,2022,100mH,W,SF,1,2022-08-04,WCH2022-D4-PM,8,1
WCH2022-100mH-W-SF-H2,WCH,2022,100mH,W,SF,2,2022-08-04,WCH2022-D4-PM,8,1
WCH2022-100mH-W-SF-H3,WCH,2022,100mH,W,SF,3,2022-08-04,WCH2022-D4-PM,8,1
WCH2022-100mH-W-F-H1,WCH,2022,100mH,W,F,1,2022-08-05,WCH2022-D5-PM,8,1
WCH2023-100m-M-PR-H1,WCH,2023,100m,M,PR,1,2023-08-01,WCH2023-D1-AM,8,1
WCH2023-100m-M-PR-H2,WCH,2023,100m,M,PR,2,2023-08-01,WCH2023-D1-AM,8,1
WCH2023-100m-M-R1-H1,WCH,2023,100m,M,R1,1,2023-08-02,WCH2023-D2-AM,8,1
WCH2023-100m-M-R1-H2,WCH,2023,100m,M,R1,2,2023-08-02,WCH2023-D2-AM,8,1
WCH2023-100m-M-R1-H3,WCH,2023,100m,M,R1,3,2023-08-02,WCH2023-D2-AM,8,1
WCH2023-100m-M-R1-H4,WCH,2023,100m,M,R1,4,2023-08-02,WCH2023-D2-AM,8,1
WCH2023-100m-M-R1-H5,WCH,2023,100m,M,R1,5,2023-08-02,WCH2023-D2-AM,8,1
WCH2023-100m-M-R1-H6,WCH,2023,100m,M,R1,6,2023-08-02,WCH2023-D2-AM,8,1
WCH2023-100m-M-SF-H1,WCH,2023,100m,M,SF,1,2023-08-03,WCH2023-D3-PM,8,1
WCH2023-100m-M-SF-H2,WCH,2023,100m,M,SF,2,2023-08-03,WCH2023-D3-PM,8,1
WCH2023-100m-M-SF-H3,WCH,2023,100m,M,SF,3,2023-08-03,WCH2023-D3-PM,8,1
WCH2023-100m-M-F-H1,WCH,2023,100m,M,F,1,2023-08-04,WCH2023-D4-PM,8,1
WCH2023-200m-M-R1-H1,WCH,2023,200m,M,R1,1,2023-08-02,WCH2023-D2-AM,7,1
WCH2023-200m-M-R1-H2,WCH,2023,200m,M,R1,2,2023-08-02,WCH2023-D2-AM,8,1
WCH2023-200m-M-R1-H3,WCH,2023,200m,M,R1,3,2023-08-02,WCH2023-D2-AM,8,1
WCH2023-200m-M-R1-H4,WCH,2023,200m,M,R1,4,2023-08-02,WCH2023-D2-AM,8,1
WCH2023-200m-M-R1-H5,WCH,2023,200m,M,R1,5,2023-08-02,WCH2023-D2-AM,8,1
WCH2023-200m-M-R1-H6,WCH,2023,200m,M,R1,6,2023-08-02,WCH2023-D2-AM,7,1
WCH2023-200m-M-SF-H1,WCH,2023,200m,M,SF,1,2023-08-03,WCH2023-D3-PM,8,1
WCH2023-200m-M-SF-H2,WCH,2023,200m,M,SF,2,2023-08-03,WCH2023-D3-PM,8,1
WCH2023-200m-M-SF-H3,WCH,2023,200m,M,SF,3,2023-08-03,WCH2023-D3-PM,8,1
WCH2023-200m-M-F-H1,WCH,2023,200m,M,F,1,2023-08-04,WCH2023-D4-PM,8,1
WCH2023-110mH-M-R1-H1,WCH,2023,110mH,M,R1,1,2023-08-02,WCH2023-D2-AM,8,1
WCH2023-110mH-M-R1-H2,WCH,2023,110mH,M,R1,2,2023-08-02,WCH2023-D2-AM,8,1
WCH2023-110mH-M-R1-H3,WCH,2023,110mH,M,R1,3,2023-08-02,WCH2023-D2-AM,8,1
WCH2023-110mH-M-R1-H4,WCH,2023,110mH,M,R1,4,2023-08-02,WCH2023-D2-AM,8,1
WCH2023-110mH-M-R1-H5,WCH,2023,110mH,M,R1,5,2023-08-02,WCH2023-D2-AM,8,1
WCH2023-110mH-M-R1-H6,WCH,2023,110mH,M,R1,6,2023-08-02,WCH2023-D2-AM,8,1
WCH2023-110mH-M-SF-H1,WCH,2023,110mH,M,SF,1,2023-08-03,WCH2023-D3-PM,8,1
WCH2023-110mH-M-SF-H2,WCH,2023,110mH,M,SF,2,2023-08-03,WCH2023-D3-PM,8,1
WCH2023-110mH-M-SF-H3,WCH,2023,110mH,M,SF,3,2023-08-03,WCH2023-D3-PM,8,1
WCH2023-110mH-M-F-H1,WCH,2023,110mH,M,F,1,2023-08-04,WCH2023-D4-PM,8,1
WCH2023-100m-W-PR-H1,WCH,2023,100m,W,PR,1,2023-08-02,WCH2023-D2-AM,8,1
WCH2023-100m-W-PR-H2,WCH,2023,100m,W,PR,2,2023-08-02,WCH2023-D2-AM,8,1
WCH2023-100m-W-R1-H1,WCH,2023,100m,W,R1,1,2023-08-03,WCH2023-D3-AM,8,1
WCH2023-100m-W-R1-H2,WCH,2023,100m,W,R1,2,2023-08-03,WCH2023-D3-AM,8,1
WCH2023-100m-W-R1-H3,WCH,2023,100m,W,R1,3,2023-08-03,WCH2023-D3-AM,8,1
WCH2023-100m-W-R1-H4,WCH,2023,100m,W,R1,4,2023-08-03,WCH2023-D3-AM,7,1
WCH2023-100m-W-R1-H5,WCH,2023,100m,W,R1,5,2023-08-03,WCH2023-D3-AM,8,1
WCH2023-100m-W-R1-H6,WCH,2023,100m,W,R1,6,2023-08-03,WCH2023-D3-AM,7,1
WCH2023-100m-W-SF-H1,WCH,2023,100m,W,SF,1,2023-08-04,WCH2023-D4-PM,8,1
WCH2023-100m-W-SF-H2,WCH,2023,100m,W,SF,2,2023-08-04,WCH2023-D4-PM,8,1
WCH2023-100m-W-SF-H3,WCH,2023,100m,W,SF,3,2023-08-04,WCH2023-D4-PM,8,1
WCH2023-100m-W-F-H1,WCH,2023,100m,W,F,1,2023-08-05,WCH2023-D5-PM,8,1
WCH2023-200m-W-R1-H1,WCH,2023,200m,W,R1,1,2023-08-03,WCH2023-D3-AM,8,1
WCH2023-200m-W-R1-H2,WCH,2023,200m,W,R1,2,2023-08-03,WCH2023-D3-AM,8,1
WCH2023-200m-W-R1-H3,WCH,2023,200m,W,R1,3,2023-08-03,WCH2023-D3-AM,8,1
WCH2023-200m-W-R1-H4,WCH,2023,200m,W,R1,4,2023-08-03,WCH2023-D3-AM,8,1
WCH2023-200m-W-R1-H5,WCH,2023,200m,W,R1,5,2023-08-03,WCH2023-D3-AM,8,1
WCH2023-200m-W-R1-H6,WCH,2023,200m,W,R1,6,2023-08-03,WCH2023-D3-AM,8,1
WCH2023-200m-W-SF-H1,WCH,2023,200m,W,SF,1,2023-08-04,WCH2023-D4-PM,8,1
WCH2023-200m-W-SF-H2,WCH,2023,200m,W,SF,2,2023-08-04,WCH2023-D4-PM,8,1
WCH2023-200m-W-SF-H3,WCH,2023,200m,W,SF,3,2023-08-04,WCH2023-D4-PM,8,1
WCH2023-200m-W-F-H1,WCH,2023,200m,W,F,1,2023-08-05,WCH2023-D5-PM,8,1
WCH2023-100mH-W-R1-H1,WCH,2023,100mH,W,R1,1,2023-08-03,WCH2023-D3-AM,7,1
WCH2023-100mH-W-R1-H2,WCH,2023,100mH,W,R1,2,2023-08-03,WCH2023-D3-AM,8,1
WCH2023-100mH-W-R1-H3,WCH,2023,100mH,W,R1,3,2023-08-03,WCH2023-D3-AM,8,1
WCH2023-100mH-W-R1-H4,WCH,2023,100mH,W,R1,4,2023-08-03,WCH2023-D3-AM,8,1
WCH2023-100mH-W-R1-H5,WCH,2023,100mH,W,R1,5,2023-08-03,WCH2023-D3-AM,7,1
WCH2023-100mH-W-R1-H6,WCH,2023,100mH,W,R1,6,2023-08-03,WCH2023-D3-AM,7,1
WCH2023-100mH-W-SF-H1,WCH,2023,100mH,W,SF,1,2023-08-04,WCH2023-D4-PM,8,1
WCH2023-100mH-W-SF-H2,WCH,2023,100mH,W,SF,2,2023-08-04,WCH2023-D4-PM,8,1
WCH2023-100mH-W-SF-H3,WCH,2023,100mH,W,SF,3,2023-08-04,WCH2023-D4-PM,8,1
WCH2023-100mH-W-F-H1,WCH,2023,100mH,W,F,1,2023-08-05,WCH2023-D5-PM,8,1
OG2012-100m-M-R1-H1,OG,2012,100m,M,R1,1,2012-08-02,OG2012-D2-AM,8,1
OG2012-100m-M-R1-H2,OG,2012,100m,M,R1,2,2012-08-02,OG2012-D2-AM,8,1
OG2012-100m-M-R1-H3,OG,2012,100m,M,R1,3,2012-08-02,OG2012-D2-AM,8,1
OG2012-100m-M-R1-H4,OG,2012,100m,M,R1,4,2012-08-02,OG2012-D2-AM,7,1
OG2012-100m-M-R1-H5,OG,2012,100m,M,R1,5,2012-08-02,OG2012-D2-AM,8,1
OG2012-100m-M-R1-H6,OG,2012,100m,M,R1,6,2012-08-02,OG2012-D2-AM,7,1
OG2012-100m-M-SF-H1,OG,2012,100m,M,SF,1,2012-08-03,OG2012-D3-PM,8,1
OG2012-100m-M-SF-H2,OG,2012,100m,M,SF,2,2012-08-03,OG2012-D3-PM,8,1
OG2012-100m-M-SF-H3,OG,2012,100m,M,SF,3,2012-08-03,OG2012-D3-PM,8,1
OG2012-100m-M-F-H1,OG,2012,100m,M,F,1,2012-08-04,OG2012-D4-PM,8,1
OG2012-200m-M-R1-H1,OG,2012,200m,M,R1,1,2012-08-02,OG2012-D2-AM,8,1
OG2012-200m-M-R1-H2,OG,2012,200m,M,R1,2,2012-08-02,OG2012-D2-AM,8,1
OG2012-200m-M-R1-H3,OG,2012,200m,M,R1,3,2012-08-02,OG2012-D2-AM,8,1
OG2012-200m-M-R1-H4,OG,2012,200m,M,R1,4,2012-08-02,OG2012-D2-AM,8,1
OG2012-200m-M-R1-H5,OG,2012,200m,M,R1,5,2012-08-02,OG2012-D2-AM,7,1
OG2012-200m-M-R1-H6,OG,2012,200m,M,R1,6,2012-08-02,OG2012-D2-AM,8,1
OG2012-200m-M-SF-H1,OG,2012,200m,M,SF,1,2012-08-03,OG2012-D3-PM,8,1
OG2012-200m-M-SF-H2,OG,2012,200m,M,SF,2,2012-08-03,OG2012-D3-PM,8,1
OG2012-200m-M-SF-H3,OG,2012,200m,M,SF,3,2012-08-03,OG2012-D3-PM,8,1
OG2012-200m-M-F-H1,OG,2012,200m,M,F,1,2012-08-04,OG2012-D4-PM,8,1
OG2012-110mH-M-R1-H1,OG,2012,110mH,M,R1,1,2012-08-02,OG2012-D2-AM,7,1
OG2012-110mH-M-R1-H2,OG,2012,110mH,M,R1,2,2012-08-02,OG2012-D2-AM,8,1
OG2012-110mH-M-R1-H3,OG,2012,110mH,M,R1,3,2012-08-02,OG2012-D2-AM,8,1
OG2012-110mH-M-R1-H4,OG,2012,110mH,M,R1,4,2012-08-02,OG2012-D2-AM,7,1
OG2012-110mH-M-R1-H5,OG,2012,110mH,M,R1,5,2012-08-02,OG2012-D2-AM,8,1
OG2012-110mH-M-R1-H6,OG,2012,110mH,M,R1,6,2012-08-02,OG2012-D2-AM,7,1
OG2012-110mH-M-SF-H1,OG,2012,110mH,M,SF,1,2012-08-03,OG2012-D3-PM,8,1
OG2012-110mH-M-SF-H2,OG,2012,110mH,M,SF,2,2012-08-03,OG2012-D3-PM,8,1
OG2012-110mH-M-SF-H3,OG,2012,110mH,M,SF,3,2012-08-03,OG2012-D3-PM,8,1
OG2012-110mH-M-F-H1,OG,2012,110mH,M,F,1,2012-08-04,OG2012-D4-PM,8,1
OG2012-100m-W-R1-H1,OG,2012,100m,W,R1,1,2012-08-03,OG2012-D3-AM,8,1
OG2012-100m-W-R1-H2,OG,2012,100m,W,R1,2,2012-08-03,OG2012-D3-AM,8,1
OG2012-100m-W-R1-H3,OG,2012,100m,W,R1,3,2012-08-03,OG2012-D3-AM,8,1
OG2012-100m-W-R1-H4,OG,2012,100m,W,R1,4,2012-08-03,OG2012-D3-AM,8,1
OG2012-100m-W-R1-H5,OG,2012,100m,W,R1,5,2012-08-03,OG2012-D3-AM,8,1
OG2012-100m-W-R1-H6,OG,2012,100m,W,R1,6,2012-08-03,OG2012-D3-AM,7,1
OG2012-100m-W-SF-H1,OG,2012,100m,W,SF,1,2012-08-04,OG2012-D4-PM,8,1
OG2012-100m-W-SF-H2,OG,2012,100m,W,SF,2,2012-08-04,OG2012-D4-PM,8,1
OG2012-100m-W-SF-H3,OG,2012,100m,W,SF,3,2012-08-04,OG2012-D4-PM,8,1
OG2012-100m-W-F-H1,OG,2012,100m,W,F,1,2012-08-05,OG2012-D5-PM,8,1
OG2012-200m-W-R1-H1,OG,2012,200m,W,R1,1,2012-08-03,OG2012-D3-AM,7,1
OG2012-200m-W-R1-H2,OG,2012,200m,W,R1,2,2012-08-03,OG2012-D3-AM,7,1
OG2012-200m-W-R1-H3,OG,2012,200m,W,R1,3,2012-08-03,OG2012-D3-AM,7,1
OG2012-200m-W-R1-H4,OG,2012,200m,W,R1,4,2012-08-03,OG2012-D3-AM,8,1
OG2012-200m-W-R1-H5,OG,2012,200m,W,R1,5,2012-08-03,OG2012-D3-AM,7,1
OG2012-200m-W-R1-H6,OG,2012,200m,W,R1,6,2012-08-03,OG2012-D3-AM,8,1
OG2012-200m-W-SF-H1,OG,2012,200m,W,SF,1,2012-08-04,OG2012-D4-PM,8,1
OG2012-200m-W-SF-H2,OG,2012,200m,W,SF,2,2012-08-04,OG2012-D4-PM,8,1
OG2012-200m-W-SF-H3,OG,2012,200m,W,SF,3,2012-08-04,OG2012-D4-PM,8,1
OG2012-200m-W-F-H1,OG,2012,200m,W,F,1,2012-08-05,OG2012-D5-PM,8,1
OG2012-100mH-W-R1-H1,OG,2012,100mH,W,R1,1,2012-08-03,OG2012-D3-AM,8,1
OG2012-100mH-W-R1-H2,OG,2012,100mH,W,R1,2,2012-08-03,OG2012-D3-AM,8,1
OG2012-100mH-W-R1-H3,OG,2012,100mH,W,R1,3,2012-08-03,OG2012-D3-AM,8,1
OG2012-100mH-W-R1-H4,OG,2012,100mH,W,R1,4,2012-08-03,OG2012-D3-AM,8,1
OG2012-100mH-W-R1-H5,OG,2012,100mH,W,R1,5,2012-08-03,OG2012-D3-AM,8,1
OG2012-100mH-W-R1-H6,OG,2012,100mH,W,R1,6,2012-08-03,OG2012-D3-AM,7,1
OG2012-100mH-W-SF-H1,OG,2012,100mH,W,SF,1,2012-08-04,OG2012-D4-PM,8,1
OG2012-100mH-W-SF-H2,OG,2012,100mH,W,SF,2,2012-08-04,OG2012-D4-PM,8,1
OG2012-100mH-W-SF-H3,OG,2012,100mH,W,SF,3,2012-08-04,OG2012-D4-PM,8,1
OG2012-100mH-W-F-H1,OG,2012,100mH,W,F,1,2012-08-05,OG2012-D5-PM,8,1
OG2016-100m-M-PR-H1,OG,2016,100m,M,PR,1,2016-08-01,OG2016-D1-AM,8,1
OG2016-100m-M-PR-H2,OG,2016,100m,M,PR,2,2016-08-01,OG2016-D1-AM,8,1
OG2016-100m-M-R1-H1,OG,2016,100m,M,R1,1,2016-08-02,OG2016-D2-AM,8,1
OG2016-100m-M-R1-H2,OG,2016,100m,M,R1,2,2016-08-02,OG2016-D2-AM,8,1
OG2016-100m-M-R1-H3,OG,2016,100m,M,R1,3,2016-08-02,OG2016-D2-AM,8,1
OG2016-100m-M-R1-H4,OG,2016,100m,M,R1,4,2016-08-02,OG2016-D2-AM,8,1
OG2016-100m-M-R1-H5,OG,2016,100m,M,R1,5,2016-08-02,OG2016-D2-AM,8,1
OG2016-100m-M-R1-H6,OG,2016,100m,M,R1,6,2016-08-02,OG2016-D2-AM,8,1
OG2016-100m-M-SF-H1,OG,2016,100m,M,SF,1,2016-08-03,OG2016-D3-PM,8,1
OG2016-100m-M-SF-H2,OG,2016,100m,M,SF,2,2016-08-03,OG2016-D3-PM,8,1
OG2016-100m-M-SF-H3,OG,2016,100m,M,SF,3,2016-08-03,OG2016-D3-PM,8,1
OG2016-100m-M-F-H1,OG,2016,100m,M,F,1,2016-08-04,OG2016-D4-PM,8,1
OG2016-200m-M-R1-H1,OG,2016,200m,M,R1,1,2016-08-02,OG2016-D2-AM,8,1
OG2016-200m-M-R1-H2,OG,2016,200m,M,R1,2,2016-08-02,OG2016-D2-AM,8,1
OG2016-200m-M-R1-H3,OG,2016,200m,M,R1,3,2016-08-02,OG2016-D2-AM,7,1
OG2016-200m-M-R1-H4,OG,2016,200m,M,R1,4,2016-08-02,OG2016-D2-AM,7,1
OG2016-200m-M-R1-H5,OG,2016,200m,M,R1,5,2016-08-02,OG2016-D2-AM,8,1
OG2016-200m-M-R1-H6,OG,2016,200m,M,R1,6,2016-08-02,OG2016-D2-AM,8,1
OG2016-200m-M-SF-H1,OG,2016,200m,M,SF,1,2016-08-03,OG2016-D3-PM,8,1
OG2016-200m-M-SF-H2,OG,2016,200m,M,SF,2,2016-08-03,OG2016-D3-PM,8,1
OG2016-200m-M-SF-H3,OG,2016,200m,M,SF,3,2016-08-03,OG2016-D3-PM,8,1
OG2016-200m-M-F-H1,OG,2016,200m,M,F,1,2016-08-04,OG2016-D4-PM,8,1
OG2016-110mH-M-R1-H1,OG,2016,110mH,M,R1,1,2016-08-02,OG2016-D2-AM,7,1
OG2016-110mH-M-R1-H2,OG,2016,110mH,M,R1,2,2016-08-02,OG2016-D2-AM,8,1
OG2016-110mH-M-R1-H3,OG,2016,110mH,M,R1,3,2016-08-02,OG2016-D2-AM,7,1
OG2016-110mH-M-R1-H4,OG,2016,110mH,M,R1,4,2016-08-02,OG2016-D2-AM,7,1
OG2016-110mH-M-R1-H5,OG,2016,110mH,M,R1,5,2016-08-02,OG2016-D2-AM,7,1
OG2016-110mH-M-R1-H6,OG,2016,110mH,M,R1,6,2016-08-02,OG2016-D2-AM,8,1
OG2016-110mH-M-SF-H1,OG,2016,110mH,M,SF,1,2016-08-03,OG2016-D3-PM,8,1
OG2016-110mH-M-SF-H2,OG,2016,110mH,M,SF,2,2016-08-03,OG2016-D3-PM,8,1
OG2016-110mH-M-SF-H3,OG,2016,110mH,M,SF,3,2016-08-03,OG2016-D3-PM,8,1
OG2016-110mH-M-F-H1,OG,2016,110mH,M,F,1,2016-08-04,OG2016-D4-PM,8,1
OG2016-100m-W-PR-H1,OG,2016,100m,W,PR,1,2016-08-02,OG2016-D2-AM,8,1
OG2016-100m-W-PR-H2,OG,2016,100m,W,PR,2,2016-08-02,OG2016-D2-AM,8,1
OG2016-100m-W-R1-H1,OG,2016,100m,W,R1,1,2016-08-03,OG2016-D3-AM,7,1
OG2016-100m-W-R1-H2,OG,2016,100m,W,R1,2,2016-08-03,OG2016-D3-AM,7,1
OG2016-100m-W-R1-H3,OG,2016,100m,W,R1,3,2016-08-03,OG2016-D3-AM,8,1
OG2016-100m-W-R1-H4,OG,2016,100m,W,R1,4,2016-08-03,OG2016-D3-AM,8,1
OG2016-100m-W-R1-H5,OG,2016,100m,W,R1,5,2016-08-03,OG2016-D3-AM,8,1
OG2016-100m-W-R1-H6,OG,2016,100m,W,R1,6,2016-08-03,OG2016-D3-AM,8,1
OG2016-100m-W-SF-H1,OG,2016,100m,W,SF,1,2016-08-04,OG2016-D4-PM,8,1
OG2016-100m-W-SF-H2,OG,2016,100m,W,SF,2,2016-08-04,OG2016-D4-PM,8,1
OG2016-100m-W-SF-H3,OG,2016,100m,W,SF,3,2016-08-04,OG2016-D4-PM,8,1
OG2016-100m-W-F-H1,OG,2016,100m,W,F,1,2016-08-05,OG2016-D5-PM,8,1
OG2016-200m-W-R1-H1,OG,2016,200m,W,R1,1,2016-08-03,OG2016-D3-AM,8,1
OG2016-200m-W-R1-H2,OG,2016,200m,W,R1,2,2016-08-03,OG2016-D3-AM,8,1
OG2016-200m-W-R1-H3,OG,2016,200m,W,R1,3,2016-08-03,OG2016-D3-AM,8,1
OG2016-200m-W-R1-H4,OG,2016,200m,W,R1,4,2016-08-03,OG2016-D3-AM,7,1
OG2016-200m-W-R1-H5,OG,2016,200m,W,R1,5,2016-08-03,OG2016-D3-AM,8,1
OG2016-200m-W-R1-H6,OG,2016,200m,W,R1,6,2016-08-03,OG2016-D3-AM,8,1
OG2016-200m-W-SF-H1,OG,2016,200m,W,SF,1,2016-08-04,OG2016-D4-PM,8,1
OG2016-200m-W-SF-H2,OG,2016,200m,W,SF,2,2016-08-04,OG2016-D4-PM,8,1
OG2016-200m-W-SF-H3,OG,2016,200m,W,SF,3,2016-08-04,OG2016-D4-PM,8,1
OG2016-200m-W-F-H1,OG,2016,200m,W,F,1,2016-08-05,OG2016-D5-PM,8,1
OG2016-100mH-W-R1-H1,OG,2016,100mH,W,R1,1,2016-08-03,OG2016-D3-AM,8,1
OG2016-100mH-W-R1-H2,OG,2016,100mH,W,R1,2,2016-08-03,OG2016-D3-AM,7,1
OG2016-100mH-W-R1-H3,OG,2016,100mH,W,R1,3,2016-08-03,OG2016-D3-AM,8,1
OG2016-100mH-W-R1-H4,OG,2016,100mH,W,R1,4,2016-08-03,OG2016-D3-AM,8,1
OG2016-100mH-W-R1-H5,OG,2016,100mH,W,R1,5,2016-08-03,OG2016-D3-AM,8,1
OG2016-100mH-W-R1-H6,OG,2016,100mH,W,R1,6,2016-08-03,OG2016-D3-AM,8,1
OG2016-100mH-W-SF-H1,OG,2016,100mH,W,SF,1,2016-08-04,OG2016-D4-PM,8,1
OG2016-100mH-W-SF-H2,OG,2016,100mH,W,SF,2,2016-08-04,OG2016-D4-PM,8,1
OG2016-100mH-W-SF-H3,OG,2016,100mH,W,SF,3,2016-08-04,OG2016-D4-PM,8,1
OG2016-100mH-W-F-H1,OG,2016,100mH,W,F,1,2016-08-05,OG2016-D5-PM,8,1
OG2021-100m-M-PR-H1,OG,2021,100m,M,PR,1,2021-08-01,OG2021-D1-AM,8,1
OG2021-100m-M-PR-H2,OG,2021,100m,M,PR,2,2021-08-01,OG2021-D1-AM,8,1
OG2021-100m-M-R1-H1,OG,2021,100m,M,R1,1,2021-08-02,OG2021-D2-AM,8,1
OG2021-100m-M-R1-H2,OG,2021,100m,M,R1,2,2021-08-02,OG2021-D2-AM,8,1
OG2021-100m-M-R1-H3,OG,2021,100m,M,R1,3,2021-08-02,OG2021-D2-AM,8,1
OG2021-100m-M-R1-H4,OG,2021,100m,M,R1,4,2021-08-02,OG2021-D2-AM,8,1
OG2021-100m-M-R1-H5,OG,2021,100m,M,R1,5,2021-08-02,OG2021-D2-AM,8,1
OG2021-100m-M-R1-H6,OG,2021,100m,M,R1,6,2021-08-02,OG2021-D2-AM,8,1
OG2021-100m-M-SF-H1,OG,2021,100m,M,SF,1,2021-08-03,OG2021-D3-PM,8,1
OG2021-100m-M-SF-H2,OG,2021,100m,M,SF,2,2021-08-03,OG2021-D3-PM,8,1
OG2021-100m-M-SF-H3,OG,2021,100m,M,SF,3,2021-08-03,OG2021-D3-PM,8,1
OG2021-100m-M-F-H1,OG,2021,100m,M,F,1,2021-08-04,OG2021-D4-PM,8,1
OG2021-200m-M-R1-H1,OG,2021,200m,M,R1,1,2021-08-02,OG2021-D2-AM,8,1
OG2021-200m-M-R1-H2,OG,2021,200m,M,R1,2,2021-08-02,OG2021-D2-AM,8,1
OG2021-200m-M-R1-H3,OG,2021,200m,M,R1,3,2021-08-02,OG2021-D2-AM,8,1
OG2021-200m-M-R1-H4,OG,2021,200m,M,R1,4,2021-08-02,OG2021-D2-AM,8,1
OG2021-200m-M-R1-H5,OG,2021,200m,M,R1,5,2021-08-02,OG2021-D2-AM,8,1
OG2021-200m-M-R1-H6,OG,2021,200m,M,R1,6,2021-08-02,OG2021-D2-AM,8,1
OG2021-200m-M-SF-H1,OG,2021,200m,M,SF,1,2021-08-03,OG2021-D3-PM,8,1
OG2021-200m-M-SF-H2,OG,2021,200m,M,SF,2,2021-08-03,OG2021-D3-PM,8,1
OG2021-200m-M-SF-H3,OG,2021,200m,M,SF,3,2021-08-03,OG2021-D3-PM,8,1
OG2021-200m-M-F-H1,OG,2021,200m,M,F,1,2021-08-04,OG2021-D4-PM,8,1
OG2021-110mH-M-R1-H1,OG,2021,110mH,M,R1,1,2021-08-02,OG2021-D2-AM,8,1
OG2021-110mH-M-R1-H2,OG,2021,110mH,M,R1,2,2021-08-02,OG2021-D2-AM,7,1
OG2021-110mH-M-R1-H3,OG,2021,110mH,M,R1,3,2021-08-02,OG2021-D2-AM,8,1
OG2021-110mH-M-R1-H4,OG,2021,110mH,M,R1,4,2021-08-02,OG2021-D2-AM,8,1
OG2021-110mH-M-R1-H5,OG,2021,110mH,M,R1,5,2021-08-02,OG2021-D2-AM,8,1
OG2021-110mH-M-R1-H6,OG,2021,110mH,M,R1,6,2021-08-02,OG2021-D2-AM,8,1
OG2021-110mH-M-SF-H1,OG,2021,110mH,M,SF,1,2021-08-03,OG2021-D3-PM,8,1
OG2021-110mH-M-SF-H2,OG,2021,110mH,M,SF,2,2021-08-03,OG2021-D3-PM,8,1
OG2021-110mH-M-SF-H3,OG,2021,110mH,M,SF,3,2021-08-03,OG2021-D3-PM,8,1
OG2021-110mH-M-F-H1,OG,2021,110mH,M,F,1,2021-08-04,OG2021-D4-PM,8,1
OG2021-100m-W-PR-H1,OG,2021,100m,W,PR,1,2021-08-02,OG2021-D2-AM,7,1
OG2021-100m-W-PR-H2,OG,2021,100m,W,PR,2,2021-08-02,OG2021-D2-AM,8,1
OG2021-100m-W-R1-H1,OG,2021,100m,W,R1,1,2021-08-03,OG2021-D3-AM,7,1
OG2021-100m-W-R1-H2,OG,2021,100m,W,R1,2,2021-08-03,OG2021-D3-AM,8,1
OG2021-100m-W-R1-H3,OG,2021,100m,W,R1,3,2021-08-03,OG2021-D3-AM,8,1
OG2021-100m-W-R1-H4,OG,2021,100m,W,R1,4,2021-08-03,OG2021-D3-AM,8,1
OG2021-100m-W-R1-H5,OG,2021,100m,W,R1,5,2021-08-03,OG2021-D3-AM,8,1
OG2021-100m-W-R1-H6,OG,2021,100m,W,R1,6,2021-08-03,OG2021-D3-AM,8,1
OG2021-100m-W-SF-H1,OG,2021,100m,W,SF,1,2021-08-04,OG2021-D4-PM,8,1
OG2021-100m-W-SF-H2,OG,2021,100m,W,SF,2,2021-08-04,OG2021-D4-PM,8,1
OG2021-100m-W-SF-H3,OG,2021,100m,W,SF,3,2021-08-04,OG2021-D4-PM,8,1
OG2021-100m-W-F-H1,OG,2021,100m,W,F,1,2021-08-05,OG2021-D5-PM,8,1
OG2021-200m-W-R1-H1,OG,2021,200m,W,R1,1,2021-08-03,OG2021-D3-AM,8,1
OG2021-200m-W-R1-H2,OG,2021,200m,W,R1,2,2021-08-03,OG2021-D3-AM,8,1
OG2021-200m-W-R1-H3,OG,2021,200m,W,R1,3,2021-08-03,OG2021-D3-AM,8,1
OG2021-200m-W-R1-H4,OG,2021,200m,W,R1,4,2021-08-03,OG2021-D3-AM,7,1
OG2021-200m-W-R1-H5,OG,2021,200m,W,R1,5,2021-08-03,OG2021-D3-AM,8,1
OG2021-200m-W-R1-H6,OG,2021,200m,W,R1,6,2021-08-03,OG2021-D3-AM,8,1
OG2021-200m-W-SF-H1,OG,2021,200m,W,SF,1,2021-08-04,OG2021-D4-PM,8,1
OG2021-200m-W-SF-H2,OG,2021,200m,W,SF,2,2021-08-04,OG2021-D4-PM,8,1
OG2021-200m-W-SF-H3,OG,2021,200m,W,SF,3,2021-08-04,OG2021-D4-PM,8,1
OG2021-200m-W-F-H1,OG,2021,200m,W,F,1,2021-08-05,OG2021-D5-PM,8,1
OG2021-100mH-W-R1-H1,OG,2021,100mH,W,R1,1,2021-08-03,OG2021-D3-AM,7,1
OG2021-100mH-W-R1-H2,OG,2021,100mH,W,R1,2,2021-08-03,OG2021-D3-AM,8,1
OG2021-100mH-W-R1-H3,OG,2021,100mH,W,R1,3,2021-08-03,OG2021-D3-AM,8,1
OG2021-100mH-W-R1-H4,OG,2021,100mH,W,R1,4,2021-08-03,OG2021-D3-AM,7,1
OG2021-100mH-W-R1-H5,OG,2021,100mH,W,R1,5,2021-08-03,OG2021-D3-AM,8,1
OG2021-100mH-W-R1-H6,OG,2021,100mH,W,R1,6,2021-08-03,OG2021-D3-AM,8,1
OG2021-100mH-W-SF-H1,OG,2021,100mH,W,SF,1,2021-08-04,OG2021-D4-PM,8,1
OG2021-100mH-W-SF-H2,OG,2021,100mH,W,SF,2,2021-08-04,OG2021-D4-PM,8,1
OG2021-100mH-W-SF-H3,OG,2021,100mH,W,SF,3,2021-08-04,OG2021-D4-PM,8,1
OG2021-100mH-W-F-H1,OG,2021,100mH,W,F,1,2021-08-05,OG2021-D5-PM,8,1
OG2024-100m-M-PR-H1,OG,2024,100m,M,PR,1,2024-08-01,OG2024-D1-AM,8,1
OG2024-100m-M-PR-H2,OG,2024,100m,M,PR,2,2024-08-01,OG2024-D1-AM,8,1
OG2024-100m-M-R1-H1,OG,2024,100m,M,R1,1,2024-08-02,OG2024-D2-AM,8,1
OG2024-100m-M-R1-H2,OG,2024,100m,M,R1,2,2024-08-02,OG2024-D2-AM,7,1
OG2024-100m-M-R1-H3,OG,2024,100m,M,R1,3,2024-08-02,OG2024-D2-AM,8,1
OG2024-100m-M-R1-H4,OG,2024,100m,M,R1,4,2024-08-02,OG2024-D2-AM,7,1
OG2024-100m-M-R1-H5,OG,2024,100m,M,R1,5,2024-08-02,OG2024-D2-AM,8,1
OG2024-100m-M-R1-H6,OG,2024,100m,M,R1,6,2024-08-02,OG2024-D2-AM,8,1
OG2024-100m-M-SF-H1,OG,2024,100m,M,SF,1,2024-08-03,OG2024-D3-PM,8,1
OG2024-100m-M-SF-H2,OG,2024,100m,M,SF,2,2024-08-03,OG2024-D3-PM,8,1
OG2024-100m-M-SF-H3,OG,2024,100m,M,SF,3,2024-08-03,OG2024-D3-PM,8,1
OG2024-100m-M-F-H1,OG,2024,100m,M,F,1,2024-08-04,OG2024-D4-PM,8,1
OG2024-200m-M-R1-H1,OG,2024,200m,M,R1,1,2024-08-02,OG2024-D2-AM,8,1
OG2024-200m-M-R1-H2,OG,2024,200m,M,R1,2,2024-08-02,OG2024-D2-AM,7,1
OG2024-200m-M-R1-H3,OG,2024,200m,M,R1,3,2024-08-02,OG2024-D2-AM,8,1
OG2024-200m-M-R1-H4,OG,2024,200m,M,R1,4,2024-08-02,OG2024-D2-AM,7,1
OG2024-200m-M-R1-H5,OG,2024,200m,M,R1,5,2024-08-02,OG2024-D2-AM,7,1
OG2024-200m-M-R1-H6,OG,2024,200m,M,R1,6,2024-08-02,OG2024-D2-AM,7,1
OG2024-200m-M-SF-H1,OG,2024,200m,M,SF,1,2024-08-03,OG2024-D3-PM,8,1
OG2024-200m-M-SF-H2,OG,2024,200m,M,SF,2,2024-08-03,OG2024-D3-PM,8,1
OG2024-200m-M-SF-H3,OG,2024,200m,M,SF,3,2024-08-03,OG2024-D3-PM,8,1
OG2024-200m-M-F-H1,OG,2024,200m,M,F,1,2024-08-04,OG2024-D4-PM,8,1
OG2024-110mH-M-R1-H1,OG,2024,110mH,M,R1,1,2024-08-02,OG2024-D2-AM,7,1
OG2024-110mH-M-R1-H2,OG,2024,110mH,M,R1,2,2024-08-02,OG2024-D2-AM,8,1
OG2024-110mH-M-R1-H3,OG,2024,110mH,M,R1,3,2024-08-02,OG2024-D2-AM,8,1
OG2024-110mH-M-R1-H4,OG,2024,110mH,M,R1,4,2024-08-02,OG2024-D2-AM,8,1
OG2024-110mH-M-R1-H5,OG,2024,110mH,M,R1,5,2024-08-02,OG2024-D2-AM,8,1
OG2024-110mH-M-R1-H6,OG,2024,110mH,M,R1,6,2024-08-02,OG2024-D2-AM,8,1
OG2024-110mH-M-SF-H1,OG,2024,110mH,M,SF,1,2024-08-03,OG2024-D3-PM,8,1
OG2024-110mH-M-SF-H2,OG,2024,110mH,M,SF,2,2024-08-03,OG2024-D3-PM,8,1
OG2024-110mH-M-SF-H3,OG,2024,110mH,M,SF,3,2024-08-03,OG2024-D3-PM,8,1
OG2024-110mH-M-F-H1,OG,2024,110mH,M,F,1,2024-08-04,OG2024-D4-PM,8,1
OG2024-100m-W-PR-H1,OG,2024,100m,W,PR,1,2024-08-02,OG2024-D2-AM,8,1
OG2024-100m-W-PR-H2,OG,2024,100m,W,PR,2,2024-08-02,OG2024-D2-AM,8,1
OG2024-100m-W-R1-H1,OG,2024,100m,W,R1,1,2024-08-03,OG2024-D3-AM,7,1
OG2024-100m-W-R1-H2,OG,2024,100m,W,R1,2,2024-08-03,OG2024-D3-AM,8,1
OG2024-100m-W-R1-H3,OG,2024,100m,W,R1,3,2024-08-03,OG2024-D3-AM,7,1
OG2024-100m-W-R1-H4,OG,2024,100m,W,R1,4,2024-08-03,OG2024-D3-AM,8,1
OG2024-100m-W-R1-H5,OG,2024,100m,W,R1,5,2024-08-03,OG2024-D3-AM,8,1
OG2024-100m-W-R1-H6,OG,2024,100m,W,R1,6,2024-08-03,OG2024-D3-AM,7,1
OG2024-100m-W-SF-H1,OG,2024,100m,W,SF,1,2024-08-04,OG2024-D4-PM,8,1
OG2024-100m-W-SF-H2,OG,2024,100m,W,SF,2,2024-08-04,OG2024-D4-PM,8,1
OG2024-100m-W-SF-H3,OG,2024,100m,W,SF,3,2024-08-04,OG2024-D4-PM,8,1
OG2024-100m-W-F-H1,OG,2024,100m,W,F,1,2024-08-05,OG2024-D5-PM,8,1
OG2024-200m-W-R1-H1,OG,2024,200m,W,R1,1,2024-08-03,OG2024-D3-AM,8,1
OG2024-200m-W-R1-H2,OG,2024,200m,W,R1,2,2024-08-03,OG2024-D3-AM,8,1
OG2024-200m-W-R1-H3,OG,2024,200m,W,R1,3,2024-08-03,OG2024-D3-AM,8,1
OG2024-200m-W-R1-H4,OG,2024,200m,W,R1,4,2024-08-03,OG2024-D3-AM,8,1
OG2024-200m-W-R1-H5,OG,2024,200m,W,R1,5,2024-08-03,OG2024-D3-AM,8,1
OG2024-200m-W-R1-H6,OG,2024,200m,W,R1,6,2024-08-03,OG2024-D3-AM,7,1
OG2024-200m-W-SF-H1,OG,2024,200m,W,SF,1,2024-08-04,OG2024-D4-PM,8,1
OG2024-200m-W-SF-H2,OG,2024,200m,W,SF,2,2024-08-04,OG2024-D4-PM,8,1
OG2024-200m-W-SF-H3,OG,2024,200m,W,SF,3,2024-08-04,OG2024-D4-PM,8,1
OG2024-200m-W-F-H1,OG,2024,200m,W,F,1,2024-08-05,OG2024-D5-PM,8,1
OG2024-100mH-W-R1-H1,OG,2024,100mH,W,R1,1,2024-08-03,OG2024-D3-AM,7,1
OG2024-100mH-W-R1-H2,OG,2024,100mH,W,R1,2,2024-08-03,OG2024-D3-AM,8,1
OG2024-100mH-W-R1-H3,OG,2024,100mH,W,R1,3,2024-08-03,OG2024-D3-AM,8,1
OG2024-100mH-W-R1-H4,OG,2024,100mH,W,R1,4,2024-08-03,OG2024-D3-AM,7,1
OG2024-100mH-W-R1-H5,OG,2024,100mH,W,R1,5,2024-08-03,OG2024-D3-AM,8,1
OG2024-100mH-W-R1-H6,OG,2024,100mH,W,R1,6,2024-08-03,OG2024-D3-AM,8,1
OG2024-100mH-W-SF-H1,OG,2024,100mH,W,SF,1,2024-08-04,OG2024-D4-PM,8,1
OG2024-100mH-W-SF-H2,OG,2024,100mH,W,SF,2,2024-08-04,OG2024-D4-PM,8,1
OG2024-100mH-W-SF-H3,OG,2024,100mH,W,SF,3,2024-08-04,OG2024-D4-PM,8,1
OG2024-100mH-W-F-H1,OG,2024,100mH,W,F,1,2024-08-05,OG2024-D5-PM,8,1
