race_id,foreperiod_s,uncertainty_s,qc_flag,method,is_mock
WCH2009-100m-M-R1-H1,1.617,0.02,ok,MOCK,1
WCH2009-100m-M-R1-H3,1.657,0.02,ok,MOCK,1
WCH2009-100m-M-R1-H6,1.445,0.02,ok,MOCK,1
WCH2009-100m-M-SF-H1,1.946,0.02,ok,MOCK,1
WCH2009-100m-M-F-H1,1.982,0.02,ok,MOCK,1
WCH2009-200m-M-R1-H1,1.441,0.02,ok,MOCK,1
WCH2009-200m-M-R1-H3,1.958,0.02,ok,MOCK,1
WCH2009-200m-M-R1-H5,1.353,0.02,ok,MOCK,1
WCH2009-200m-M-SF-H1,1.448,0.02,ok,MOCK,1
WCH2009-200m-M-SF-H3,1.583,0.02,ok,MOCK,1
WCH2009-110mH-M-R1-H2,1.644,0.02,ok,MOCK,1
WCH2009-110mH-M-R1-H5,1.983,0.02,ok,MOCK,1
WCH2009-110mH-M-R1-H6,1.996,0.02,ok,MOCK,1
WCH2009-110mH-M-SF-H1,2.037,0.02,ok,MOCK,1
WCH2009-110mH-M-F-H1,1.555,0.02,ok,MOCK,1
WCH2009-100m-W-R1-H2,1.597,0.02,ok,MOCK,1
WCH2009-100m-W-R1-H4,1.646,0.02,low_confidence,MOCK,1
WCH2009-100m-W-R1-H5,1.513,0.02,ok,MOCK,1
WCH2009-100m-W-R1-H6,1.475,0.02,ok,MOCK,1
WCH2009-100m-W-SF-H2,1.707,0.02,ok,MOCK,1
WCH2009-100m-W-SF-H3,1.487,0.02,ok,MOCK,1
WCH2009-100m-W-F-H1,1.79,0.02,ok,MOCK,1
WCH2009-200m-W-R1-H1,1.971,0.02,ok,MOCK,1
WCH2009-200m-W-R1-H3,2.006,0.02,ok,MOCK,1
WCH2009-200m-W-R1-H4,1.289,0.02,ok,MOCK,1
WCH2009-200m-W-R1-H5,1.66,0.02,ok,MOCK,1
WCH2009-200m-W-R1-H6,1.757,0.02,ok,MOCK,1
WCH2009-200m-W-SF-H1,1.575,0.02,ok,MOCK,1
WCH2009-200m-W-SF-H2,1.871,0.02,ok,MOCK,1
WCH2009-200m-W-SF-H3,1.577,0.02,ok,MOCK,1
WCH2009-200m-W-F-H1,1.865,0.02,ok,MOCK,1
WCH2009-100mH-W-R1-H4,1.27,0.02,ok,MOCK,1
WCH2009-100mH-W-R1-H5,1.54,0.02,ok,MOCK,1
WCH2009-100mH-W-SF-H1,2.079,0.02,ok,MOCK,1
WCH2009-100mH-W-SF-H2,1.793,0.02,ok,MOCK,1
WCH2009-100mH-W-F-H1,1.826,0.02,low_confidence,MOCK,1
WCH2011-100m-M-R1-H1,1.937,0.02,ok,MOCK,1
WCH2011-100m-M-R1-H3,2.097,0.02,ok,MOCK,1
WCH2011-100m-M-R1-H4,1.853,0.02,ok,MOCK,1
WCH2011-100m-M-R1-H5,2.018,0.02,low_confidence,MOCK,1
WCH2011-100m-M-SF-H2,1.835,0.02,ok,MOCK,1
WCH2011-100m-M-SF-H3,1.831,0.02,ok,MOCK,1
WCH2011-100m-M-F-H1,1.995,0.02,low_confidence,MOCK,1
WCH2011-200m-M-R1-H2,1.837,0.02,low_confidence,MOCK,1
WCH2011-200m-M-R1-H3,1.773,0.02,ok,MOCK,1
WCH2011-200m-M-R1-H4,1.599,0.02,ok,MOCK,1
WCH2011-200m-M-SF-H1,1.794,0.02,ok,MOCK,1
WCH2011-200m-M-SF-H2,1.784,0.02,low_confidence,MOCK,1
WCH2011-200m-M-SF-H3,1.849,0.02,ok,MOCK,1
WCH2011-200m-M-F-H1,1.77,0.02,ok,MOCK,1
WCH2011-110mH-M-R1-H4,1.748,0.02,ok,MOCK,1
WCH2011-110mH-M-R1-H5,1.888,0.02,ok,MOCK,1
WCH2011-110mH-M-SF-H2,1.743,0.02,ok,MOCK,1
WCH2011-110mH-M-SF-H3,1.801,0.02,ok,MOCK,1
WCH2011-110mH-M-F-H1,1.712,0.02,ok,MOCK,1
WCH2011-100m-W-R1-H1,1.702,0.02,ok,MOCK,1
WCH2011-100m-W-R1-H2,1.966,0.02,ok,MOCK,1
WCH2011-100m-W-R1-H3,2.235,0.02,ok,MOCK,1
WCH2011-100m-W-R1-H4,1.93,0.02,ok,MOCK,1
WCH2011-100m-W-R1-H5,2.047,0.02,ok,MOCK,1
WCH2011-100m-W-R1-H6,1.437,0.02,ok,MOCK,1
WCH2011-100m-W-SF-H1,2.129,0.02,ok,MOCK,1
WCH2011-100m-W-SF-H2,1.804,0.02,ok,MOCK,1
WCH2011-100m-W-SF-H3,1.899,0.02,ok,MOCK,1
WCH2011-100m-W-F-H1,1.692,0.02,ok,MOCK,1
WCH2011-200m-W-R1-H1,1.945,0.02,ok,MOCK,1
WCH2011-200m-W-R1-H2,1.889,0.02,ok,MOCK,1
WCH2011-200m-W-R1-H3,1.599,0.02,ok,MOCK,1
WCH2011-200m-W-R1-H4,1.501,0.02,low_confidence,MOCK,1
WCH2011-200m-W-R1-H5,1.825,0.02,ok,MOCK,1
WCH2011-200m-W-R1-H6,2.073,0.02,ok,MOCK,1
WCH2011-200m-W-SF-H1,2.041,0.02,ok,MOCK,1
WCH2011-200m-W-SF-H2,1.716,0.02,ok,MOCK,1
WCH2011-200m-W-SF-H3,2.233,0.02,ok,MOCK,1
WCH2011-200m-W-F-H1,1.598,0.02,ok,MOCK,1
WCH2011-100mH-W-R1-H1,1.859,0.02,ok,MOCK,1
WCH2011-100mH-W-R1-H2,1.531,0.02,ok,MOCK,1
WCH2011-100mH-W-R1-H3,2.015,0.02,ok,MOCK,1
WCH2011-100mH-W-R1-H4,2.108,0.02,ok,MOCK,1
WCH2011-100mH-W-R1-H5,1.56,0.02,ok,MOCK,1
WCH2011-100mH-W-R1-H6,2.005,0.02,ok,MOCK,1
WCH2011-100mH-W-SF-H1,2.328,0.02,ok,MOCK,1
WCH2011-100mH-W-SF-H2,1.801,0.02,low_confidence,MOCK,1
WCH2011-100mH-W-F-H1,1.938,0.02,ok,MOCK,1
WCH2013-100m-M-R1-H1,1.641,0.02,ok,MOCK,1
WCH2013-100m-M-R1-H3,1.881,0.02,low_confidence,MOCK,1
WCH2013-100m-M-R1-H5,2.005,0.02,ok,MOCK,1
WCH2013-100m-M-SF-H1,1.634,0.02,ok,MOCK,1
WCH2013-100m-M-F-H1,1.977,0.02,ok,MOCK,1
WCH2013-200m-M-R1-H2,1.544,0.02,ok,MOCK,1
WCH2013-200m-M-R1-H3,1.822,0.02,ok,MOCK,1
WCH2013-200m-M-R1-H4,1.644,0.02,ok,MOCK,1
WCH2013-200m-M-R1-H5,1.928,0.02,ok,MOCK,1
WCH2013-200m-M-R1-H6,1.507,0.02,ok,MOCK,1
WCH2013-200m-M-SF-H1,2.08,0.02,low_confidence,MOCK,1
WCH2013-200m-M-SF-H2,1.446,0.02,ok,MOCK,1
WCH2013-200m-M-F-H1,1.57,0.02,ok,MOCK,1
WCH2013-110mH-M-R1-H1,1.672,0.02,ok,MOCK,1
WCH2013-110mH-M-R1-H2,1.77,0.02,ok,MOCK,1
WCH2013-110mH-M-R1-H3,1.921,0.02,ok,MOCK,1
WCH2013-110mH-M-R1-H5,1.536,0.02,ok,MOCK,1
WCH2013-110mH-M-R1-H6,1.279,0.02,ok,MOCK,1
WCH2013-110mH-M-SF-H2,1.732,0.02,ok,MOCK,1
WCH2013-110mH-M-SF-H3,1.873,0.02,low_confidence,MOCK,1
WCH2013-110mH-M-F-H1,1.796,0.02,ok,MOCK,1
WCH2013-100m-W-R1-H1,1.67,0.02,ok,MOCK,1
WCH2013-100m-W-R1-H3,1.765,0.02,ok,MOCK,1
WCH2013-100m-W-R1-H5,1.723,0.02,ok,MOCK,1
WCH2013-100m-W-SF-H1,1.611,0.02,ok,MOCK,1
WCH2013-100m-W-SF-H2,1.349,0.02,ok,MOCK,1
WCH2013-100m-W-SF-H3,1.63,0.02,ok,MOCK,1
WCH2013-100m-W-F-H1,1.377,0.02,ok,MOCK,1
WCH2013-200m-W-R1-H1,1.377,0.02,ok,MOCK,1
WCH2013-200m-W-R1-H2,1.328,0.02,ok,MOCK,1
WCH2013-200m-W-R1-H4,1.735,0.02,ok,MOCK,1
WCH2013-200m-W-R1-H5,1.833,0.02,ok,MOCK,1
WCH2013-200m-W-SF-H1,1.801,0.02,low_confidence,MOCK,1
WCH2013-200m-W-SF-H2,1.772,0.02,ok,MOCK,1
WCH2013-200m-W-SF-H3,1.887,0.02,ok,MOCK,1
WCH2013-200m-W-F-H1,1.613,0.02,ok,MOCK,1
WCH2013-100mH-W-R1-H1,1.405,0.02,ok,MOCK,1
WCH2013-100mH-W-R1-H2,1.498,0.02,ok,MOCK,1
WCH2013-100mH-W-R1-H3,1.815,0.02,ok,MOCK,1
WCH2013-100mH-W-R1-H4,1.278,0.02,ok,MOCK,1
WCH2013-100mH-W-R1-H5,1.965,0.02,ok,MOCK,1
WCH2013-100mH-W-SF-H2,1.96,0.02,ok,MOCK,1
WCH2015-100m-M-R1-H1,1.982,0.02,ok,MOCK,1
WCH2015-100m-M-R1-H2,1.635,0.02,low_confidence,MOCK,1
WCH2015-100m-M-R1-H3,2.12,0.02,low_confidence,MOCK,1
WCH2015-100m-M-R1-H4,1.667,0.02,ok,MOCK,1
WCH2015-100m-M-R1-H6,1.934,0.02,ok,MOCK,1
WCH2015-100m-M-SF-H2,1.434,0.02,ok,MOCK,1
WCH2015-100m-M-SF-H3,2.043,0.02,ok,MOCK,1
WCH2015-200m-M-R1-H2,1.638,0.02,ok,MOCK,1
WCH2015-200m-M-R1-H3,2.097,0.02,ok,MOCK,1
WCH2015-200m-M-R1-H4,1.994,0.02,ok,MOCK,1
WCH2015-200m-M-R1-H5,1.808,0.02,ok,MOCK,1
WCH2015-200m-M-R1-H6,1.917,0.02,low_confidence,MOCK,1
WCH2015-200m-M-SF-H1,1.652,0.02,ok,MOCK,1
WCH2015-200m-M-SF-H3,1.574,0.02,ok,MOCK,1
WCH2015-110mH-M-R1-H1,1.786,0.02,ok,MOCK,1
WCH2015-110mH-M-R1-H2,1.699,0.02,ok,MOCK,1
WCH2015-110mH-M-R1-H6,1.743,0.02,ok,MOCK,1
WCH2015-110mH-M-SF-H1,1.685,0.02,ok,MOCK,1
WCH2015-110mH-M-SF-H2,1.498,0.02,ok,MOCK,1
WCH2015-110mH-M-F-H1,1.789,0.02,low_confidence,MOCK,1
WCH2015-100m-W-PR-H1,1.746,0.02,ok,MOCK,1
WCH2015-100m-W-PR-H2,1.691,0.02,ok,MOCK,1
WCH2015-100m-W-R1-H1,2.046,0.02,ok,MOCK,1
WCH2015-100m-W-R1-H2,1.354,0.02,ok,MOCK,1
WCH2015-100m-W-R1-H3,2.093,0.02,ok,MOCK,1
WCH2015-100m-W-R1-H4,1.717,0.02,ok,MOCK,1
WCH2015-100m-W-R1-H5,1.505,0.02,low_confidence,MOCK,1
WCH2015-100m-W-R1-H6,1.596,0.02,ok,MOCK,1
WCH2015-100m-W-SF-H1,1.749,0.02,ok,MOCK,1
WCH2015-100m-W-SF-H2,1.567,0.02,ok,MOCK,1
WCH2015-200m-W-R1-H2,1.636,0.02,ok,MOCK,1
WCH2015-200m-W-R1-H3,1.653,0.02,ok,MOCK,1
WCH2015-200m-W-R1-H5,1.539,0.02,ok,MOCK,1
WCH2015-200m-W-SF-H1,2.037,0.02,low_confidence,MOCK,1
WCH2015-200m-W-SF-H2,1.304,0.02,ok,MOCK,1
WCH2015-100mH-W-R1-H1,1.467,0.02,ok,MOCK,1
WCH2015-100mH-W-R1-H2,2.064,0.02,ok,MOCK,1
WCH2015-100mH-W-R1-H6,2.02,0.02,ok,MOCK,1
WCH2017-100m-M-PR-H1,1.772,0.02,ok,MOCK,1
WCH2017-100m-M-PR-H2,1.59,0.02,ok,MOCK,1
WCH2017-100m-M-R1-H1,1.763,0.02,low_confidence,MOCK,1
WCH2017-100m-M-R1-H3,1.583,0.02,ok,MOCK,1
WCH2017-100m-M-R1-H5,1.863,0.02,ok,MOCK,1
WCH2017-100m-M-SF-H1,1.528,0.02,ok,MOCK,1
WCH2017-100m-M-SF-H2,1.908,0.02,ok,MOCK,1
WCH2017-100m-M-SF-H3,2.101,0.02,ok,MOCK,1
WCH2017-100m-M-F-H1,1.867,0.02,ok,MOCK,1
WCH2017-200m-M-R1-H1,1.656,0.02,ok,MOCK,1
WCH2017-200m-M-R1-H2,2.049,0.02,ok,MOCK,1
WCH2017-200m-M-R1-H6,1.998,0.02,ok,MOCK,1
WCH2017-200m-M-SF-H1,1.984,0.02,ok,MOCK,1
WCH2017-200m-M-SF-H2,2.016,0.02,ok,MOCK,1
WCH2017-200m-M-SF-H3,2.069,0.02,ok,MOCK,1
WCH2017-200m-M-F-H1,1.801,0.02,low_confidence,MOCK,1
WCH2017-110mH-M-R1-H1,2.003,0.02,ok,MOCK,1
WCH2017-110mH-M-R1-H4,1.903,0.02,ok,MOCK,1
WCH2017-110mH-M-R1-H5,1.975,0.02,ok,MOCK,1
WCH2017-110mH-M-SF-H1,2.317,0.02,ok,MOCK,1
WCH2017-110mH-M-SF-H3,2.097,0.02,ok,MOCK,1
WCH2017-110mH-M-F-H1,1.522,0.02,ok,MOCK,1
WCH2017-100m-W-PR-H2,2.036,0.02,ok,MOCK,1
WCH2017-100m-W-R1-H2,1.805,0.02,ok,MOCK,1
WCH2017-100m-W-R1-H3,1.756,0.02,ok,MOCK,1
WCH2017-100m-W-R1-H5,1.595,0.02,ok,MOCK,1
WCH2017-100m-W-R1-H6,2.128,0.02,ok,MOCK,1
WCH2017-100m-W-SF-H2,2.002,0.02,ok,MOCK,1
WCH2017-100m-W-SF-H3,2.02,0.02,ok,MOCK,1
WCH2017-100m-W-F-H1,1.549,0.02,low_confidence,MOCK,1
WCH2017-200m-W-R1-H2,1.702,0.02,ok,MOCK,1
WCH2017-200m-W-R1-H3,1.882,0.02,ok,MOCK,1
WCH2017-200m-W-R1-H4,2.117,0.02,ok,MOCK,1
WCH2017-200m-W-R1-H5,2.057,0.02,ok,MOCK,1
WCH2017-200m-W-R1-H6,1.479,0.02,ok,MOCK,1
WCH2017-200m-W-SF-H1,1.837,0.02,ok,MOCK,1
WCH2017-200m-W-SF-H2,1.847,0.02,ok,MOCK,1
WCH2017-200m-W-SF-H3,2.072,0.02,ok,MOCK,1
WCH2017-200m-W-F-H1,1.851,0.02,ok,MOCK,1
WCH2017-100mH-W-R1-H1,1.544,0.02,ok,MOCK,1
WCH2017-100mH-W-R1-H2,1.822,0.02,low_confidence,MOCK,1
WCH2017-100mH-W-R1-H3,1.951,0.02,ok,MOCK,1
WCH2017-100mH-W-R1-H5,1.83,0.02,ok,MOCK,1
WCH2017-100mH-W-R1-H6,1.824,0.02,ok,MOCK,1
WCH2017-100mH-W-SF-H2,2.235,0.02,low_confidence,MOCK,1
WCH2017-100mH-W-SF-H3,1.667,0.02,ok,MOCK,1
WCH2019-100m-M-PR-H1,1.678,0.02,ok,MOCK,1
WCH2019-100m-M-PR-H2,1.856,0.02,ok,MOCK,1
WCH2019-100m-M-R1-H2,1.905,0.02,ok,MOCK,1
WCH2019-100m-M-R1-H3,1.82,0.02,ok,MOCK,1
WCH2019-100m-M-R1-H4,1.673,0.02,ok,MOCK,1
WCH2019-100m-M-R1-H6,1.838,0.02,ok,MOCK,1
WCH2019-100m-M-F-H1,1.937,0.02,ok,MOCK,1
WCH2019-200m-M-R1-H1,1.798,0.02,ok,MOCK,1
WCH2019-200m-M-R1-H2,1.82,0.02,low_confidence,MOCK,1
WCH2019-200m-M-R1-H5,1.433,0.02,ok,MOCK,1
WCH2019-200m-M-R1-H6,1.599,0.02,ok,MOCK,1
WCH2019-200m-M-SF-H1,2.063,0.02,ok,MOCK,1
WCH2019-200m-M-SF-H2,1.636,0.02,ok,MOCK,1
WCH2019-200m-M-SF-H3,1.718,0.02,ok,MOCK,1
WCH2019-110mH-M-R1-H1,2.089,0.02,ok,MOCK,1
WCH2019-110mH-M-R1-H2,2.033,0.02,ok,MOCK,1
WCH2019-110mH-M-R1-H3,1.77,0.02,ok,MOCK,1
WCH2019-110mH-M-R1-H4,1.97,0.02,ok,MOCK,1
WCH2019-110mH-M-R1-H5,1.664,0.02,ok,MOCK,1
WCH2019-110mH-M-R1-H6,1.372,0.02,ok,MOCK,1
WCH2019-110mH-M-SF-H1,1.712,0.02,ok,MOCK,1
WCH2019-110mH-M-SF-H2,1.91,0.02,ok,MOCK,1
WCH2019-110mH-M-SF-H3,2.162,0.02,ok,MOCK,1
WCH2019-110mH-M-F-H1,1.788,0.02,ok,MOCK,1
WCH2019-100m-W-PR-H2,2.202,0.02,ok,MOCK,1
WCH2019-100m-W-R1-H1,1.977,0.02,ok,MOCK,1
WCH2019-100m-W-R1-H3,2.09,0.02,ok,MOCK,1
WCH2019-100m-W-R1-H5,1.74,0.02,ok,MOCK,1
WCH2019-100m-W-R1-H6,1.819,0.02,ok,MOCK,1
WCH2019-100m-W-SF-H1,1.831,0.02,ok,MOCK,1
WCH2019-100m-W-SF-H2,2.031,0.02,ok,MOCK,1
WCH2019-100m-W-SF-H3,2.039,0.02,ok,MOCK,1
WCH2019-200m-W-R1-H1,1.693,0.02,ok,MOCK,1
WCH2019-200m-W-R1-H4,1.73,0.02,ok,MOCK,1
WCH2019-200m-W-R1-H5,1.558,0.02,ok,MOCK,1
WCH2019-200m-W-SF-H1,1.372,0.02,ok,MOCK,1
WCH2019-200m-W-SF-H2,1.823,0.02,ok,MOCK,1
WCH2019-200m-W-F-H1,1.581,0.02,low_confidence,MOCK,1
WCH2019-100mH-W-R1-H1,2.051,0.02,ok,MOCK,1
WCH2019-100mH-W-R1-H2,2.009,0.02,ok,MOCK,1
WCH2019-100mH-W-R1-H4,1.654,0.02,ok,MOCK,1
WCH2019-100mH-W-R1-H5,1.851,0.02,ok,MOCK,1
WCH2019-100mH-W-SF-H2,1.887,0.02,ok,MOCK,1
WCH2019-100mH-W-SF-H3,1.898,0.02,ok,MOCK,1
WCH2022-100m-M-R1-H1,1.714,0.02,ok,MOCK,1
WCH2022-100m-M-R1-H2,2.316,0.02,ok,MOCK,1
WCH2022-100m-M-R1-H4,2.084,0.02,ok,MOCK,1
WCH2022-100m-M-SF-H1,1.651,0.02,ok,MOCK,1
WCH2022-100m-M-SF-H3,2.274,0.02,low_confidence,MOCK,1
WCH2022-100m-M-F-H1,2.021,0.02,ok,MOCK,1
WCH2022-200m-M-R1-H2,1.802,0.02,ok,MOCK,1
WCH2022-200m-M-R1-H4,2.16,0.02,ok,MOCK,1
WCH2022-200m-M-R1-H5,1.98,0.02,low_confidence,MOCK,1
WCH2022-200m-M-R1-H6,1.84,0.02,ok,MOCK,1
WCH2022-200m-M-SF-H1,1.737,0.02,low_confidence,MOCK,1
WCH2022-200m-M-SF-H2,1.628,0.02,low_confidence,MOCK,1
WCH2022-200m-M-SF-H3,1.847,0.02,ok,MOCK,1
WCH2022-110mH-M-R1-H1,1.866,0.02,low_confidence,MOCK,1
WCH2022-110mH-M-R1-H2,1.838,0.02,ok,MOCK,1
WCH2022-110mH-M-R1-H3,1.739,0.02,low_confidence,MOCK,1
WCH2022-110mH-M-R1-H4,2.067,0.02,ok,MOCK,1
WCH2022-110mH-M-R1-H5,1.853,0.02,ok,MOCK,1
WCH2022-110mH-M-R1-H6,1.886,0.02,ok,MOCK,1
WCH2022-110mH-M-SF-H1,1.753,0.02,ok,MOCK,1
WCH2022-110mH-M-SF-H2,2.173,0.02,ok,MOCK,1
WCH2022-110mH-M-F-H1,1.882,0.02,ok,MOCK,1
WCH2022-100m-W-PR-H1,1.661,0.02,ok,MOCK,1
WCH2022-100m-W-R1-H1,1.898,0.02,ok,MOCK,1
WCH2022-100m-W-R1-H5,2.052,0.02,ok,MOCK,1
WCH2022-100m-W-R1-H6,1.726,0.02,ok,MOCK,1
WCH2022-100m-W-SF-H1,1.635,0.02,ok,MOCK,1
WCH2022-100m-W-SF-H2,2.002,0.02,ok,MOCK,1
WCH2022-100m-W-SF-H3,1.652,0.02,ok,MOCK,1
WCH2022-100m-W-F-H1,1.537,0.02,ok,MOCK,1
WCH2022-200m-W-R1-H1,1.969,0.02,ok,MOCK,1
WCH2022-200m-W-R1-H2,1.572,0.02,ok,MOCK,1
WCH2022-200m-W-R1-H5,2.469,0.02,ok,MOCK,1
WCH2022-200m-W-R1-H6,1.606,0.02,ok,MOCK,1
WCH2022-200m-W-SF-H2,1.959,0.02,ok,MOCK,1
WCH2022-200m-W-SF-H3,1.719,0.02,ok,MOCK,1
WCH2022-100mH-W-R1-H1,1.551,0.02,ok,MOCK,1
WCH2022-100mH-W-R1-H2,1.946,0.02,ok,MOCK,1
WCH2022-100mH-W-R1-H3,1.675,0.02,ok,MOCK,1
WCH2022-100mH-W-R1-H4,2.199,0.02,ok,MOCK,1
WCH2022-100mH-W-SF-H2,1.597,0.02,ok,MOCK,1
WCH2022-100mH-W-SF-H3,2.305,0.02,ok,MOCK,1
WCH2022-100mH-W-F-H1,2.053,0.02,low_confidence,MOCK,1
WCH2023-100m-M-PR-H1,1.707,0.02,ok,MOCK,1
WCH2023-100m-M-R1-H1,1.669,0.02,ok,MOCK,1
WCH2023-100m-M-R1-H2,1.735,0.02,ok,MOCK,1
WCH2023-100m-M-R1-H3,1.537,0.02,ok,MOCK,1
WCH2023-100m-M-R1-H6,1.542,0.02,ok,MOCK,1
WCH2023-100m-M-SF-H1,1.626,0.02,ok,MOCK,1
WCH2023-100m-M-SF-H2,1.708,0.02,ok,MOCK,1
WCH2023-100m-M-SF-H3,1.337,0.02,ok,MOCK,1
WCH2023-100m-M-F-H1,1.982,0.02,ok,MOCK,1
WCH2023-200m-M-R1-H1,1.618,0.02,low_confidence,MOCK,1
WCH2023-200m-M-R1-H2,1.945,0.02,ok,MOCK,1
WCH2023-200m-M-R1-H3,1.52,0.02,ok,MOCK,1
WCH2023-200m-M-R1-H4,1.573,0.02,ok,MOCK,1
WCH2023-200m-M-R1-H5,1.971,0.02,ok,MOCK,1
WCH2023-200m-M-R1-H6,1.852,0.02,low_confidence,MOCK,1
WCH2023-200m-M-SF-H1,1.421,0.02,ok,MOCK,1
WCH2023-200m-M-SF-H2,1.378,0.02,ok,MOCK,1
WCH2023-200m-M-SF-H3,1.983,0.02,ok,MOCK,1
WCH2023-110mH-M-R1-H1,1.497,0.02,ok,MOCK,1
WCH2023-110mH-M-R1-H2,1.874,0.02,ok,MOCK,1
WCH2023-110mH-M-R1-H3,1.987,0.02,ok,MOCK,1
WCH2023-110mH-M-R1-H6,1.939,0.02,ok,MOCK,1
WCH2023-110mH-M-SF-H1,2.063,0.02,low_confidence,MOCK,1
WCH2023-110mH-M-SF-H2,2.274,0.02,ok,MOCK,1
WCH2023-110mH-M-F-H1,1.607,0.02,ok,MOCK,1
WCH2023-100m-W-PR-H1,1.892,0.02,ok,MOCK,1
WCH2023-100m-W-PR-H2,1.82,0.02,ok,MOCK,1
WCH2023-100m-W-R1-H1,1.463,0.02,ok,MOCK,1
WCH2023-100m-W-R1-H3,1.763,0.02,ok,MOCK,1
WCH2023-100m-W-R1-H4,2.05,0.02,ok,MOCK,1
WCH2023-100m-W-R1-H5,1.965,0.02,ok,MOCK,1
WCH2023-100m-W-R1-H6,1.999,0.02,ok,MOCK,1
WCH2023-100m-W-SF-H1,1.574,0.02,ok,MOCK,1
WCH2023-100m-W-SF-H2,1.996,0.02,ok,MOCK,1
WCH2023-100m-W-F-H1,1.485,0.02,ok,MOCK,1
WCH2023-200m-W-R1-H1,1.955,0.02,ok,MOCK,1
WCH2023-200m-W-R1-H2,1.955,0.02,ok,MOCK,1
WCH2023-200m-W-R1-H4,1.568,0.02,ok,MOCK,1
WCH2023-200m-W-R1-H6,2.071,0.02,ok,MOCK,1
WCH2023-200m-W-SF-H2,1.651,0.02,ok,MOCK,1
WCH2023-200m-W-SF-H3,2.077,0.02,ok,MOCK,1
WCH2023-200m-W-F-H1,1.755,0.02,ok,MOCK,1
WCH2023-100mH-W-R1-H1,1.539,0.02,ok,MOCK,1
WCH2023-100mH-W-R1-H2,1.706,0.02,ok,MOCK,1
WCH2023-100mH-W-R1-H4,1.567,0.02,ok,MOCK,1
WCH2023-100mH-W-R1-H5,2.062,0.02,ok,MOCK,1
WCH2023-100mH-W-R1-H6,1.776,0.02,ok,MOCK,1
WCH2023-100mH-W-SF-H3,1.588,0.02,ok,MOCK,1
WCH2023-100mH-W-F-H1,1.94,0.02,ok,MOCK,1
OG2012-100m-M-R1-H1,2.114,0.02,ok,MOCK,1
OG2012-100m-M-R1-H3,1.847,0.02,ok,MOCK,1
OG2012-100m-M-R1-H4,1.849,0.02,ok,MOCK,1
OG2012-100m-M-R1-H5,1.77,0.02,ok,MOCK,1
OG2012-100m-M-R1-H6,1.941,0.02,ok,MOCK,1
OG2012-100m-M-SF-H1,1.739,0.02,ok,MOCK,1
OG2012-100m-M-SF-H3,1.65,0.02,ok,MOCK,1
OG2012-200m-M-R1-H1,1.626,0.02,ok,MOCK,1
OG2012-200m-M-R1-H3,2.177,0.02,ok,MOCK,1
OG2012-200m-M-R1-H4,1.549,0.02,ok,MOCK,1
OG2012-200m-M-R1-H6,1.617,0.02,ok,MOCK,1
OG2012-200m-M-SF-H1,1.902,0.02,low_confidence,MOCK,1
OG2012-200m-M-SF-H2,1.77,0.02,ok,MOCK,1
OG2012-200m-M-SF-H3,1.46,0.02,ok,MOCK,1
OG2012-110mH-M-R1-H1,1.907,0.02,ok,MOCK,1
OG2012-110mH-M-R1-H2,1.684,0.02,ok,MOCK,1
OG2012-110mH-M-R1-H3,1.589,0.02,low_confidence,MOCK,1
OG2012-110mH-M-R1-H5,2.155,0.02,ok,MOCK,1
OG2012-110mH-M-R1-H6,1.574,0.02,ok,MOCK,1
OG2012-110mH-M-SF-H1,1.658,0.02,ok,MOCK,1
OG2012-110mH-M-F-H1,2.008,0.02,ok,MOCK,1
OG2012-100m-W-R1-H1,1.961,0.02,ok,MOCK,1
OG2012-100m-W-R1-H2,2.341,0.02,ok,MOCK,1
OG2012-100m-W-R1-H3,1.612,0.02,ok,MOCK,1
OG2012-100m-W-R1-H4,1.751,0.02,ok,MOCK,1
OG2012-100m-W-R1-H5,1.696,0.02,ok,MOCK,1
OG2012-100m-W-SF-H2,1.77,0.02,ok,MOCK,1
OG2012-100m-W-SF-H3,1.809,0.02,ok,MOCK,1
OG2012-100m-W-F-H1,1.594,0.02,ok,MOCK,1
OG2012-200m-W-R1-H2,1.676,0.02,ok,MOCK,1
OG2012-200m-W-R1-H4,1.812,0.02,ok,MOCK,1
OG2012-200m-W-R1-H6,2.187,0.02,ok,MOCK,1
OG2012-200m-W-SF-H1,1.601,0.02,ok,MOCK,1
OG2012-200m-W-SF-H3,1.697,0.02,ok,MOCK,1
OG2012-100mH-W-R1-H1,1.703,0.02,ok,MOCK,1
OG2012-100mH-W-R1-H2,1.85,0.02,ok,MOCK,1
OG2012-100mH-W-R1-H3,2.038,0.02,ok,MOCK,1
OG2012-100mH-W-R1-H6,1.935,0.02,ok,MOCK,1
OG2012-100mH-W-SF-H1,1.533,0.02,ok,MOCK,1
OG2012-100mH-W-SF-H2,1.892,0.02,ok,MOCK,1
OG2012-100mH-W-SF-H3,1.813,0.02,low_confidence,MOCK,1
OG2012-100mH-W-F-H1,1.476,0.02,ok,MOCK,1
OG2016-100m-M-PR-H1,1.51,0.02,ok,MOCK,1
OG2016-100m-M-PR-H2,2.102,0.02,ok,MOCK,1
OG2016-100m-M-R1-H1,1.6,0.02,ok,MOCK,1
OG2016-100m-M-R1-H2,1.889,0.02,ok,MOCK,1
OG2016-100m-M-R1-H3,1.36,0.02,ok,MOCK,1
OG2016-100m-M-R1-H4,1.899,0.02,ok,MOCK,1
OG2016-100m-M-R1-H5,1.564,0.02,low_confidence,MOCK,1
OG2016-100m-M-R1-H6,1.577,0.02,ok,MOCK,1
OG2016-100m-M-SF-H1,1.97,0.02,ok,MOCK,1
OG2016-100m-M-SF-H2,1.651,0.02,ok,MOCK,1
OG2016-100m-M-F-H1,1.944,0.02,low_confidence,MOCK,1
OG2016-200m-M-R1-H2,1.522,0.02,ok,MOCK,1
OG2016-200m-M-R1-H3,1.814,0.02,ok,MOCK,1
OG2016-200m-M-R1-H6,1.768,0.02,ok,MOCK,1
OG2016-200m-M-SF-H1,2.017,0.02,ok,MOCK,1
OG2016-200m-M-SF-H3,1.707,0.02,ok,MOCK,1
OG2016-200m-M-F-H1,1.619,0.02,ok,MOCK,1
OG2016-110mH-M-R1-H1,1.333,0.02,ok,MOCK,1
OG2016-110mH-M-R1-H5,1.795,0.02,ok,MOCK,1
OG2016-110mH-M-R1-H6,1.791,0.02,ok,MOCK,1
OG2016-110mH-M-SF-H1,1.688,0.02,ok,MOCK,1
OG2016-110mH-M-SF-H2,2.426,0.02,ok,MOCK,1
OG2016-110mH-M-SF-H3,1.688,0.02,ok,MOCK,1
OG2016-110mH-M-F-H1,1.861,0.02,ok,MOCK,1
OG2016-100m-W-PR-H1,1.596,0.02,ok,MOCK,1
OG2016-100m-W-PR-H2,1.774,0.02,ok,MOCK,1
OG2016-100m-W-R1-H3,1.852,0.02,ok,MOCK,1
OG2016-100m-W-R1-H5,1.998,0.02,ok,MOCK,1
OG2016-100m-W-R1-H6,1.6,0.02,ok,MOCK,1
OG2016-100m-W-SF-H1,1.685,0.02,ok,MOCK,1
OG2016-100m-W-SF-H3,2.09,0.02,ok,MOCK,1
OG2016-100m-W-F-H1,1.532,0.02,ok,MOCK,1
OG2016-200m-W-R1-H2,1.438,0.02,ok,MOCK,1
OG2016-200m-W-R1-H3,2.001,0.02,low_confidence,MOCK,1
OG2016-200m-W-R1-H4,1.752,0.02,ok,MOCK,1
OG2016-200m-W-R1-H5,1.908,0.02,ok,MOCK,1
OG2016-200m-W-R1-H6,1.816,0.02,ok,MOCK,1
OG2016-200m-W-SF-H1,1.456,0.02,ok,MOCK,1
OG2016-200m-W-SF-H2,2.018,0.02,ok,MOCK,1
OG2016-200m-W-F-H1,1.798,0.02,ok,MOCK,1
OG2016-100mH-W-R1-H1,1.712,0.02,ok,MOCK,1
OG2016-100mH-W-R1-H2,1.357,0.02,ok,MOCK,1
OG2016-100mH-W-R1-H4,1.534,0.02,ok,MOCK,1
OG2016-100mH-W-R1-H6,2.384,0.02,ok,MOCK,1
OG2016-100mH-W-SF-H1,1.727,0.02,ok,MOCK,1
OG2016-100mH-W-SF-H2,1.97,0.02,ok,MOCK,1
OG2016-100mH-W-SF-H3,2.15,0.02,ok,MOCK,1
OG2016-100mH-W-F-H1,1.423,0.02,ok,MOCK,1
OG2021-100m-M-PR-H1,1.68,0.02,low_confidence,MOCK,1
OG2021-100m-M-PR-H2,1.804,0.02,ok,MOCK,1
OG2021-100m-M-R1-H3,1.644,0.02,ok,MOCK,1
OG2021-100m-M-R1-H4,1.548,0.02,ok,MOCK,1
OG2021-100m-M-R1-H5,1.507,0.02,ok,MOCK,1
OG2021-100m-M-R1-H6,1.801,0.02,low_confidence,MOCK,1
OG2021-100m-M-SF-H2,1.713,0.02,low_confidence,MOCK,1
OG2021-100m-M-F-H1,1.857,0.02,ok,MOCK,1
OG2021-200m-M-R1-H2,1.988,0.02,ok,MOCK,1
OG2021-200m-M-R1-H4,1.858,0.02,ok,MOCK,1
OG2021-200m-M-R1-H6,2.129,0.02,ok,MOCK,1
OG2021-200m-M-SF-H3,2.232,0.02,ok,MOCK,1
OG2021-200m-M-F-H1,1.455,0.02,ok,MOCK,1
OG2021-110mH-M-R1-H1,1.753,0.02,ok,MOCK,1
OG2021-110mH-M-R1-H2,1.884,0.02,ok,MOCK,1
OG2021-110mH-M-R1-H3,2.144,0.02,low_confidence,MOCK,1
OG2021-110mH-M-R1-H4,2.004,0.02,ok,MOCK,1
OG2021-110mH-M-R1-H5,1.583,0.02,ok,MOCK,1
OG2021-110mH-M-R1-H6,2.148,0.02,ok,MOCK,1
OG2021-110mH-M-SF-H1,1.846,0.02,ok,MOCK,1
OG2021-110mH-M-SF-H2,1.52,0.02,ok,MOCK,1
OG2021-110mH-M-SF-H3,1.743,0.02,ok,MOCK,1
OG2021-110mH-M-F-H1,1.95,0.02,ok,MOCK,1
OG2021-100m-W-PR-H1,2.046,0.02,low_confidence,MOCK,1
OG2021-100m-W-R1-H2,1.745,0.02,ok,MOCK,1
OG2021-100m-W-R1-H3,1.746,0.02,low_confidence,MOCK,1
OG2021-100m-W-R1-H4,1.682,0.02,ok,MOCK,1
OG2021-100m-W-R1-H5,1.695,0.02,ok,MOCK,1
OG2021-100m-W-R1-H6,1.681,0.02,ok,MOCK,1
OG2021-100m-W-SF-H1,1.825,0.02,low_confidence,MOCK,1
OG2021-100m-W-SF-H3,2.028,0.02,ok,MOCK,1
OG2021-100m-W-F-H1,1.963,0.02,ok,MOCK,1
OG2021-200m-W-R1-H1,2.002,0.02,ok,MOCK,1
OG2021-200m-W-R1-H2,2.156,0.02,ok,MOCK,1
OG2021-200m-W-R1-H3,2.076,0.02,ok,MOCK,1
OG2021-200m-W-R1-H5,1.5,0.02,ok,MOCK,1
OG2021-200m-W-R1-H6,2.171,0.02,ok,MOCK,1
OG2021-200m-W-SF-H1,2.229,0.02,ok,MOCK,1
OG2021-200m-W-SF-H3,1.806,0.02,ok,MOCK,1
OG2021-200m-W-F-H1,1.584,0.02,ok,MOCK,1
OG2021-100mH-W-R1-H1,1.484,0.02,low_confidence,MOCK,1
OG2021-100mH-W-R1-H2,1.839,0.02,ok,MOCK,1
OG2021-100mH-W-R1-H4,1.975,0.02,ok,MOCK,1
OG2021-100mH-W-R1-H5,1.965,0.02,ok,MOCK,1
OG2021-100mH-W-R1-H6,2.001,0.02,low_confidence,MOCK,1
OG2021-100mH-W-SF-H1,2.326,0.02,ok,MOCK,1
OG2021-100mH-W-SF-H3,2.021,0.02,ok,MOCK,1
OG2021-100mH-W-F-H1,1.977,0.02,ok,MOCK,1
OG2024-100m-M-PR-H1,1.852,0.02,ok,MOCK,1
OG2024-100m-M-PR-H2,2.028,0.02,ok,MOCK,1
OG2024-100m-M-R1-H1,2.227,0.02,ok,MOCK,1
OG2024-100m-M-R1-H2,1.978,0.02,ok,MOCK,1
OG2024-100m-M-R1-H3,1.921,0.02,ok,MOCK,1
OG2024-100m-M-R1-H4,1.799,0.02,ok,MOCK,1
OG2024-100m-M-R1-H5,1.505,0.02,low_confidence,MOCK,1
OG2024-100m-M-SF-H1,2.009,0.02,ok,MOCK,1
OG2024-100m-M-SF-H2,1.692,0.02,ok,MOCK,1
OG2024-100m-M-F-H1,1.584,0.02,ok,MOCK,1
OG2024-200m-M-R1-H3,1.665,0.02,ok,MOCK,1
OG2024-200m-M-R1-H4,1.496,0.02,ok,MOCK,1
OG2024-200m-M-R1-H5,1.549,0.02,ok,MOCK,1
OG2024-200m-M-R1-H6,2.034,0.02,ok,MOCK,1
OG2024-200m-M-SF-H3,1.827,0.02,ok,MOCK,1
OG2024-200m-M-F-H1,1.734,0.02,ok,MOCK,1
OG2024-110mH-M-R1-H1,1.772,0.02,ok,MOCK,1
OG2024-110mH-M-R1-H3,2.244,0.02,ok,MOCK,1
OG2024-110mH-M-R1-H4,1.596,0.02,ok,MOCK,1
OG2024-110mH-M-R1-H6,1.783,0.02,ok,MOCK,1
OG2024-110mH-M-SF-H1,1.656,0.02,ok,MOCK,1
OG2024-110mH-M-SF-H2,2.053,0.02,ok,MOCK,1
OG2024-100m-W-PR-H1,1.849,0.02,ok,MOCK,1
OG2024-100m-W-PR-H2,1.625,0.02,ok,MOCK,1
OG2024-100m-W-R1-H1,1.835,0.02,ok,MOCK,1
OG2024-100m-W-R1-H2,1.54,0.02,low_confidence,MOCK,1
OG2024-100m-W-R1-H3,1.743,0.02,low_confidence,MOCK,1
OG2024-100m-W-R1-H4,1.602,0.02,ok,MOCK,1
OG2024-100m-W-R1-H6,2.084,0.02,ok,MOCK,1
OG2024-100m-W-SF-H1,2.116,0.02,ok,MOCK,1
OG2024-100m-W-SF-H3,1.843,0.02,ok,MOCK,1
OG2024-100m-W-F-H1,1.679,0.02,ok,MOCK,1
OG2024-200m-W-R1-H1,1.933,0.02,ok,MOCK,1
OG2024-200m-W-R1-H2,1.867,0.02,ok,MOCK,1
OG2024-200m-W-R1-H3,1.651,0.02,low_confidence,MOCK,1
OG2024-200m-W-R1-H4,1.774,0.02,ok,MOCK,1
OG2024-200m-W-R1-H6,1.792,0.02,low_confidence,MOCK,1
OG2024-200m-W-SF-H1,2.19,0.02,ok,MOCK,1
OG2024-200m-W-SF-H2,2.06,0.02,ok,MOCK,1
OG2024-200m-W-F-H1,1.679,0.02,ok,MOCK,1
OG2024-100mH-W-R1-H3,2.08,0.02,ok,MOCK,1
OG2024-100mH-W-R1-H5,1.613,0.02,ok,MOCK,1
OG2024-100mH-W-R1-H6,1.978,0.02,ok,MOCK,1
OG2024-100mH-W-SF-H2,2.008,0.02,low_confidence,MOCK,1
OG2024-100mH-W-F-H1,1.294,0.02,ok,MOCK,1
