trial,snr_db,noise_type,noise_src,tts,voice,resample,rt60,drr_db,gnr_db,surge_db,codec,marks_at,true_set_on,true_set_off,true_set_off20,true_gun,true_fp_on,true_fp_off,detected,fail,det_gun,det_set_on,det_set_off,det_fp_on,det_fp_off,det_set_snr,det_set_spread,det_gun_spread,burst_choice,qc_flag
0,20.0,hold,hold:8lkzDBDUzD0@181.23+i8spi5W5Wyc@3043.01+i8spi5W5Wyc@3043.01+...,david_set_r0_medium.wav,david,1.0,1.006,6.17,25.79,10.54,opus,,4.00175,4.356583,4.281208,5.336708,1.334958,0.980125,1,,5.335375,4.0015,4.368,1.333875,0.967375,42.7,0.0055,4e-05,whisper,ok
1,20.0,hold,hold:i8spi5W5Wyc@3664.43+i8spi5W5Wyc@3664.43+pvwL10FELHw@289.15+...,david_set_excl_r-3_medium.wav,david,0.92,1.135,0.31,34.76,12.56,aac,1.553,4.773917,5.220562,5.122792,6.866042,2.092125,1.645479,1,,6.865708,4.785,5.298,2.080708,1.567708,45.55,0.01119,0.0001,whisper,ok
2,20.0,hold,hold:i8spi5W5Wyc@2469.15+i8spi5W5Wyc@3043.01+3-YOXm6_yVI@320.83+...,david_set_long_r0_medium.wav,david,1.0,0.592,0.35,29.2,14.23,aac,,5.482958,5.837792,5.762417,7.430583,1.947625,1.592792,1,,7.43025,5.4055,5.854,2.02475,1.57625,39.59,0.0805,0.00015,whisper,set_estimators_disagree;speech_in_hold
3,20.0,hold,hold:i8spi5W5Wyc@1169.73+3553F-6Q044@173.37+u0wI4FtyOtE@262.73+...,hortense_set_long_r-3_medium.wav,hortense,1.08,0.372,3.24,29.85,9.26,opus,1.469,4.560292,5.372104,5.044729,5.928021,1.367729,0.555917,1,,5.927625,4.5715,5.091,1.356125,0.836625,33.87,0.00983,6e-05,whisper,ok
4,20.0,hold,hold:pVKEBJPFssc@296.63+i8spi5W5Wyc@2009.6+i8spi5W5Wyc@1820.89+...,hortense_set_long_r-3_medium.wav,hortense,0.92,1.144,2.34,16.67,9.61,opus,,5.125708,5.817958,5.539229,6.326833,1.201125,0.508875,1,,5.379,1.692,,3.687,,12.85,0.04658,0.003,last_burst,no_whisper_set;set_estimators_disagree;no_offset
5,20.0,hold,hold:i8spi5W5Wyc@2009.6+3553F-6Q044@173.37+i8spi5W5Wyc@2742.35+...,hortense_set_r-3_medium.wav,hortense,1.0,0.787,4.14,20.7,11.14,aac,,4.032687,4.784562,4.488479,6.063125,2.030438,1.278563,1,,6.063,4.0465,4.558,2.0165,1.505,32.14,0.00731,0.0,whisper,ok
6,20.0,hold,hold:pVKEBJPFssc@296.63+i8spi5W5Wyc@3043.01+i8spi5W5Wyc@3185.73+...,david_set_long_r-3_medium.wav,david,0.92,0.345,3.59,31.67,10.15,opus,1.537,4.973458,5.429042,5.320375,6.286417,1.312958,0.857375,1,,6.285958,4.979,5.341,1.306958,0.944958,43.43,0.006,0.00023,whisper,ok
7,20.0,hold,hold:i8spi5W5Wyc@3185.73+u0wI4FtyOtE@262.73+u0wI4FtyOtE@262.73+...,david_set_excl_r3_medium.wav,david,0.92,0.946,6.91,17.93,13.85,opus,,4.490687,4.712063,4.66875,6.846563,2.355875,2.1345,1,,6.8465,4.4935,4.715,2.353,2.1315,41.27,0.0065,2e-05,whisper,ok
8,20.0,hold,hold:i8spi5W5Wyc@3185.73+3-YOXm6_yVI@320.83+8lkzDBDUzD0@181.23+...,zira_set_r0_medium.wav,zira,1.0,0.895,2.11,20.35,12.44,opus,,4.388562,4.846896,4.803771,5.667771,1.279208,0.820875,1,,5.667667,4.4015,4.812,1.266167,0.855667,27.07,0.0105,0.0001,whisper,speech_before_set
9,20.0,hold,hold:8lkzDBDUzD0@181.23+4cUfAmsTnLo@548.6+4cUfAmsTnLo@548.6+...,hortense_set_long_r-3_medium.wav,hortense,0.92,0.515,3.55,26.23,11.08,opus,1.327,4.585396,5.277646,4.998917,6.187667,1.602271,0.910021,1,,6.18775,4.5975,5.054,1.59025,1.13375,31.92,0.00058,0.00012,whisper,ok
10,20.0,hold,hold:i8spi5W5Wyc@3043.01+4cUfAmsTnLo@548.6+i8spi5W5Wyc@3043.01+...,zira_set_excl_r0_medium.wav,zira,0.92,0.673,0.71,18.81,12.19,aac,1.996,4.015854,4.437688,4.397979,6.50675,2.490896,2.069062,1,,6.50675,4.024458,4.374958,2.482292,2.131792,34.04,0.0115,0.00012,whisper,ok
11,20.0,hold,hold:i8spi5W5Wyc@3185.73+3-YOXm6_yVI@320.83+4cUfAmsTnLo@248.57+...,helena_set_long_r-3_medium.wav,helena,1.08,0.981,9.8,28.15,10.12,opus,,5.458938,5.951583,5.734354,6.826979,1.368042,0.875396,1,,6.826208,5.28,5.732,1.546208,1.094208,34.4,0.1641,0.00015,whisper,set_estimators_disagree
12,10.0,hold,hold:4cUfAmsTnLo@548.6+pvwL10FELHw@289.15+4cUfAmsTnLo@548.6+...,hortense_set_excl_r0_medium.wav,hortense,0.92,0.396,6.51,31.54,14.51,opus,1.583,5.502688,6.00125,5.808479,7.697458,2.194771,1.696208,1,,7.6975,5.545,5.84,2.1525,1.8575,25.75,0.03,0.00052,whisper,set_estimators_disagree
13,10.0,hold,hold:4cUfAmsTnLo@548.6+i8spi5W5Wyc@507.33+i8spi5W5Wyc@1820.89+...,helena_set_long_r-3_medium.wav,helena,1.0,1.04,5.34,15.69,8.71,opus,,5.805521,6.25975,6.058771,8.473062,2.667542,2.213312,1,,8.473125,5.827,6.172,2.646125,2.301125,27.01,0.022,8e-05,whisper,set_estimators_disagree
14,10.0,hold,hold:3553F-6Q044@173.37+3-YOXm6_yVI@320.83+3553F-6Q044@173.37+...,helena_set_long_r-3_medium.wav,helena,1.08,0.635,1.63,29.34,9.36,opus,1.539,5.272542,5.765187,5.547958,6.882958,1.610417,1.117771,1,,6.882792,5.3025,5.578,1.580292,1.304792,24.29,0.0265,0.00015,whisper,set_estimators_disagree
15,10.0,hold,hold:i8spi5W5Wyc@2009.6+i8spi5W5Wyc@3664.43+3-YOXm6_yVI@320.83+...,zira_set_r-3_medium.wav,zira,1.08,0.946,0.65,21.14,9.61,aac,1.375,4.84,5.518875,5.448,6.781229,1.941229,1.262354,1,,6.780875,4.9445,5.443,1.836375,1.337875,27.68,0.09492,0.00119,whisper,set_estimators_disagree
16,10.0,hold,hold:i8spi5W5Wyc@507.33+pvwL10FELHw@289.15+i8spi5W5Wyc@1589.4+...,hortense_set_r0_medium.wav,hortense,1.08,0.606,1.23,15.1,13.86,opus,,5.115854,5.700292,5.473312,7.519,2.403146,1.818708,1,,6.163292,5.23,5.561,0.933292,0.602292,25.47,0.09279,0.0004,whisper,set_estimators_disagree
17,10.0,hold,hold:8lkzDBDUzD0@181.23+i8spi5W5Wyc@3664.43+3-YOXm6_yVI@320.83+...,david_set_r-3_medium.wav,david,0.92,0.831,10.35,26.65,12.07,opus,,5.527667,5.98325,5.874583,7.429896,1.902229,1.446646,1,,7.429542,5.548,5.95,1.881542,1.479542,28.91,0.005,2e-05,whisper,speech_in_hold
18,10.0,hold,hold:i8spi5W5Wyc@3185.73+i8spi5W5Wyc@1589.4+4cUfAmsTnLo@248.57+...,zira_set_long_r-3_medium.wav,zira,1.08,0.577,3.5,34.18,8.86,aac,,4.293792,4.972667,4.901792,6.360938,2.067146,1.388271,1,,6.360542,4.6325,4.789,1.728042,1.571542,23.67,0.27363,2e-05,whisper,set_estimators_disagree;speech_before_set;speech_in_hold
19,10.0,hold,hold:i8spi5W5Wyc@3043.01+pvwL10FELHw@289.15+4cUfAmsTnLo@248.57+...,helena_set_excl_r0_medium.wav,helena,0.92,0.894,5.27,27.85,13.36,opus,,5.616625,5.917333,5.783062,7.224417,1.607792,1.307083,1,,7.224125,5.621,5.862,1.603125,1.362125,25.88,0.005,6e-05,whisper,speech_in_hold
20,10.0,hold,hold:3553F-6Q044@173.37+8lkzDBDUzD0@181.23+4cUfAmsTnLo@248.57+...,hortense_set_long_r-3_medium.wav,hortense,1.08,0.965,10.05,27.48,8.31,opus,,5.94325,6.755063,6.427688,7.235833,1.292583,0.480771,1,,7.234458,6.121,6.545,1.113458,0.689458,19.89,0.13525,2e-05,whisper,set_estimators_disagree
21,10.0,hold,hold:3-YOXm6_yVI@320.83+u0wI4FtyOtE@262.73+i8spi5W5Wyc@507.33+...,zira_set_excl_r-3_medium.wav,zira,0.92,0.557,10.56,17.96,11.15,opus,,4.560354,5.139229,5.078854,6.24675,1.686396,1.107521,1,,6.246792,4.3625,4.943,1.884292,1.303792,30.71,0.0005,0.00015,whisper,ok
22,10.0,hold,hold:pvwL10FELHw@289.15+i8spi5W5Wyc@3185.73+i8spi5W5Wyc@2469.15+...,helena_set_long_r-3_medium.wav,helena,0.92,0.356,6.6,18.73,14.78,opus,1.512,4.652479,5.0705,4.88575,6.069167,1.416688,0.998667,1,,6.069292,4.7175,4.909,1.351792,1.160292,24.11,0.0645,0.00015,whisper,set_estimators_disagree;speech_in_hold
23,10.0,hold,hold:i8spi5W5Wyc@507.33+i8spi5W5Wyc@2469.15+3553F-6Q044@173.37+...,david_set_r3_medium.wav,david,1.0,0.986,6.62,32.17,9.36,opus,1.768,4.157479,4.397333,4.350771,5.503583,1.346104,1.10625,1,,5.5035,4.1655,4.471,1.338,1.0325,28.14,0.00171,2e-05,whisper,ok
24,5.0,hold,hold:i8spi5W5Wyc@1820.89+i8spi5W5Wyc@1589.4+i8spi5W5Wyc@3043.01+...,david_set_r0_medium.wav,david,0.92,0.826,7.37,20.92,11.46,aac,1.541,5.691667,6.017917,5.948583,7.964583,2.272917,1.946667,1,,7.964458,5.754,6.017,2.210458,1.947458,17.84,0.046,2e-05,whisper,set_estimators_disagree;speech_before_set
25,5.0,hold,hold:3-YOXm6_yVI@320.83+i8spi5W5Wyc@1589.4+i8spi5W5Wyc@2742.35+...,david_set_r3_medium.wav,david,0.92,0.5,6.66,27.66,11.62,opus,,4.70075,4.921417,4.878646,6.089271,1.388521,1.167854,1,,6.088917,4.697,5.279,1.391917,0.809917,25.49,0.00933,4e-05,whisper,ok
26,5.0,hold,hold:i8spi5W5Wyc@507.33+i8spi5W5Wyc@3185.73+pVKEBJPFssc@296.63+...,hortense_set_excl_r0_medium.wav,hortense,1.08,0.511,7.03,32.84,8.52,opus,1.515,5.148875,5.733313,5.506333,7.458083,2.309208,1.724771,1,,7.457375,5.216,5.879,2.241375,1.578375,33.24,0.053,0.00019,whisper,set_estimators_disagree
27,5.0,hold,hold:i8spi5W5Wyc@3664.43+i8spi5W5Wyc@2009.6+i8spi5W5Wyc@1820.89+...,david_set_long_r-3_medium.wav,david,1.0,1.139,2.53,22.55,9.23,opus,,5.625833,6.121042,6.002958,7.293812,1.667979,1.172771,0,set_refine_failed,,,,,,,,,,
28,5.0,hold,hold:4cUfAmsTnLo@248.57+i8spi5W5Wyc@1169.73+pvwL10FELHw@289.15+...,hortense_set_excl_r-3_medium.wav,hortense,0.92,0.432,2.27,22.78,8.9,aac,,4.844313,5.536604,5.264375,6.33125,1.486938,0.794646,1,,6.329292,4.9205,5.29,1.408792,1.039292,25.22,0.03367,0.0001,whisper,set_estimators_disagree
29,5.0,hold,hold:i8spi5W5Wyc@507.33+3-YOXm6_yVI@320.83+i8spi5W5Wyc@1589.4+...,zira_set_excl_r0_medium.wav,zira,1.08,0.48,7.39,32.15,10.49,opus,1.888,4.855958,5.350812,5.304271,6.650542,1.794583,1.299729,1,,6.650125,4.6135,5.186,2.036625,1.464125,28.7,0.0315,0.00181,whisper,set_estimators_disagree
30,5.0,hold,hold:3-YOXm6_yVI@320.83+i8spi5W5Wyc@2742.35+u0wI4FtyOtE@262.73+...,zira_set_excl_r-3_medium.wav,zira,1.0,0.432,11.14,32.48,14.43,opus,1.852,4.023667,4.652375,4.586688,5.297063,1.273396,0.644687,1,,5.294333,4.113,4.547,1.181333,0.747333,21.65,0.084,6e-05,whisper,set_estimators_disagree
31,5.0,hold,hold:4cUfAmsTnLo@548.6+3-YOXm6_yVI@320.83+i8spi5W5Wyc@2009.6+...,zira_set_r0_medium.wav,zira,1.08,1.11,10.4,31.17,12.98,opus,1.642,4.804146,5.299,5.252458,6.255542,1.451396,0.956542,1,,6.254042,4.805,5.293,1.449042,0.961042,27.33,0.008,2e-05,whisper,ok
32,5.0,hold,hold:i8spi5W5Wyc@2742.35+i8spi5W5Wyc@1820.89+i8spi5W5Wyc@2009.6+...,hortense_set_r3_medium.wav,hortense,0.92,1.101,9.49,29.8,8.36,opus,1.234,4.094104,4.448021,4.311813,6.489417,2.395313,2.041396,1,,6.489292,4.164,4.417,2.325292,2.072292,17.56,0.058,0.00015,whisper,set_estimators_disagree
33,5.0,hold,hold:i8spi5W5Wyc@3664.43+i8spi5W5Wyc@2742.35+i8spi5W5Wyc@2009.6+...,zira_set_r-3_medium.wav,zira,0.92,0.36,11.34,21.98,12.96,opus,1.413,4.907917,5.486792,5.426417,6.435,1.527083,0.948208,1,,6.43425,4.952,5.974,1.48225,0.46025,27.26,0.043,0.00013,whisper,set_estimators_disagree
34,5.0,hold,hold:4cUfAmsTnLo@548.6+pvwL10FELHw@289.15+pvwL10FELHw@289.15+...,david_set_r0_medium.wav,david,0.92,1.016,4.12,26.36,13.1,aac,,5.672438,5.998687,5.929354,7.947083,2.274646,1.948396,1,,7.946542,5.673,6.127,2.273542,1.819542,25.24,0.023,0.00023,whisper_fallback_prev,no_whisper_set;set_estimators_disagree;speech_in_hold
35,5.0,hold,hold:i8spi5W5Wyc@2742.35+u0wI4FtyOtE@262.73+i8spi5W5Wyc@2009.6+...,hortense_set_r0_medium.wav,hortense,1.08,1.063,1.42,34.2,13.39,opus,,5.856896,6.441333,6.214354,7.240062,1.383167,0.798729,1,,7.239625,5.98,6.438,1.259625,0.801625,18.6,0.09358,0.00156,whisper,set_estimators_disagree
36,0.0,hold,hold:3-YOXm6_yVI@320.83+i8spi5W5Wyc@3043.01+i8spi5W5Wyc@3185.73+...,hortense_set_r-3_medium.wav,hortense,0.92,0.702,7.57,24.63,11.27,opus,,5.657583,6.349875,6.077646,7.359187,1.701604,1.009313,1,,7.359,5.902,6.126,1.457,1.233,13.4,0.03283,0.0,whisper,set_estimators_disagree
37,0.0,hold,hold:i8spi5W5Wyc@1169.73+3-YOXm6_yVI@320.83+i8spi5W5Wyc@2469.15+...,david_set_long_r0_medium.wav,david,1.08,0.501,2.95,22.86,11.51,opus,,4.419,4.802729,4.721229,6.691521,2.272521,1.888792,1,,6.69125,4.7895,5.694,1.90175,0.99725,33.29,0.0225,0.00013,whisper,set_estimators_disagree
38,0.0,hold,hold:i8spi5W5Wyc@3043.01+i8spi5W5Wyc@3664.43+4cUfAmsTnLo@248.57+...,helena_set_excl_r3_medium.wav,helena,1.08,0.66,3.59,33.37,9.39,opus,1.72,5.729833,5.980437,5.874625,7.349812,1.619979,1.369375,1,,7.349208,5.764,6.144,1.585208,1.205208,15.9,0.023,0.0001,whisper,set_estimators_disagree
39,0.0,hold,hold:4cUfAmsTnLo@548.6+i8spi5W5Wyc@2469.15+3553F-6Q044@173.37+...,hortense_set_r-3_medium.wav,hortense,1.08,1.113,9.69,23.59,8.23,opus,1.605,5.072167,5.884042,5.5635,7.615333,2.543167,1.731292,1,,7.614333,5.338,5.66,2.276333,1.954333,15.76,0.11542,8e-05,whisper,set_estimators_disagree
40,0.0,hold,hold:3553F-6Q044@173.37+i8spi5W5Wyc@1589.4+i8spi5W5Wyc@2009.6+...,helena_set_excl_r3_medium.wav,helena,0.92,0.451,8.62,26.46,14.93,aac,1.713,5.892313,6.105812,6.016146,8.388063,2.49575,2.28225,0,no_speech_burst_before_gun,,,,,,,,,,
41,0.0,hold,hold:i8spi5W5Wyc@1589.4+i8spi5W5Wyc@3043.01+i8spi5W5Wyc@1169.73+...,helena_set_long_r-3_medium.wav,helena,1.0,0.394,6.82,31.21,12.52,aac,,5.064188,5.518417,5.317437,7.612687,2.5485,2.094271,1,,7.612167,5.1365,5.451,2.475667,2.161167,18.79,0.0685,0.00083,whisper,set_estimators_disagree
42,0.0,hold,hold:4cUfAmsTnLo@248.57+i8spi5W5Wyc@2742.35+i8spi5W5Wyc@3043.01+...,hortense_set_excl_r0_medium.wav,hortense,0.92,1.166,7.67,24.5,8.2,opus,,5.811,6.309563,6.116792,8.48175,2.67075,2.172188,1,,8.481583,5.99,6.209,2.491583,2.272583,15.02,0.06102,4e-05,whisper,set_estimators_disagree
43,0.0,hold,hold:4cUfAmsTnLo@548.6+i8spi5W5Wyc@2009.6+u0wI4FtyOtE@262.73+...,helena_set_long_r0_medium.wav,helena,1.0,0.589,2.43,21.91,14.84,opus,,4.515625,4.842354,4.696271,7.134896,2.619271,2.292542,1,,7.134167,4.5695,4.933,2.564667,2.201167,17.81,0.0485,8e-05,whisper,set_estimators_disagree
44,0.0,hold,hold:4cUfAmsTnLo@248.57+pvwL10FELHw@289.15+i8spi5W5Wyc@2009.6+...,david_set_excl_r0_medium.wav,david,0.92,0.694,3.66,28.69,9.57,opus,,4.486667,4.806229,4.743958,6.288458,1.801792,1.482229,1,,6.287875,4.831,,1.456875,,12.15,0.00458,6e-05,whisper,no_offset;speech_before_set
45,0.0,hold,hold:3553F-6Q044@173.37+u0wI4FtyOtE@262.73+pvwL10FELHw@289.15+...,david_set_r3_medium.wav,david,0.92,1.179,9.56,17.97,10.07,opus,1.149,4.525812,4.746479,4.703708,5.901625,1.375813,1.155146,1,,5.901333,3.9945,4.817,1.906833,1.084333,13.7,0.0005,8e-05,whisper,speech_in_hold
46,0.0,hold,hold:i8spi5W5Wyc@1169.73+i8spi5W5Wyc@1169.73+i8spi5W5Wyc@3043.01+...,zira_set_long_r-3_medium.wav,zira,0.92,0.723,5.47,27.75,10.36,opus,,4.904187,5.483062,5.422688,6.185521,1.281333,0.702458,1,,6.185375,4.996,5.25,1.189375,0.935375,16.69,0.079,6e-05,whisper,set_estimators_disagree
47,0.0,hold,hold:3-YOXm6_yVI@320.83+i8spi5W5Wyc@507.33+8lkzDBDUzD0@181.23+...,hortense_set_r3_medium.wav,hortense,0.92,1.133,11.2,21.39,10.69,opus,1.657,4.483771,4.837688,4.701479,6.275062,1.791292,1.437375,1,,6.274208,4.188,4.758,2.086208,1.516208,12.16,0.00192,0.00015,whisper,speech_in_hold
48,-5.0,hold,hold:i8spi5W5Wyc@2469.15+pvwL10FELHw@289.15+i8spi5W5Wyc@3185.73+...,hortense_set_excl_r0_medium.wav,hortense,0.92,0.463,3.9,32.81,8.68,opus,1.339,5.220125,5.718687,5.525917,6.6545,1.434375,0.935813,1,,6.654,5.075,,1.579,,17.46,0.009,0.0,whisper,no_offset
49,-5.0,hold,hold:4cUfAmsTnLo@248.57+i8spi5W5Wyc@1589.4+i8spi5W5Wyc@507.33+...,helena_set_long_r0_medium.wav,helena,0.92,0.588,6.36,20.44,14.81,opus,1.351,5.514917,5.815625,5.681354,6.73425,1.219333,0.918625,1,,6.734,4.5285,5.356,2.2055,1.378,20.03,0.00119,0.0,last_burst,no_whisper_set
50,-5.0,hold,hold:4cUfAmsTnLo@548.6+3553F-6Q044@173.37+i8spi5W5Wyc@2742.35+...,zira_set_excl_r0_medium.wav,zira,0.92,0.782,4.93,28.64,8.98,aac,,4.007646,4.429479,4.389771,5.800792,1.793146,1.371312,1,,5.800583,2.707958,,3.092625,,11.59,0.00246,6e-05,whisper,low_snr_set;no_offset
51,-5.0,hold,hold:i8spi5W5Wyc@3664.43+pvwL10FELHw@289.15+i8spi5W5Wyc@3043.01+...,david_set_r-3_medium.wav,david,1.08,0.496,9.45,18.86,12.96,opus,,5.106,5.640833,5.513333,6.355562,1.249562,0.714729,1,,6.354583,5.058,,1.296583,,23.45,0.03115,4e-05,last_burst,no_whisper_set;set_estimators_disagree;no_offset
52,-5.0,hold,hold:u0wI4FtyOtE@262.73+3-YOXm6_yVI@320.83+i8spi5W5Wyc@1169.73+...,david_set_r0_medium.wav,david,0.92,0.815,9.78,29.33,10.18,aac,,4.341604,4.667854,4.598521,6.865229,2.523625,2.197375,1,,6.865,5.806,,1.059,,9.05,2e-05,0.0,last_burst,no_whisper_set;low_snr_set;no_offset
53,-5.0,hold,hold:i8spi5W5Wyc@1589.4+3553F-6Q044@173.37+8lkzDBDUzD0@181.23+...,helena_set_r3_medium.wav,helena,1.08,0.723,0.13,25.71,14.37,opus,,5.670562,5.921167,5.815354,7.611729,1.941167,1.690562,1,,7.61175,3.9715,4.853,3.64025,2.75875,24.55,0.0015,0.01162,last_burst,no_whisper_set
54,-5.0,hold,hold:i8spi5W5Wyc@1169.73+i8spi5W5Wyc@1820.89+i8spi5W5Wyc@1820.89+...,hortense_set_r-3_medium.wav,hortense,0.92,0.907,4.8,31.12,10.04,aac,1.067,5.527271,6.219563,5.947333,7.105208,1.577937,0.885646,1,,7.104875,5.781,6.234,1.323875,0.870875,10.2,0.01388,6e-05,whisper,low_snr_set
55,-5.0,hold,hold:i8spi5W5Wyc@3043.01+i8spi5W5Wyc@3043.01+pVKEBJPFssc@296.63+...,david_set_long_r0_medium.wav,david,0.92,0.457,0.47,15.72,11.85,opus,1.935,4.530292,4.856542,4.787208,7.073188,2.542896,2.216646,1,,7.07325,2.4,2.766,4.67325,4.30725,9.79,,0.00012,last_burst,no_whisper_set;low_snr_set;fp_out_of_range;speech_in_hold
56,-5.0,hold,hold:4cUfAmsTnLo@248.57+pVKEBJPFssc@296.63+pvwL10FELHw@289.15+...,hortense_set_excl_r0_medium.wav,hortense,1.08,0.989,4.58,16.81,14.81,opus,,4.116521,4.700958,4.473979,6.125854,2.009333,1.424896,1,,6.125875,4.417,,1.708875,,15.6,0.09,0.05994,whisper,set_estimators_disagree;no_offset
57,-5.0,hold,hold:4cUfAmsTnLo@548.6+pvwL10FELHw@289.15+3-YOXm6_yVI@320.83+...,zira_set_long_r-3_medium.wav,zira,0.92,0.958,9.87,26.93,8.97,aac,,4.464146,5.043021,4.982646,6.818875,2.354729,1.775854,0,no_speech_burst_before_gun,,,,,,,,,,
58,-5.0,hold,hold:3553F-6Q044@173.37+i8spi5W5Wyc@1820.89+pVKEBJPFssc@296.63+...,zira_set_excl_r-3_medium.wav,zira,1.0,1.005,11.69,23.02,13.28,opus,,5.81,6.438708,6.373021,7.103958,1.293958,0.66525,1,,7.103833,5.814,6.638,1.289833,0.465833,22.25,0.0004,8e-05,whisper,ok
59,-5.0,hold,hold:i8spi5W5Wyc@3043.01+i8spi5W5Wyc@2742.35+i8spi5W5Wyc@1589.4+...,zira_set_long_r0_medium.wav,zira,0.92,0.459,6.91,34.52,9.26,opus,1.773,5.733417,6.15525,6.115542,7.026083,1.292667,0.870833,1,,7.025833,4.902,,2.123833,,18.36,0.032,0.00042,whisper,set_estimators_disagree;no_offset;speech_in_hold
60,20.0,pink,pink,zira_set_r0_medium.wav,zira,1.08,1.083,0.04,28.33,8.49,opus,,4.138937,4.633792,4.58725,6.692271,2.553333,2.058479,1,,6.692125,4.1375,4.614,2.554625,2.078125,39.36,0.00406,6e-05,whisper,ok
61,20.0,pink,pink,helena_set_r3_medium.wav,helena,1.08,0.934,11.83,27.49,10.67,aac,1.413,5.121229,5.371833,5.266021,6.454104,1.332875,1.082271,1,,6.452083,5.1195,5.245,1.332583,1.207083,38.24,0.0026,4e-05,whisper,ok
62,20.0,pink,pink,hortense_set_long_r-3_medium.wav,hortense,0.92,0.823,5.03,16.79,12.88,opus,1.315,4.931125,5.623375,5.344646,6.889687,1.958562,1.266312,1,,6.889667,4.938,5.487,1.951667,1.402667,34.61,0.01202,8e-05,whisper,ok
63,20.0,pink,pink,zira_set_long_r-3_medium.wav,zira,1.0,0.871,2.2,31.37,8.08,opus,,4.482062,5.110771,5.045083,6.923792,2.441729,1.813021,1,,6.923792,4.4775,4.98,2.446292,1.943792,34.46,0.00867,0.00015,whisper,ok
64,20.0,pink,pink,helena_set_r0_medium.wav,helena,0.92,0.867,5.24,29.1,9.45,opus,1.948,4.608062,4.908771,4.7745,6.082896,1.474833,1.174125,1,,6.082708,4.5995,4.865,1.483208,1.217708,35.31,0.01,0.0001,whisper,ok
65,20.0,pink,pink,hortense_set_long_r3_medium.wav,hortense,0.92,0.588,5.3,30.66,10.89,opus,1.628,5.427792,5.782979,5.641833,6.756188,1.328396,0.973208,1,,6.754625,5.4315,5.752,1.323125,1.002625,32.63,0.00475,6e-05,whisper,ok
66,20.0,pink,pink,david_set_excl_r-3_medium.wav,david,1.0,0.437,5.03,28.68,11.26,opus,,5.017979,5.5035,5.397229,7.550375,2.532396,2.046875,1,,7.550292,5.018,5.4,2.532292,2.150292,36.94,0.00585,0.00015,whisper,ok
67,20.0,pink,pink,david_set_r0_medium.wav,david,0.92,0.772,1.89,20.93,8.49,opus,,5.417646,5.743896,5.674563,7.211708,1.794062,1.467812,1,,7.211667,5.4105,5.752,1.801167,1.459667,35.13,0.0105,0.0001,whisper,ok
68,20.0,pink,pink,zira_set_long_r-3_medium.wav,zira,1.08,0.827,6.9,21.4,12.3,opus,,5.136854,5.815729,5.744854,7.479021,2.342167,1.663292,1,,7.479083,5.1355,5.587,2.343583,1.892083,36.58,0.00477,6e-05,whisper,ok
69,20.0,pink,pink,david_set_excl_r3_medium.wav,david,1.0,0.762,7.83,31.33,10.8,opus,,4.388667,4.629208,4.582167,5.765688,1.377021,1.136479,1,,5.765333,4.3895,4.65,1.375833,1.115333,36.19,0.00271,8e-05,whisper,ok
70,20.0,pink,pink,helena_set_excl_r0_medium.wav,helena,0.92,0.49,11.54,31.99,12.66,aac,,4.392771,4.693479,4.559208,5.863562,1.470792,1.170083,1,,5.8635,4.393,4.539,1.4705,1.3245,35.22,0.00275,0.0,whisper,ok
71,20.0,pink,pink,hortense_set_r-3_medium.wav,hortense,1.08,0.991,9.41,32.73,8.76,opus,,5.172604,5.984479,5.663938,7.65,2.477396,1.665521,1,,7.649792,5.181,5.707,2.468792,1.942792,34.26,0.01623,0.00015,whisper,ok
72,10.0,pink,pink,david_set_excl_r-3_medium.wav,david,1.0,0.765,4.72,20.52,8.08,opus,1.323,4.011812,4.497333,4.391063,6.105208,2.093396,1.607875,1,,6.10525,4.03,4.461,2.07525,1.64425,24.13,0.0051,0.00012,whisper,ok
73,10.0,pink,pink,helena_set_r0_medium.wav,helena,1.08,0.904,3.05,33.49,8.82,opus,1.5,4.706625,5.061562,4.903625,6.934875,2.22825,1.873312,1,,6.934,4.715,5.043,2.219,1.891,25.85,0.005,0.0,whisper,ok
74,10.0,pink,pink,hortense_set_excl_r0_medium.wav,hortense,1.08,1.077,10.02,27.57,13.98,aac,,5.724979,6.309417,6.082438,8.122938,2.397958,1.813521,1,,8.1225,5.753,6.12,2.3695,2.0025,24.08,0.0016,0.00025,whisper,ok
75,10.0,pink,pink,hortense_set_excl_r0_medium.wav,hortense,0.92,0.872,8.88,23.17,10.98,opus,,4.3165,4.815062,4.622292,5.726687,1.410187,0.911625,1,,5.72675,4.333,4.68,1.39375,1.04675,24.47,0.003,0.00012,whisper,ok
76,10.0,pink,pink,david_set_excl_r0_medium.wav,david,1.0,0.994,0.11,24.77,9.28,opus,,5.356542,5.704292,5.636521,7.946229,2.589688,2.241938,1,,7.946125,5.362,5.817,2.584125,2.129125,24.55,0.00602,6e-05,whisper,ok
77,10.0,pink,pink,helena_set_excl_r0_medium.wav,helena,1.0,0.519,2.29,33.33,12.02,aac,1.491,4.818396,5.145125,4.999042,6.413333,1.594937,1.268208,1,,6.4095,4.8205,5.047,1.589,1.3625,27.69,0.00448,0.0,whisper,ok
78,10.0,pink,pink,zira_set_r3_medium.wav,zira,0.92,1.072,9.69,31.01,8.03,opus,,4.9045,5.205687,5.108688,6.718021,1.813521,1.512333,1,,6.717875,4.917,5.105,1.800875,1.612875,23.82,0.00656,0.00019,whisper,ok
79,10.0,pink,pink,david_set_excl_r3_medium.wav,david,1.08,0.729,9.56,26.29,13.88,opus,1.09,4.0065,4.266125,4.215354,6.621167,2.614667,2.355042,1,,6.621125,4.0165,4.224,2.604625,2.397125,26.19,0.00406,6e-05,whisper,ok
80,10.0,pink,pink,helena_set_long_r-3_medium.wav,helena,1.0,0.463,5.62,16.57,13.81,opus,1.931,5.566458,6.020688,5.819708,8.098396,2.531938,2.077708,1,,8.098583,5.576,5.843,2.522583,2.255583,25.86,0.00621,6e-05,whisper,ok
81,10.0,pink,pink,helena_set_long_r-3_medium.wav,helena,1.08,0.806,7.76,34.09,10.98,aac,,5.742312,6.234958,6.017729,7.927021,2.184708,1.692063,1,,7.924125,5.749,6.047,2.175125,1.877125,27.27,0.002,6e-05,whisper,ok
82,10.0,pink,pink,david_set_r0_medium.wav,david,1.08,0.353,5.25,34.1,8.8,aac,1.619,4.607917,4.991646,4.910146,7.295562,2.687646,2.303917,1,,7.295042,4.6125,4.946,2.682542,2.349042,25.19,0.00777,2e-05,whisper,ok
83,10.0,pink,pink,david_set_excl_r-3_medium.wav,david,1.0,0.342,9.57,22.74,12.71,opus,1.54,5.726792,6.212313,6.106042,7.276854,1.550062,1.064542,1,,7.276583,5.745,6.113,1.531583,1.163583,24.25,0.005,0.00029,whisper,ok
84,5.0,pink,pink,zira_set_long_r-3_medium.wav,zira,0.92,0.947,0.53,34.51,11.52,opus,1.817,4.993646,5.572521,5.512146,6.494146,1.5005,0.921625,1,,6.493917,5.016,5.558,1.477917,0.935917,19.6,0.01206,0.00021,whisper,ok
85,5.0,pink,pink,hortense_set_r-3_medium.wav,hortense,1.0,1.09,7.0,27.31,10.19,opus,,4.787167,5.539042,5.242958,6.285771,1.498604,0.746729,1,,6.285667,4.994,5.338,1.291667,0.947667,19.69,0.01354,8e-05,whisper,ok
86,5.0,pink,pink,helena_set_r0_medium.wav,helena,0.92,0.754,0.39,25.03,13.08,aac,,5.137354,5.438063,5.303792,6.448542,1.311187,1.010479,1,,6.4485,5.151,5.414,1.2975,1.0345,22.81,0.002,0.0,whisper,ok
87,5.0,pink,pink,zira_set_excl_r0_medium.wav,zira,0.92,0.449,10.62,34.72,9.5,opus,1.163,4.51375,4.935583,4.895875,6.208083,1.694333,1.2725,1,,6.207625,4.5365,4.796,1.671125,1.411625,19.96,0.0075,6e-05,whisper,ok
88,5.0,pink,pink,helena_set_r0_medium.wav,helena,0.92,0.612,10.41,30.6,14.1,aac,1.642,4.411417,4.712125,4.577854,5.743083,1.331667,1.030958,1,,5.742833,1.783,2.371,3.959833,3.371833,23.04,0.11752,0.00019,last_burst,no_whisper_set;fp_out_of_range;set_estimators_disagree;speech_in_hold
89,5.0,pink,pink,helena_set_excl_r-3_medium.wav,helena,0.92,1.154,10.65,26.5,9.36,opus,,5.549417,5.967437,5.782687,7.708417,2.159,1.740979,0,no_speech_burst_before_gun,,,,,,,,,,
90,5.0,pink,pink,zira_set_long_r3_medium.wav,zira,0.92,1.125,9.01,17.28,10.04,opus,,5.745792,6.046979,5.949979,7.576917,1.831125,1.529937,1,,7.577,5.764,5.992,1.813,1.585,18.41,0.00869,0.0,whisper,ok
91,5.0,pink,pink,david_set_excl_r3_medium.wav,david,1.08,1.044,0.63,31.23,12.29,opus,1.77,4.667313,4.926938,4.876167,6.940042,2.272729,2.013104,1,,6.939833,4.686,5.067,2.253833,1.872833,21.32,0.005,0.00017,whisper,ok
92,5.0,pink,pink,hortense_set_long_r-3_medium.wav,hortense,1.08,0.964,6.45,32.55,14.91,opus,1.75,5.357292,6.169104,5.841729,7.900938,2.543646,1.731833,1,,7.900708,5.479,5.995,2.421708,1.905708,21.14,0.04206,0.0001,whisper,set_estimators_disagree
93,5.0,pink,pink,david_set_r-3_medium.wav,david,1.0,0.988,4.21,31.43,10.92,opus,,5.501604,5.996812,5.878729,7.837292,2.335688,1.840479,1,,7.83675,5.5225,6.012,2.31425,1.82475,20.21,0.00923,0.00062,whisper,ok
94,5.0,pink,pink,david_set_excl_r-3_medium.wav,david,1.0,1.018,10.04,18.06,14.05,opus,1.075,5.024833,5.510354,5.404083,7.255958,2.231125,1.745604,1,,7.255958,5.0445,5.559,2.211458,1.696958,19.28,0.01127,2e-05,whisper,ok
95,5.0,pink,pink,hortense_set_excl_r-3_medium.wav,hortense,1.0,0.854,1.16,34.19,12.44,opus,1.9,5.789917,6.541792,6.245708,7.730875,1.940958,1.189083,1,,7.730542,5.915,6.346,1.815542,1.384542,22.38,0.03996,2e-05,whisper,set_estimators_disagree
96,0.0,pink,pink,helena_set_long_r3_medium.wav,helena,1.08,0.717,4.82,17.92,11.49,aac,1.583,5.563958,5.814563,5.70875,7.022854,1.458896,1.208292,0,no_speech_burst_before_gun,,,,,,,,,,
97,0.0,pink,pink,zira_set_r3_medium.wav,zira,1.0,0.346,7.37,15.98,9.44,opus,,5.177896,5.505229,5.399521,7.047313,1.869417,1.542083,1,,7.047375,5.226,5.588,1.821375,1.459375,15.25,0.00785,6e-05,whisper,ok
98,0.0,pink,pink,david_set_long_r3_medium.wav,david,0.92,0.315,10.67,17.69,10.48,opus,1.669,5.722896,5.943562,5.900792,7.631938,1.909042,1.688375,0,no_speech_burst_before_gun,,,,,,,,,,
99,0.0,pink,pink,helena_set_r3_medium.wav,helena,1.08,0.546,3.83,32.89,11.54,opus,,4.739917,4.990521,4.884708,6.993625,2.253708,2.003104,0,no_speech_burst_before_gun,,,,,,,,,,
100,0.0,pink,pink,hortense_set_excl_r0_medium.wav,hortense,1.08,0.49,7.36,33.04,14.15,opus,1.379,5.910479,6.494917,6.267938,8.571896,2.661417,2.076979,1,,8.571708,6.109,6.439,2.462708,2.132708,16.81,0.07456,0.0001,whisper,set_estimators_disagree
101,0.0,pink,pink,zira_set_r-3_medium.wav,zira,0.92,1.071,6.76,18.87,11.02,opus,,5.629229,6.208104,6.147729,8.127771,2.498542,1.919667,1,,8.127833,5.744,6.001,2.383833,2.126833,14.8,0.02035,0.00017,whisper,set_estimators_disagree
102,0.0,pink,pink,hortense_set_r3_medium.wav,hortense,0.92,1.058,1.66,31.02,13.17,opus,1.84,4.639437,4.993354,4.857146,6.851063,2.211625,1.857708,1,,6.850875,4.765,5.048,2.085875,1.802875,17.98,0.00681,6e-05,whisper,ok
103,0.0,pink,pink,david_set_r3_medium.wav,david,1.08,0.447,2.57,18.15,13.36,opus,,5.788104,6.047042,5.996729,7.349687,1.561583,1.302646,1,,7.349667,5.8155,6.028,1.534167,1.321667,16.59,0.00298,8e-05,whisper,ok
104,0.0,pink,pink,hortense_set_long_r3_medium.wav,hortense,1.08,0.492,3.51,34.25,14.93,opus,,4.195958,4.612583,4.446729,6.399125,2.203167,1.786542,1,,6.398833,4.322,4.596,2.076833,1.802833,16.25,0.07317,0.00017,whisper,set_estimators_disagree
105,0.0,pink,pink,helena_set_long_r3_medium.wav,helena,1.0,0.58,6.94,31.67,14.62,aac,1.613,5.465583,5.697521,5.599896,7.011833,1.54625,1.314312,0,no_speech_burst_before_gun,,,,,,,,,,
106,0.0,pink,pink,david_set_r-3_medium.wav,david,1.0,0.481,11.48,25.14,11.61,opus,,4.614687,5.109896,4.991812,7.034479,2.419792,1.924583,1,,7.034458,4.639,5.063,2.395458,1.971458,19.11,0.01252,2e-05,whisper,ok
107,0.0,pink,pink,helena_set_r0_medium.wav,helena,0.92,0.754,3.55,16.54,12.99,opus,1.834,5.042479,5.343187,5.208917,7.280188,2.237708,1.937,0,no_speech_burst_before_gun,,,,,,,,,,
108,-5.0,pink,pink,hortense_set_r3_medium.wav,hortense,1.08,0.404,0.21,26.34,11.73,opus,,4.289833,4.704917,4.544958,5.967083,1.67725,1.262167,1,,5.966875,4.441,4.72,1.525875,1.246875,10.92,0.0,6e-05,whisper,low_snr_set
109,-5.0,pink,pink,david_set_r-3_medium.wav,david,1.08,0.731,4.15,15.45,10.94,aac,,5.629604,6.164438,6.036937,7.218708,1.589104,1.054271,1,,7.218583,5.675,,1.543583,,11.35,0.01244,0.00021,whisper,low_snr_set;no_offset
110,-5.0,pink,pink,hortense_set_r0_medium.wav,hortense,1.08,0.53,0.08,27.09,9.17,aac,1.044,4.808708,5.393146,5.166167,7.311896,2.503188,1.91875,1,,7.311708,4.994,5.245,2.317708,2.066708,12.98,0.02944,0.00035,whisper,set_estimators_disagree
111,-5.0,pink,pink,hortense_set_excl_r0_medium.wav,hortense,0.92,0.481,7.47,20.43,12.77,opus,1.337,4.726562,5.225125,5.032354,6.841667,2.115104,1.616542,1,,6.841875,4.902,5.107,1.939875,1.734875,13.44,0.03915,0.00019,whisper,set_estimators_disagree
112,-5.0,pink,pink,zira_set_long_r3_medium.wav,zira,1.08,0.788,11.38,29.7,11.13,aac,1.598,5.780896,6.134417,6.012,7.349104,1.568208,1.214687,0,no_speech_burst_before_gun,,,,,,,,,,
113,-5.0,pink,pink,hortense_set_long_r0_medium.wav,hortense,0.92,1.185,7.74,26.48,13.14,opus,,5.913771,6.412354,6.214292,7.385417,1.471646,0.973063,1,,7.385417,6.089,6.471,1.296417,0.914417,11.87,0.02367,4e-05,whisper,low_snr_set;set_estimators_disagree
114,-5.0,pink,pink,david_set_long_r0_medium.wav,david,1.0,1.08,9.46,32.02,13.13,aac,1.277,4.949583,5.304417,5.229042,6.770417,1.820833,1.466,0,no_speech_burst_before_gun,,,,,,,,,,
115,-5.0,pink,pink,zira_set_r-3_medium.wav,zira,1.08,0.712,11.79,21.22,14.19,opus,1.566,4.633083,5.311958,5.241083,6.551396,1.918313,1.239437,1,,6.551333,4.827,5.083,1.724333,1.468333,11.76,0.02254,8e-05,whisper,low_snr_set;set_estimators_disagree
116,-5.0,pink,pink,hortense_set_r0_medium.wav,hortense,1.08,0.733,2.56,19.57,11.52,opus,1.525,4.076333,4.660771,4.433792,5.583146,1.506813,0.922375,1,,5.583208,4.286,4.541,1.297208,1.042208,12.1,0.0,0.00012,whisper,ok
117,-5.0,pink,pink,helena_set_excl_r0_medium.wav,helena,1.08,0.324,0.86,34.57,10.29,opus,,5.372125,5.727062,5.569125,7.851958,2.479833,2.124896,1,,7.851917,5.437,5.608,2.414917,2.243917,14.01,0.02296,0.00021,whisper,set_estimators_disagree
118,-5.0,pink,pink,david_set_excl_r-3_medium.wav,david,1.08,0.661,7.52,27.22,12.64,opus,1.056,4.749313,5.273833,5.158938,7.374104,2.624792,2.100271,0,no_speech_burst_before_gun,,,,,,,,,,
119,-5.0,pink,pink,helena_set_r3_medium.wav,helena,1.08,0.313,7.19,27.07,9.42,opus,1.454,4.030208,4.280812,4.175,6.599271,2.569062,2.318458,0,no_speech_burst_before_gun,,,,,,,,,,
120,20.0,race,i8spi5W5Wyc@1592.58,david_set_r0_medium.wav,david,1.08,1.172,11.49,29.83,14.65,opus,,4.916062,5.299792,5.218292,6.655917,1.739854,1.356125,1,,3.793917,1.596,1.746,2.197917,2.047917,18.17,0.00131,0.00346,last_burst_fallback_prev,no_whisper_set;speech_before_set;speech_in_hold
121,20.0,race,4cUfAmsTnLo@551.65,david_set_excl_r-3_medium.wav,david,1.08,0.659,9.85,32.57,10.97,opus,1.636,5.375687,5.900208,5.785312,6.890625,1.514938,0.990417,1,,6.890625,5.368,5.784,1.522625,1.106625,45.27,0.01294,6e-05,whisper,ok
122,20.0,race,i8spi5W5Wyc@2214.57,zira_set_excl_r3_medium.wav,zira,1.08,0.639,5.7,18.63,14.15,opus,,4.951146,5.304667,5.18225,7.318812,2.367667,2.014146,1,,7.318292,4.9605,5.229,2.357792,2.089292,31.52,0.00581,0.0029,whisper,speech_before_set;speech_in_hold
123,20.0,race,8lkzDBDUzD0@183.91,zira_set_excl_r0_medium.wav,zira,0.92,0.625,1.48,31.57,8.66,aac,,4.888417,5.31025,5.270542,7.120875,2.232458,1.810625,1,,7.118708,5.774,6.404,1.344708,0.714708,12.99,0.04919,0.0001,last_burst,no_whisper_set;set_estimators_disagree;speech_before_set;speech_in_hold
124,20.0,race,i8spi5W5Wyc@1173.05,david_set_long_r-3_medium.wav,david,0.92,0.362,9.15,26.0,9.81,opus,,4.696729,5.152312,5.043646,6.63675,1.940021,1.484438,1,,6.634333,4.673,5.049,1.961333,1.585333,50.46,0.01383,0.00058,whisper,speech_before_set;speech_in_hold
125,20.0,race,i8spi5W5Wyc@1592.58,zira_set_excl_r-3_medium.wav,zira,1.08,0.417,9.8,31.36,12.06,opus,1.141,5.02775,5.706625,5.63575,7.695208,2.667458,1.988583,1,,3.786917,1.593,1.838,2.193917,1.948917,34.99,0.35021,0.00371,last_burst_fallback_prev,no_whisper_set;set_estimators_disagree;speech_before_set;speech_in_hold
126,20.0,race,i8spi5W5Wyc@924.19,david_set_excl_r0_medium.wav,david,1.0,0.864,0.73,25.38,11.34,opus,,5.387396,5.735146,5.667375,7.360688,1.973292,1.625542,1,,7.360708,5.393,5.788,1.967708,1.572708,38.38,0.004,0.00085,whisper,ok
127,20.0,race,pvwL10FELHw@292.14,hortense_set_excl_r-3_medium.wav,hortense,1.0,0.991,6.56,22.05,13.23,opus,,5.880729,6.632604,6.336521,7.792979,1.91225,1.160375,1,,7.793,5.902,6.452,1.891,1.341,30.53,0.00829,0.0,whisper,ok
128,20.0,race,i8spi5W5Wyc@924.19,hortense_set_r3_medium.wav,hortense,1.08,0.991,11.14,33.0,13.43,opus,1.706,4.536417,4.9515,4.791542,5.776833,1.240417,0.825333,1,,5.774458,4.546,4.826,1.228458,0.948458,30.02,0.006,2e-05,last_burst,no_whisper_set
129,20.0,race,i8spi5W5Wyc@2214.57,hortense_set_excl_r-3_medium.wav,hortense,1.0,1.072,9.14,17.96,9.72,aac,1.825,5.833625,6.5855,6.289417,7.222396,1.388771,0.636896,1,,7.220875,5.828,6.367,1.392875,0.853875,31.26,0.048,0.00019,whisper,set_estimators_disagree;speech_before_set
130,20.0,race,i8spi5W5Wyc@924.19,helena_set_long_r-3_medium.wav,helena,1.0,0.806,3.93,23.74,12.3,opus,,4.833958,5.288188,5.087208,6.835917,2.001958,1.547729,1,,6.836042,4.8245,5.158,2.011542,1.678042,31.83,0.0255,2e-05,last_burst,no_whisper_set;set_estimators_disagree
131,20.0,race,8lkzDBDUzD0@183.91,helena_set_r3_medium.wav,helena,0.92,1.12,9.26,25.9,10.86,opus,1.049,5.062021,5.275521,5.185854,7.467437,2.405417,2.191917,1,,7.46725,5.773,6.404,1.69425,1.06325,13.24,0.04869,0.00012,last_burst,no_whisper_set;set_estimators_disagree;speech_before_set;speech_in_hold
132,10.0,race,pvwL10FELHw@292.14,david_set_excl_r3_medium.wav,david,1.0,0.369,8.51,16.17,12.77,aac,1.126,5.571479,5.812021,5.764979,7.711896,2.140417,1.899875,1,,7.710917,5.5485,5.895,2.162417,1.815917,30.99,0.04196,0.00054,whisper,set_estimators_disagree
133,10.0,race,i8spi5W5Wyc@2214.57,zira_set_long_r0_medium.wav,zira,1.0,0.314,10.87,30.61,14.61,opus,,5.839625,6.297958,6.254833,8.040083,2.200458,1.742125,1,,8.040042,5.8465,6.132,2.193542,1.908042,24.77,0.0665,2e-05,whisper,set_estimators_disagree;speech_before_set;speech_in_hold
134,10.0,race,3-YOXm6_yVI@323.93,hortense_set_long_r3_medium.wav,hortense,1.0,0.926,7.08,15.85,13.57,aac,,5.619042,6.004937,5.851458,7.7345,2.115458,1.729562,1,,7.732583,5.6945,5.992,2.038083,1.740583,20.17,0.0605,4e-05,whisper,set_estimators_disagree
135,10.0,race,4cUfAmsTnLo@251.55,david_set_long_r-3_medium.wav,david,1.0,0.705,6.18,18.35,13.46,aac,1.583,5.88875,6.383958,6.265875,7.131875,1.243125,0.747917,1,,7.131875,5.897,6.478,1.234875,0.653875,41.82,0.008,6e-05,whisper,ok
136,10.0,race,i8spi5W5Wyc@510.34,zira_set_r-3_medium.wav,zira,1.0,0.701,8.78,28.81,11.56,opus,1.01,5.195229,5.823938,5.75825,7.580208,2.384979,1.756271,1,,7.579875,5.195,5.608,2.384875,1.971875,16.83,0.00385,0.00071,whisper,speech_before_set;speech_in_hold
137,10.0,race,i8spi5W5Wyc@510.34,hortense_set_excl_r0_medium.wav,hortense,1.08,0.359,7.02,21.34,13.21,aac,,4.445375,5.029813,4.802833,6.148042,1.702667,1.118229,1,,6.148,4.653,4.806,1.495,1.342,18.24,0.03363,0.0,whisper,set_estimators_disagree;speech_before_set
138,10.0,race,i8spi5W5Wyc@3046.36,david_set_excl_r3_medium.wav,david,1.0,1.163,5.38,21.7,12.96,opus,,5.460938,5.701479,5.654438,7.047667,1.586729,1.346188,1,,7.047583,5.5135,5.836,1.534083,1.211583,23.23,0.04058,0.02529,whisper,set_estimators_disagree;speech_before_set
139,10.0,race,i8spi5W5Wyc@2013.04,helena_set_excl_r-3_medium.wav,helena,0.92,1.026,1.55,33.93,8.28,aac,,4.363667,4.781688,4.596938,6.145625,1.781958,1.363938,0,no_speech_burst_before_gun,,,,,,,,,,
140,10.0,race,pVKEBJPFssc@299.82,zira_set_r3_medium.wav,zira,0.92,0.802,0.43,28.56,14.18,opus,1.423,5.098646,5.399833,5.302833,7.308479,2.209833,1.908646,1,,7.308333,5.14,5.559,2.168333,1.749333,21.42,0.0386,8e-05,last_burst,no_whisper_set;set_estimators_disagree
141,10.0,race,i8spi5W5Wyc@3552.64,hortense_set_long_r3_medium.wav,hortense,0.92,0.619,1.66,29.7,13.3,opus,,5.734021,6.089208,5.948062,8.315854,2.581833,2.226646,1,,8.313042,5.676,6.048,2.637042,2.265042,33.5,0.024,0.00048,prev_burst_louder,no_whisper_set;set_estimators_disagree;speech_in_hold
142,10.0,race,3-YOXm6_yVI@323.93,hortense_set_excl_r3_medium.wav,hortense,1.0,0.478,10.73,23.11,10.56,opus,1.907,4.35075,4.735229,4.587208,5.690688,1.339938,0.955458,1,,5.690667,4.4265,4.621,1.264167,1.069667,18.0,0.06573,8e-05,last_burst,no_whisper_set;set_estimators_disagree
143,10.0,race,i8spi5W5Wyc@510.34,zira_set_long_r0_medium.wav,zira,1.0,0.84,2.97,26.02,12.11,opus,,4.65675,5.115083,5.071958,6.356125,1.699375,1.241042,1,,6.354542,4.7085,5.151,1.646042,1.203542,25.72,0.04958,0.00048,last_burst,no_whisper_set;set_estimators_disagree;speech_before_set
144,5.0,race,i8spi5W5Wyc@3189.44,hortense_set_excl_r3_medium.wav,hortense,1.0,1.005,1.68,33.75,8.6,opus,1.559,4.306229,4.690708,4.542688,6.750542,2.444313,2.059833,1,,6.749625,3.642,4.221,3.107625,2.528625,21.96,0.00019,6e-05,whisper,speech_in_hold
145,5.0,race,i8spi5W5Wyc@2745.4,helena_set_excl_r3_medium.wav,helena,0.92,0.958,5.92,28.52,10.01,opus,,5.029438,5.242938,5.153271,7.290708,2.261271,2.047771,1,,7.2905,5.075,5.178,2.2155,2.1125,15.26,0.03067,0.0,s_onset_burst,no_whisper_set;set_estimators_disagree;speech_before_set;speech_in_hold
146,5.0,race,i8spi5W5Wyc@924.19,david_set_long_r3_medium.wav,david,1.0,1.014,0.16,27.25,13.82,opus,1.145,4.643313,4.883167,4.836604,7.282792,2.639479,2.399625,1,,7.282875,4.6625,4.96,2.620375,2.322875,23.78,0.00535,0.00019,whisper,ok
147,5.0,race,3-YOXm6_yVI@323.93,hortense_set_r-3_medium.wav,hortense,1.0,1.019,8.35,18.08,9.3,opus,1.663,4.037583,4.789458,4.493375,6.35275,2.315167,1.563292,1,,6.352792,4.336,4.509,2.016792,1.843792,14.17,0.033,0.00015,whisper,set_estimators_disagree
148,5.0,race,8lkzDBDUzD0@183.91,david_set_long_r0_medium.wav,david,1.0,0.69,0.2,18.89,10.86,aac,1.106,4.254104,4.608937,4.533563,5.692146,1.438042,1.083208,1,,5.692292,4.2845,4.63,1.407792,1.062292,22.28,0.0135,0.00617,last_burst,no_whisper_set;speech_before_set
149,5.0,race,i8spi5W5Wyc@2013.04,hortense_set_long_r0_medium.wav,hortense,1.0,0.519,8.35,31.02,11.14,opus,,5.008167,5.549458,5.334104,7.445083,2.436917,1.895625,0,no_speech_burst_before_gun,,,,,,,,,,
150,5.0,race,i8spi5W5Wyc@2745.4,helena_set_long_r0_medium.wav,helena,1.08,0.744,8.02,19.31,12.41,aac,1.852,4.854604,5.209542,5.051604,7.008646,2.154042,1.799104,1,,7.006792,4.915,5.168,2.091792,1.838792,23.25,0.06,0.00035,s_onset_burst,no_whisper_set;set_estimators_disagree;speech_before_set;speech_in_hold
151,5.0,race,i8spi5W5Wyc@510.34,hortense_set_excl_r0_medium.wav,hortense,0.92,0.489,6.51,19.11,8.84,aac,1.193,5.743792,6.242354,6.049583,8.230521,2.486729,1.988167,1,,8.230542,5.9245,6.252,2.306042,1.978542,19.72,0.01365,4e-05,last_burst,no_whisper_set;speech_in_hold
152,5.0,race,i8spi5W5Wyc@3189.44,zira_set_excl_r0_medium.wav,zira,1.08,0.486,4.2,23.38,14.05,opus,1.512,4.679208,5.174062,5.127521,6.312667,1.633458,1.138604,1,,6.312458,4.571,5.037,1.741458,1.275458,17.78,0.31585,2e-05,s_onset_burst,no_whisper_set;set_estimators_disagree;speech_before_set;speech_in_hold
153,5.0,race,i8spi5W5Wyc@185.05,zira_set_excl_r0_medium.wav,zira,1.08,1.159,8.83,23.74,14.34,aac,1.569,5.268958,5.763813,5.717271,6.72775,1.458792,0.963938,1,,6.726667,5.3555,5.755,1.371167,0.971667,19.18,0.06729,0.0001,whisper,set_estimators_disagree
154,5.0,race,i8spi5W5Wyc@2745.4,helena_set_long_r0_medium.wav,helena,1.0,0.625,6.68,30.39,13.82,opus,,5.773854,6.100583,5.9545,8.319542,2.545688,2.218958,0,set_refine_failed,,,,,,,,,,
155,5.0,race,i8spi5W5Wyc@2472.18,david_set_r-3_medium.wav,david,1.0,0.685,3.67,18.32,9.61,aac,1.263,4.781833,5.277042,5.158958,7.183771,2.401937,1.906729,1,,5.721167,4.853,5.25,0.868167,0.471167,18.88,0.0329,0.0001,last_burst,no_whisper_set;fp_out_of_range;set_estimators_disagree;speech_before_set
156,0.0,race,i8spi5W5Wyc@3552.64,zira_set_long_r-3_medium.wav,zira,1.08,0.356,4.52,34.92,13.64,opus,1.368,4.753063,5.431938,5.361063,7.110792,2.357729,1.678854,1,,7.110333,5.8605,6.515,1.249833,0.595333,25.4,0.09365,0.00142,last_burst,no_whisper_set;set_estimators_disagree;speech_in_hold
157,0.0,race,i8spi5W5Wyc@3189.44,hortense_set_excl_r0_medium.wav,hortense,1.08,0.561,1.29,29.42,8.44,aac,,5.757,6.341437,6.114458,7.543896,1.786896,1.202458,1,,7.540375,7.019,7.373,0.521375,0.167375,17.57,0.005,0.00031,last_burst,no_whisper_set;fp_out_of_range
158,0.0,race,pvwL10FELHw@292.14,hortense_set_excl_r3_medium.wav,hortense,1.08,0.954,4.69,19.17,13.49,opus,1.895,5.384896,5.799979,5.640021,6.613833,1.228938,0.813854,1,,5.357542,2.504,3.258,2.853542,2.099542,15.25,0.00502,0.00023,s_onset_burst,no_whisper_set;speech_in_hold
159,0.0,race,i8spi5W5Wyc@2214.57,zira_set_excl_r3_medium.wav,zira,1.08,0.99,0.72,28.44,13.88,opus,,4.299479,4.653,4.530583,6.859896,2.560417,2.206896,1,,6.859792,5.78,6.433,1.079792,0.426792,18.36,0.00092,0.00015,s_onset_burst,no_whisper_set;speech_before_set;speech_in_hold
160,0.0,race,i8spi5W5Wyc@2745.4,david_set_excl_r0_medium.wav,david,1.08,1.07,5.47,32.28,14.94,opus,,4.573771,4.949396,4.876188,6.987396,2.413625,2.038,1,,6.986875,4.635,4.929,2.351875,2.057875,31.17,0.071,6e-05,s_onset_burst_fallback_prev,no_whisper_set;set_estimators_disagree;speech_before_set;speech_in_hold
161,0.0,race,i8spi5W5Wyc@3189.44,david_set_r3_medium.wav,david,0.92,0.448,8.11,23.58,14.8,opus,,5.654521,5.875188,5.832417,7.213375,1.558854,1.338188,1,,7.213417,5.521,5.876,1.692417,1.337417,26.78,0.018,4e-05,last_burst,no_whisper_set;speech_in_hold
162,0.0,race,4cUfAmsTnLo@551.65,helena_set_excl_r0_medium.wav,helena,0.92,0.987,2.67,18.7,9.88,opus,1.048,5.591979,5.892688,5.758417,7.231687,1.639708,1.339,0,no_speech_burst_before_gun,,,,,,,,,,
163,0.0,race,i8spi5W5Wyc@3667.82,david_set_long_r-3_medium.wav,david,1.0,0.985,11.44,33.97,8.08,opus,1.414,4.587438,5.082646,4.964563,7.1155,2.528062,2.032854,1,,7.114125,4.612,5.261,2.502125,1.853125,24.32,0.00665,6e-05,last_burst,no_whisper_set;speech_before_set;speech_in_hold
164,0.0,race,4cUfAmsTnLo@551.65,zira_set_r3_medium.wav,zira,1.08,0.343,1.81,21.59,10.13,opus,1.857,5.081563,5.435083,5.312667,6.511417,1.429854,1.076333,1,,6.511542,5.083,5.741,1.428542,0.770542,17.32,0.00027,2e-05,last_burst,no_whisper_set
165,0.0,race,i8spi5W5Wyc@185.05,helena_set_excl_r-3_medium.wav,helena,1.0,1.057,4.85,32.83,13.87,aac,,4.579208,5.033437,4.832458,6.063104,1.483896,1.029667,1,,6.062542,4.647,4.927,1.415542,1.135542,19.47,0.083,2e-05,whisper,set_estimators_disagree;speech_before_set
166,0.0,race,pvwL10FELHw@292.14,david_set_excl_r-3_medium.wav,david,1.0,0.447,8.86,15.85,11.63,opus,1.592,5.358125,5.843646,5.737375,7.790667,2.432542,1.947021,1,,7.79075,5.3645,5.966,2.42625,1.82475,27.63,0.0075,0.00012,last_burst,no_whisper_set
167,0.0,race,i8spi5W5Wyc@510.34,zira_set_excl_r0_medium.wav,zira,1.0,0.325,0.91,32.29,13.19,aac,,5.825479,6.283812,6.240687,7.35125,1.525771,1.067438,1,,7.348167,4.751,5.416,2.597167,1.932167,12.82,0.0154,8e-05,whisper,speech_before_set;speech_in_hold
168,-5.0,race,i8spi5W5Wyc@2214.57,helena_set_long_r3_medium.wav,helena,0.92,0.887,7.35,15.98,11.41,aac,1.067,5.043812,5.257313,5.167646,6.514687,1.470875,1.257375,1,,4.617083,3.5475,3.888,1.069583,0.729083,23.66,0.0335,0.02029,last_burst,no_whisper_set;set_estimators_disagree
169,-5.0,race,i8spi5W5Wyc@3046.36,hortense_set_r-3_medium.wav,hortense,1.0,1.031,10.02,17.87,8.53,opus,,5.506917,6.258792,5.962708,8.162771,2.655854,1.903979,1,,6.997167,5.121,5.225,1.876167,1.772167,19.59,0.00367,8e-05,s_onset_burst,no_whisper_set;speech_before_set;speech_in_hold
170,-5.0,race,i8spi5W5Wyc@1823.94,david_set_long_r0_medium.wav,david,1.0,0.53,9.34,27.14,11.82,aac,,4.416583,4.771417,4.696042,7.050854,2.634271,2.279437,1,,3.34975,1.5745,2.073,1.77525,1.27675,19.43,0.16067,0.00287,s_onset_burst,no_whisper_set;set_estimators_disagree;speech_before_set;speech_in_hold
171,-5.0,race,pVKEBJPFssc@299.82,hortense_set_excl_r0_medium.wav,hortense,1.0,1.195,10.45,33.12,10.99,aac,1.536,4.864896,5.406187,5.196479,7.430771,2.565875,2.024583,0,no_speech_burst_before_gun,,,,,,,,,,
172,-5.0,race,i8spi5W5Wyc@510.34,helena_set_long_r0_medium.wav,helena,1.08,0.864,5.61,32.96,10.93,opus,1.713,5.997833,6.352771,6.194833,8.662729,2.664896,2.309958,1,,8.662458,7.798,8.517,0.864458,0.145458,10.95,0.00313,0.0,last_burst,no_whisper_set;low_snr_set;fp_out_of_range
173,-5.0,race,i8spi5W5Wyc@1823.94,hortense_set_excl_r0_medium.wav,hortense,1.08,1.178,10.83,18.59,8.33,aac,1.802,4.986146,5.570583,5.343604,6.682417,1.696271,1.111833,1,,6.682125,5.075,5.419,1.607125,1.263125,33.25,0.119,0.00019,last_burst,no_whisper_set;set_estimators_disagree
174,-5.0,race,u0wI4FtyOtE@265.62,zira_set_long_r0_medium.wav,zira,1.0,0.956,9.4,28.58,9.67,aac,,5.889458,6.347792,6.304667,7.516458,1.627,1.168667,0,no_speech_burst_before_gun,,,,,,,,,,
175,-5.0,race,i8spi5W5Wyc@2745.4,helena_set_excl_r0_medium.wav,helena,1.0,1.151,5.1,17.2,10.06,aac,,4.80075,5.127479,4.981396,6.197021,1.396271,1.069542,1,,6.196375,4.919,5.593,1.277375,0.603375,14.79,0.04792,4e-05,last_burst,no_whisper_set;set_estimators_disagree;speech_before_set
176,-5.0,race,pVKEBJPFssc@299.82,hortense_set_excl_r-3_medium.wav,hortense,0.92,0.984,10.8,25.16,8.04,aac,,5.761438,6.453729,6.1815,7.375542,1.614104,0.921813,0,no_speech_burst_before_gun,,,,,,,,,,
177,-5.0,race,i8spi5W5Wyc@2472.18,hortense_set_r3_medium.wav,hortense,1.0,1.178,3.54,33.11,9.73,aac,1.31,5.729938,6.114417,5.966396,7.045854,1.315917,0.931438,1,,7.045375,5.7645,6.138,1.280875,0.907375,26.36,0.0435,6e-05,last_burst,no_whisper_set;set_estimators_disagree
178,-5.0,race,i8spi5W5Wyc@1173.05,helena_set_long_r-3_medium.wav,helena,0.92,1.062,7.72,16.23,13.7,opus,,4.824875,5.242896,5.058146,6.345479,1.520604,1.102583,1,,6.345417,4.971,5.501,1.374417,0.844417,19.27,0.32573,4e-05,last_burst_fallback_prev,no_whisper_set;set_estimators_disagree;speech_before_set;speech_in_hold
179,-5.0,race,4cUfAmsTnLo@251.55,hortense_set_r3_medium.wav,hortense,1.0,0.77,0.96,28.14,11.34,opus,1.648,5.574667,5.959146,5.811125,8.153271,2.578604,2.194125,1,,8.153042,5.1775,5.46,2.975542,2.693042,19.95,0.00929,4e-05,last_burst,no_whisper_set
180,20.0,commentary,3-YOXm6_yVI@247.43,hortense_set_r0_medium.wav,hortense,1.0,0.97,7.89,32.84,9.31,opus,1.049,4.825458,5.36675,5.157042,6.948396,2.122937,1.581646,1,,6.947958,4.0275,4.755,2.920458,2.192958,21.25,0.00796,2e-05,whisper,speech_in_hold
181,20.0,commentary,4cUfAmsTnLo@175.05,zira_set_r-3_medium.wav,zira,0.92,0.627,5.91,17.87,14.74,opus,,5.088708,5.667583,5.607208,6.334354,1.245646,0.666771,1,,6.334458,5.089,5.478,1.245458,0.856458,33.51,0.008,2e-05,last_burst,no_whisper_set
182,20.0,commentary,i8spi5W5Wyc@2138.07,hortense_set_long_r-3_medium.wav,hortense,1.0,1.024,3.22,29.99,11.74,opus,,4.347563,5.099354,4.796333,5.714167,1.366604,0.614812,1,,5.713792,4.481,4.969,1.232792,0.744792,28.41,0.12325,8e-05,whisper,set_estimators_disagree;speech_before_set
183,20.0,commentary,3-YOXm6_yVI@247.43,zira_set_long_r-3_medium.wav,zira,1.0,0.43,1.07,24.74,9.72,opus,1.322,5.352479,5.981187,5.9155,6.690021,1.337542,0.708833,1,,6.689875,5.1865,5.773,1.503375,0.916875,22.23,0.0594,6e-05,whisper,set_estimators_disagree;speech_in_hold
184,20.0,commentary,i8spi5W5Wyc@3112.94,david_set_r0_medium.wav,david,0.92,0.954,1.53,15.33,11.2,opus,1.303,4.244937,4.571187,4.501854,6.210458,1.965521,1.639271,1,,1.379583,0.709,1.04,0.670583,0.339583,19.51,0.0005,0.02804,last_burst,no_whisper_set;fp_out_of_range;speech_before_set
185,20.0,commentary,4cUfAmsTnLo@475.15,helena_set_excl_r3_medium.wav,helena,0.92,0.63,8.07,29.42,10.32,aac,,4.893896,5.107396,5.017729,6.801437,1.907542,1.694042,1,,6.801167,6.0265,6.167,0.774667,0.634167,18.59,0.03985,8e-05,last_burst,no_whisper_set;fp_out_of_range;set_estimators_disagree;speech_before_set
186,20.0,commentary,i8spi5W5Wyc@433.84,helena_set_long_r-3_medium.wav,helena,1.08,0.794,7.18,18.71,8.16,aac,,4.90425,5.396896,5.179667,6.677646,1.773396,1.28075,0,no_speech_burst_before_gun,,,,,,,,,,
187,20.0,commentary,i8spi5W5Wyc@3476.14,david_set_r0_medium.wav,david,0.92,1.061,9.26,24.03,13.35,opus,1.209,4.270313,4.596563,4.527229,6.341771,2.071458,1.745208,1,,5.468125,4.27,4.593,1.198125,0.875125,34.08,0.00304,0.01606,whisper,ok
188,20.0,commentary,i8spi5W5Wyc@3591.32,hortense_set_r3_medium.wav,hortense,1.0,0.447,8.66,19.72,9.0,aac,,5.761875,6.146354,5.998333,7.321562,1.559687,1.175208,1,,7.321458,4.6245,4.73,2.696958,2.591458,29.1,0.11858,0.00073,whisper,set_estimators_disagree
189,20.0,commentary,i8spi5W5Wyc@433.84,hortense_set_excl_r0_medium.wav,hortense,1.0,1.14,0.54,16.83,11.27,opus,,5.992958,6.53425,6.324542,7.768521,1.775562,1.234271,1,,7.76875,5.991,6.511,1.77775,1.25775,36.98,0.00842,0.00012,whisper,speech_in_hold
190,20.0,commentary,4cUfAmsTnLo@475.15,hortense_set_r-3_medium.wav,hortense,1.0,0.637,0.07,21.85,13.66,aac,1.047,5.210396,5.962271,5.666188,6.930354,1.719958,0.968083,0,set_refine_failed,,,,,,,,,,
191,20.0,commentary,pvwL10FELHw@215.64,helena_set_excl_r0_medium.wav,helena,0.92,1.154,11.78,27.41,9.96,aac,,5.054188,5.354896,5.220625,6.908542,1.854354,1.553646,1,,4.0,1.142,1.639,2.858,2.361,39.3,0.00429,0.0,s_onset_burst,no_whisper_set;speech_in_hold
192,10.0,commentary,i8spi5W5Wyc@2969.86,david_set_r0_medium.wav,david,0.92,0.977,10.16,25.5,10.8,opus,,5.861708,6.187958,6.118625,8.297062,2.435354,2.109104,1,,8.296875,7.207,8.093,1.089875,0.203875,25.1,0.00048,0.00044,last_burst,no_whisper_set;speech_before_set
193,10.0,commentary,i8spi5W5Wyc@1936.54,helena_set_long_r3_medium.wav,helena,0.92,0.343,9.05,18.57,13.02,opus,,4.84575,5.05925,4.969583,6.294167,1.448417,1.234917,1,,4.8505,1.911,2.345,2.9395,2.5055,20.29,0.03412,0.00025,last_burst_fallback_prev,no_whisper_set;set_estimators_disagree;speech_in_hold
194,10.0,commentary,u0wI4FtyOtE@189.12,hortense_set_long_r-3_medium.wav,hortense,1.0,1.073,2.3,18.58,8.84,opus,1.063,4.384146,5.135937,4.832917,6.085729,1.701583,0.949792,1,,6.085708,4.531,5.059,1.554708,1.026708,22.8,0.14871,0.0001,whisper,set_estimators_disagree
195,10.0,commentary,i8spi5W5Wyc@3476.14,zira_set_long_r-3_medium.wav,zira,1.0,0.522,3.87,17.73,12.39,opus,,5.222062,5.850771,5.785083,6.508771,1.286708,0.658,1,,6.50875,5.2325,5.637,1.27625,0.87175,31.21,0.0095,0.00012,whisper,speech_in_hold
196,10.0,commentary,i8spi5W5Wyc@2138.07,helena_set_r0_medium.wav,helena,1.0,1.094,0.4,25.91,9.68,aac,1.873,5.103313,5.430042,5.283958,6.468,1.364688,1.037958,1,,6.467917,5.1065,5.453,1.361417,1.014917,34.35,0.0115,4e-05,prev_burst_louder,no_whisper_set;speech_in_hold
197,10.0,commentary,pvwL10FELHw@215.64,helena_set_long_r0_medium.wav,helena,1.08,1.011,11.22,22.76,12.8,opus,,5.475125,5.830063,5.672125,7.447542,1.972417,1.617479,0,set_refine_failed,,,,,,,,,,
198,10.0,commentary,i8spi5W5Wyc@2969.86,david_set_long_r-3_medium.wav,david,1.0,0.573,2.97,22.36,12.68,opus,,4.719375,5.214583,5.0965,6.8385,2.119125,1.623917,1,,6.83825,4.815,5.19,2.02325,1.64825,29.33,0.07746,0.00013,whisper,set_estimators_disagree;speech_before_set
199,10.0,commentary,i8spi5W5Wyc@847.69,hortense_set_r3_medium.wav,hortense,0.92,0.856,8.71,32.43,11.24,opus,,4.199583,4.5535,4.417292,6.576313,2.376729,2.022813,1,,6.574708,4.223,4.515,2.351708,2.059708,21.64,0.01227,0.00065,whisper,speech_in_hold
200,10.0,commentary,3553F-6Q044@99.62,helena_set_excl_r-3_medium.wav,helena,1.0,0.746,2.97,33.02,9.21,aac,,4.194063,4.648292,4.447312,5.68875,1.494687,1.040458,1,,5.684875,4.4035,4.637,1.281375,1.047875,29.85,0.18965,0.00019,last_burst,no_whisper_set;set_estimators_disagree
201,10.0,commentary,3553F-6Q044@99.62,hortense_set_r3_medium.wav,hortense,0.92,1.081,9.29,33.15,9.33,opus,,5.104063,5.457979,5.321771,7.799771,2.695708,2.341792,1,,7.798917,6.677,7.343,1.121917,0.455917,17.26,0.00848,0.00046,last_burst,no_whisper_set;speech_before_set
202,10.0,commentary,pvwL10FELHw@215.64,helena_set_excl_r-3_medium.wav,helena,0.92,0.428,10.55,21.52,14.1,opus,1.24,5.321354,5.739375,5.554625,6.794375,1.473021,1.055,1,,4.0,1.142,1.769,2.858,2.231,41.66,0.25652,0.0,s_onset_burst,no_whisper_set;set_estimators_disagree;speech_in_hold
203,10.0,commentary,i8spi5W5Wyc@2395.68,helena_set_long_r0_medium.wav,helena,1.08,0.823,4.22,19.77,14.78,aac,1.412,5.426875,5.781813,5.623875,7.11925,1.692375,1.337438,1,,7.112333,5.418,5.715,1.694333,1.397333,32.75,0.00233,0.00333,whisper,speech_in_hold
204,5.0,commentary,i8spi5W5Wyc@1936.54,helena_set_r3_medium.wav,helena,1.0,0.597,8.28,34.76,12.15,opus,,5.462229,5.694167,5.596542,7.458042,1.995812,1.763875,1,,7.457792,5.358,5.678,2.099792,1.779792,29.77,0.105,0.0001,last_burst_fallback_prev,no_whisper_set;set_estimators_disagree;speech_before_set;speech_in_hold
205,5.0,commentary,i8spi5W5Wyc@2668.9,helena_set_long_r3_medium.wav,helena,1.08,1.074,2.67,27.52,12.7,opus,1.611,4.457708,4.708312,4.6025,7.098979,2.641271,2.390667,1,,3.360458,1.9235,2.216,1.436958,1.144458,29.39,0.21475,2e-05,last_burst,no_whisper_set;set_estimators_disagree;speech_before_set
206,5.0,commentary,i8spi5W5Wyc@3591.32,helena_set_long_r0_medium.wav,helena,1.0,1.024,4.08,34.91,14.15,opus,,4.723583,5.050313,4.904229,7.340271,2.616687,2.289958,1,,7.3375,4.6245,5.047,2.713,2.2905,34.54,0.08619,0.0015,last_burst,no_whisper_set;set_estimators_disagree
207,5.0,commentary,u0wI4FtyOtE@189.12,hortense_set_r3_medium.wav,hortense,1.0,0.838,11.61,34.49,14.09,opus,1.091,5.663646,6.048125,5.900104,7.575583,1.911938,1.527458,1,,7.574042,3.637,3.907,3.937042,3.667042,18.44,0.046,2e-05,last_burst,no_whisper_set;fp_out_of_range;set_estimators_disagree;speech_in_hold
208,5.0,commentary,4cUfAmsTnLo@175.05,hortense_set_excl_r-3_medium.wav,hortense,0.92,0.848,5.49,34.25,14.49,opus,,5.433083,6.125375,5.853146,7.483396,2.050312,1.358021,1,,7.48325,5.8385,6.081,1.64475,1.40225,14.56,0.1605,0.00012,last_burst,no_whisper_set;set_estimators_disagree;speech_before_set
209,5.0,commentary,4cUfAmsTnLo@175.05,zira_set_excl_r0_medium.wav,zira,1.0,1.183,0.7,27.9,9.19,aac,,4.913708,5.372042,5.328917,6.694833,1.781125,1.322792,1,,6.694833,4.9915,5.421,1.703333,1.273833,19.92,0.0585,6e-05,last_burst_fallback_prev,no_whisper_set;set_estimators_disagree;speech_before_set;speech_in_hold
210,5.0,commentary,3-YOXm6_yVI@247.43,david_set_r-3_medium.wav,david,1.08,0.717,0.01,15.41,8.92,opus,1.107,4.861792,5.396625,5.269125,6.341437,1.479646,0.944813,1,,3.430125,1.526,1.918,1.904125,1.512125,32.3,0.41885,0.00156,s_onset_burst_fallback_prev,no_whisper_set;set_estimators_disagree;speech_in_hold
211,5.0,commentary,i8spi5W5Wyc@433.84,helena_set_long_r3_medium.wav,helena,0.92,0.903,9.49,25.64,14.63,opus,,5.712958,5.926458,5.836792,8.405021,2.692063,2.478562,1,,8.404958,7.256,7.427,1.148958,0.977958,11.81,,0.0,last_burst,no_whisper_set;low_snr_set
212,5.0,commentary,i8spi5W5Wyc@108.55,david_set_r3_medium.wav,david,1.0,0.389,11.15,23.46,8.84,opus,,4.696854,4.936708,4.890146,6.400604,1.70375,1.463896,1,,6.400292,5.6845,,0.715792,,20.18,0.08842,0.00015,last_burst,no_whisper_set;fp_out_of_range;set_estimators_disagree;no_offset
213,5.0,commentary,4cUfAmsTnLo@475.15,david_set_long_r-3_medium.wav,david,0.92,1.14,1.1,19.75,8.2,opus,,5.16975,5.625333,5.516667,7.237687,2.067938,1.612354,1,,7.237792,5.185,5.681,2.052792,1.556792,32.37,0.034,0.00015,whisper,set_estimators_disagree;speech_before_set
214,5.0,commentary,8lkzDBDUzD0@107.41,zira_set_r3_medium.wav,zira,1.08,0.476,10.21,28.2,11.5,aac,,5.124896,5.478417,5.356,7.167083,2.042187,1.688667,1,,7.166833,5.244,5.352,1.922833,1.814833,12.16,0.05069,8e-05,last_burst,no_whisper_set;set_estimators_disagree;speech_before_set
215,5.0,commentary,i8spi5W5Wyc@3476.14,helena_set_excl_r-3_medium.wav,helena,1.08,0.874,1.67,15.33,12.5,aac,,5.327708,5.820354,5.603125,7.460896,2.133188,1.640542,1,,7.460833,5.334,5.654,2.126833,1.806833,29.2,0.006,8e-05,last_burst,no_whisper_set
216,0.0,commentary,i8spi5W5Wyc@2668.9,helena_set_excl_r0_medium.wav,helena,1.08,0.801,11.98,28.0,10.31,opus,1.007,4.911396,5.266333,5.108396,6.379896,1.4685,1.113563,1,,6.379625,4.007,4.313,2.372625,2.066625,14.68,0.05017,6e-05,last_burst_fallback_prev,no_whisper_set;set_estimators_disagree;speech_before_set;speech_in_hold
217,0.0,commentary,3-YOXm6_yVI@247.43,david_set_r3_medium.wav,david,1.0,0.704,3.62,30.92,13.72,opus,1.672,5.143646,5.3835,5.336938,7.772854,2.629208,2.389354,1,,7.772375,6.34,6.847,1.432375,0.925375,15.49,0.00348,6e-05,last_burst,no_whisper_set;speech_before_set;speech_in_hold
218,0.0,commentary,i8spi5W5Wyc@1747.44,helena_set_long_r-3_medium.wav,helena,0.92,0.612,0.36,28.82,9.2,aac,,4.735771,5.153792,4.969042,6.878667,2.142896,1.724875,1,,6.878083,4.6095,5.135,2.268583,1.743083,24.18,0.09902,4e-05,s_onset_burst_fallback_prev,no_whisper_set;set_estimators_disagree;speech_in_hold
219,0.0,commentary,i8spi5W5Wyc@1747.44,helena_set_excl_r-3_medium.wav,helena,1.0,0.782,0.01,27.13,11.23,opus,1.03,4.361042,4.815271,4.614292,5.670833,1.309792,0.855563,0,no_candidate,,,,,,,,,,
220,0.0,commentary,i8spi5W5Wyc@847.69,zira_set_excl_r0_medium.wav,zira,1.0,0.736,9.18,19.08,13.51,opus,1.868,5.940417,6.39875,6.355625,8.201833,2.261417,1.803083,1,,8.201792,5.923,6.378,2.278792,1.823792,16.57,0.16667,8e-05,last_burst,no_whisper_set;set_estimators_disagree;speech_before_set
221,0.0,commentary,3553F-6Q044@99.62,david_set_excl_r0_medium.wav,david,1.0,0.702,1.22,23.4,12.95,aac,1.252,5.951021,6.298771,6.231,7.408271,1.45725,1.1095,1,,7.408167,6.4995,,0.908667,,15.07,0.1785,8e-05,last_burst,no_whisper_set;set_estimators_disagree;no_offset
222,0.0,commentary,pvwL10FELHw@215.64,helena_set_long_r0_medium.wav,helena,1.08,0.767,8.27,22.32,14.13,opus,,4.161875,4.516813,4.358875,5.571417,1.409542,1.054604,1,,5.571167,4.1375,4.563,1.433667,1.008167,31.34,0.13702,8e-05,last_burst,no_whisper_set;set_estimators_disagree
223,0.0,commentary,pvwL10FELHw@215.64,helena_set_r0_medium.wav,helena,1.0,0.471,6.92,27.35,11.91,aac,,4.893562,5.220292,5.074208,6.515333,1.621771,1.295042,1,,4.0,1.142,1.639,2.858,2.361,39.19,0.00429,0.0,s_onset_burst,no_whisper_set;speech_in_hold
224,0.0,commentary,i8spi5W5Wyc@1747.44,zira_set_long_r-3_medium.wav,zira,1.0,0.926,7.09,15.22,13.81,opus,,4.017083,4.645792,4.580104,6.541875,2.524792,1.896083,1,,6.541875,5.442,5.51,1.099875,1.031875,12.7,0.00029,6e-05,s_onset_burst,no_whisper_set;speech_before_set;speech_in_hold
225,0.0,commentary,i8spi5W5Wyc@3476.14,hortense_set_long_r0_medium.wav,hortense,0.92,0.831,7.2,19.77,13.58,opus,,5.408729,5.907312,5.70925,7.100229,1.6915,1.192917,1,,7.100292,5.675,5.865,1.425292,1.235292,29.12,0.23794,0.00015,last_burst,no_whisper_set;set_estimators_disagree
226,0.0,commentary,i8spi5W5Wyc@2138.07,helena_set_long_r-3_medium.wav,helena,0.92,0.304,8.58,15.48,12.55,opus,,5.038437,5.456458,5.271708,7.651167,2.612729,2.194708,1,,7.651208,6.068,6.484,1.583208,1.167208,11.7,0.00023,0.0001,last_burst,no_whisper_set;low_snr_set;speech_before_set
227,0.0,commentary,8lkzDBDUzD0@107.41,helena_set_long_r-3_medium.wav,helena,1.08,0.356,3.81,30.53,9.54,aac,,4.528604,5.02125,4.804021,6.812104,2.2835,1.790854,1,,6.812,5.462,5.654,1.35,1.158,25.31,0.207,0.00075,last_burst,no_whisper_set;set_estimators_disagree;speech_before_set
228,-5.0,commentary,i8spi5W5Wyc@2668.9,hortense_set_long_r0_medium.wav,hortense,0.92,0.854,7.9,23.81,9.46,opus,,5.114146,5.612729,5.414667,7.110375,1.996229,1.497646,1,,3.360458,1.752,2.162,1.608458,1.198458,17.14,0.09817,2e-05,last_burst,no_whisper_set;set_estimators_disagree
229,-5.0,commentary,i8spi5W5Wyc@1096.55,zira_set_r3_medium.wav,zira,1.0,0.632,3.5,32.52,9.19,opus,1.301,4.520396,4.847729,4.742021,6.702813,2.182417,1.855083,1,,6.70225,4.797,5.115,1.90525,1.58725,13.68,0.0,0.00013,s_onset_burst,no_whisper_set;speech_before_set;speech_in_hold
230,-5.0,commentary,i8spi5W5Wyc@3591.32,helena_set_long_r0_medium.wav,helena,0.92,0.383,6.98,24.83,11.02,opus,,4.340708,4.641417,4.507146,6.719708,2.379,2.078292,1,,6.719583,4.226,4.753,2.493583,1.966583,30.45,0.06623,4e-05,last_burst,no_whisper_set;set_estimators_disagree
231,-5.0,commentary,i8spi5W5Wyc@1516.08,david_set_r3_medium.wav,david,0.92,0.839,0.11,19.71,14.87,opus,,5.968917,6.189583,6.146813,7.290521,1.321604,1.100937,1,,7.290542,5.5945,5.735,1.696042,1.555542,19.58,0.03281,2e-05,s_onset_burst,no_whisper_set;set_estimators_disagree;speech_in_hold
232,-5.0,commentary,i8spi5W5Wyc@1936.54,david_set_excl_r3_medium.wav,david,0.92,0.449,3.65,18.69,10.28,opus,,5.032,5.253375,5.210063,6.760083,1.728083,1.506708,1,,6.76,5.976,6.056,0.784,0.704,14.62,0.06463,0.00175,last_burst,no_whisper_set;fp_out_of_range;set_estimators_disagree;speech_before_set
233,-5.0,commentary,pvwL10FELHw@215.64,hortense_set_r3_medium.wav,hortense,0.92,0.517,1.51,18.29,14.31,opus,1.493,5.785771,6.139687,6.003479,8.243125,2.457354,2.103438,1,,4.0,1.8645,2.716,2.1355,1.284,37.58,0.3055,0.0,last_burst,no_whisper_set;set_estimators_disagree;speech_before_set
234,-5.0,commentary,i8spi5W5Wyc@2969.86,david_set_r-3_medium.wav,david,1.08,0.509,10.08,17.85,12.56,opus,1.033,5.001313,5.536146,5.408646,7.263562,2.26225,1.727417,1,,6.170833,5.048,5.991,1.122833,0.179833,26.49,0.021,8e-05,last_burst,no_whisper_set;set_estimators_disagree
235,-5.0,commentary,pVKEBJPFssc@223.32,zira_set_r-3_medium.wav,zira,1.08,0.302,11.86,23.35,12.65,aac,1.377,5.801437,6.480313,6.409438,8.489292,2.687854,2.008979,1,,6.936167,4.355,4.94,2.581167,1.996167,11.8,0.00171,0.00017,whisper,low_snr_set;speech_before_set;speech_in_hold
236,-5.0,commentary,4cUfAmsTnLo@175.05,zira_set_excl_r3_medium.wav,zira,1.08,0.659,4.55,34.21,10.08,opus,1.265,5.886021,6.239542,6.117125,7.112917,1.226896,0.873375,0,set_refine_failed,,,,,,,,,,
237,-5.0,commentary,4cUfAmsTnLo@475.15,helena_set_r0_medium.wav,helena,1.0,0.772,2.78,19.37,12.23,opus,,5.609021,5.93575,5.789667,7.838063,2.229042,1.902313,1,,7.838375,6.025,6.167,1.813375,1.671375,12.74,0.03035,0.00019,last_burst,no_whisper_set;set_estimators_disagree
238,-5.0,commentary,3-YOXm6_yVI@247.43,helena_set_excl_r-3_medium.wav,helena,1.08,0.472,8.72,18.93,10.45,opus,2.0,5.276417,5.769063,5.551833,6.721625,1.445208,0.952562,1,,6.72125,6.056,6.233,0.66525,0.48825,22.78,0.00377,0.00013,last_burst,no_whisper_set;fp_out_of_range;speech_before_set
239,-5.0,commentary,u0wI4FtyOtE@189.12,helena_set_r0_medium.wav,helena,0.92,0.489,3.07,17.09,9.71,opus,,4.296312,4.597021,4.46275,6.725042,2.428729,2.128021,1,,6.725208,3.637,3.907,3.088208,2.818208,18.28,0.046,0.0001,s_onset_burst,no_whisper_set;set_estimators_disagree;speech_in_hold
