video_id,race_id,attempt,attempt_status,t_gun_hint,fail,t_gun,t_set_on,t_set_off,fp_on_s,fp_off_s,unc_on_s,unc_off_s,set_snr_db,gun_rise_db,set_spread_s,gun_spread_s,start_score,burst_choice,qc_flag,set_estimators,gun_estimators
i8spi5W5Wyc,WCH2025-100m-M-R1-H1,1,valid,183.55,,183.5481,181.4935,181.852,2.0546,1.6961,0.1334,0.1402,23.47,53.29,0.1228,0.0,68.48,last_burst,no_whisper_set;set_estimators_disagree;speech_before_set,"{""bb_thr10"": 181.616, ""bb_thr6"": 181.616, ""hf_aic"": 181.3704, ""hf_thr10"": 181.371, ""hf_thr6"": 181.371}","{""bb_thr"": 183.5435, ""hf_aic"": 183.5481, ""hf_thr"": 183.548}"
i8spi5W5Wyc,WCH2025-100m-M-R1-H2,1,valid,508.84,,508.8434,506.856,507.207,1.9874,1.6364,0.0133,0.1258,37.16,53.46,0.002,0.0004,71.67,whisper,ok,"{""bb_thr10"": 506.858, ""bb_thr6"": 506.858, ""hf_aic"": 506.8579, ""hf_thr10"": 506.854, ""hf_thr6"": 506.854}","{""bb_thr"": 508.842, ""hf_aic"": 508.8434, ""hf_thr"": 508.8425}"
i8spi5W5Wyc,WCH2025-100m-M-R1-H3,1,valid,922.69,,922.6867,920.468,920.807,2.2187,1.8797,0.0585,0.1258,45.79,51.82,0.057,0.0001,57.51,last_burst,no_whisper_set;set_estimators_disagree;speech_before_set;speech_in_hold,"{""bb_thr10"": 920.525, ""bb_thr6"": 920.525, ""hf_aic"": 920.4115, ""hf_thr10"": 920.411, ""hf_thr6"": 920.411}","{""bb_thr"": 922.6855, ""hf_aic"": 922.6867, ""hf_thr"": 922.6865}"
i8spi5W5Wyc,WCH2025-100m-M-R1-H4,1,valid,1171.55,,1171.5514,1169.2475,1169.65,2.3039,1.9014,0.0181,0.1258,38.73,54.2,0.0125,0.001,71.09,whisper,ok,"{""bb_thr10"": 1169.255, ""bb_thr6"": 1169.255, ""hf_aic"": 1169.265, ""hf_thr10"": 1169.24, ""hf_thr6"": 1169.24}","{""bb_thr"": 1171.547, ""hf_aic"": 1171.5514, ""hf_thr"": 1171.5495}"
i8spi5W5Wyc,WCH2025-100m-M-R1-H5,1,valid,1591.08,,1591.0778,1588.909,1589.345,2.1688,1.7328,0.0133,0.1258,43.33,50.63,0.002,0.0004,57.57,whisper,ok,"{""bb_thr10"": 1588.911, ""bb_thr6"": 1588.911, ""hf_aic"": 1588.909, ""hf_thr10"": 1588.907, ""hf_thr6"": 1588.907}","{""bb_thr"": 1591.0755, ""hf_aic"": 1591.0778, ""hf_thr"": 1591.077}"
i8spi5W5Wyc,WCH2025-100m-M-R1-H6,1,recalled,1822.44,,1822.4418,1820.3705,1820.73,2.0713,1.7118,0.0142,0.1258,40.14,51.66,0.0055,0.0004,62.57,last_burst,no_whisper_set,"{""bb_thr10"": 1820.376, ""bb_thr6"": 1820.376, ""hf_aic"": 1820.3735, ""hf_thr10"": 1820.365, ""hf_thr6"": 1820.365}","{""bb_thr"": 1822.4425, ""hf_aic"": 1822.4418, ""hf_thr"": 1822.441}"
i8spi5W5Wyc,WCH2025-100m-M-R1-H6,2,valid,2011.54,,2011.5453,2009.0955,2009.545,2.4498,2.0003,0.0141,0.1258,37.92,51.54,0.0052,0.0001,65.32,whisper,speech_in_hold,"{""bb_thr10"": 2009.095, ""bb_thr6"": 2009.095, ""hf_aic"": 2009.1054, ""hf_thr10"": 2009.096, ""hf_thr6"": 2009.096}","{""bb_thr"": 2011.5445, ""hf_aic"": 2011.5453, ""hf_thr"": 2011.545}"
i8spi5W5Wyc,WCH2025-100m-M-R1-H7,1,valid,2213.07,,2213.0742,2211.5505,2211.74,1.5238,1.3343,0.0719,0.1402,28.49,51.43,0.0495,0.0001,61.51,last_burst,no_whisper_set;set_estimators_disagree;speech_before_set,"{""bb_thr10"": 2211.501, ""bb_thr6"": 2211.501, ""hf_aic"": 2211.5919, ""hf_thr10"": 2211.6, ""hf_thr6"": 2211.6}","{""bb_thr"": 2213.075, ""hf_aic"": 2213.0742, ""hf_thr"": 2213.074}"
i8spi5W5Wyc,WCH2025-100m-M-SF-H1,1,valid,2470.68,,2470.6817,2468.575,2468.904,2.1067,1.7777,0.0291,0.1258,47.18,57.29,0.0259,0.0001,71.18,last_burst,no_whisper_set;set_estimators_disagree,"{""bb_thr10"": 2468.578, ""bb_thr6"": 2468.578, ""hf_aic"": 2468.6238, ""hf_thr10"": 2468.572, ""hf_thr6"": 2468.572}","{""bb_thr"": 2470.682, ""hf_aic"": 2470.6817, ""hf_thr"": 2470.6815}"
i8spi5W5Wyc,WCH2025-100m-M-SF-H2,1,valid,2743.9,,2743.8975,2741.775,2742.176,2.1226,1.7216,0.0135,0.1258,42.27,52.96,0.0031,0.001,65.66,whisper,ok,"{""bb_thr10"": 2741.778, ""bb_thr6"": 2741.778, ""hf_aic"": 2741.7782, ""hf_thr10"": 2741.772, ""hf_thr6"": 2741.772}","{""bb_thr"": 2743.898, ""hf_aic"": 2743.8975, ""hf_thr"": 2743.8955}"
i8spi5W5Wyc,WCH2025-100m-M-SF-H3,1,recalled,3044.86,,3044.859,3042.5925,3042.811,2.2665,2.048,0.0748,0.1258,45.0,56.16,0.0736,0.0007,70.03,last_burst,no_whisper_set;set_estimators_disagree,"{""bb_thr10"": 3042.647, ""bb_thr6"": 3042.647, ""hf_aic"": 3042.6852, ""hf_thr10"": 3042.538, ""hf_thr6"": 3042.538}","{""bb_thr"": 3044.859, ""hf_aic"": 3044.859, ""hf_thr"": 3044.8575}"
i8spi5W5Wyc,WCH2025-100m-M-SF-H3,2,valid,3187.94,,3187.9374,3185.2195,3185.55,2.7179,2.3874,0.0243,0.1258,45.41,58.26,0.0205,0.0002,70.84,last_burst,no_whisper_set;set_estimators_disagree,"{""bb_thr10"": 3185.235, ""bb_thr6"": 3185.235, ""hf_aic"": 3185.245, ""hf_thr10"": 3185.204, ""hf_thr6"": 3185.204}","{""bb_thr"": 3187.9375, ""hf_aic"": 3187.9374, ""hf_thr"": 3187.937}"
i8spi5W5Wyc,WCH2025-100m-M-F-H1,1,recalled,3551.14,,3551.1402,3548.6785,3549.074,2.4617,2.0662,0.172,0.1272,31.87,50.93,0.1705,0.0189,59.64,last_burst,no_whisper_set;set_estimators_disagree;speech_before_set,"{""bb_thr10"": 3548.849, ""bb_thr6"": 3548.849, ""hf_aic"": 3548.5082, ""hf_thr10"": 3548.508, ""hf_thr6"": 3548.508}","{""bb_thr"": 3551.1385, ""hf_aic"": 3551.1402, ""hf_thr"": 3551.1025}"
i8spi5W5Wyc,WCH2025-100m-M-F-H1,2,valid,3666.32,,3666.3244,3664.018,3664.244,2.3064,2.0804,0.0976,0.1402,22.16,54.11,0.0826,0.0002,68.01,whisper,set_estimators_disagree;speech_before_set,"{""bb_thr10"": 3664.083, ""bb_thr6"": 3664.083, ""hf_aic"": 3663.9178, ""hf_thr10"": 3663.953, ""hf_thr6"": 3663.953}","{""bb_thr"": 3666.3245, ""hf_aic"": 3666.3244, ""hf_thr"": 3666.324}"
3-YOXm6_yVI,WCH2023-100m-W-F-H1,1,valid,322.43,,322.4269,320.297,320.676,2.1299,1.7509,0.0137,0.1258,46.97,50.09,0.004,0.0002,62.6,whisper,ok,"{""bb_thr10"": 320.301, ""bb_thr6"": 320.301, ""hf_aic"": 320.2972, ""hf_thr10"": 320.293, ""hf_thr6"": 320.293}","{""bb_thr"": 322.4285, ""hf_aic"": 322.4269, ""hf_thr"": 322.4265}"
u0wI4FtyOtE,WCH2023-100m-M-F-H1,1,valid,264.12,,264.1246,262.1475,262.564,1.9772,1.5607,0.0134,0.1258,41.64,44.73,0.0025,0.0001,57.33,whisper,ok,"{""bb_thr10"": 262.15, ""bb_thr6"": 262.15, ""hf_aic"": 262.1463, ""hf_thr10"": 262.145, ""hf_thr6"": 262.145}","{""bb_thr"": 264.1255, ""hf_aic"": 264.1246, ""hf_thr"": 264.1245}"
pvwL10FELHw,WCH2023-100mH-W-F-H1,1,valid,290.64,,290.635,288.629,288.998,2.006,1.637,0.0162,0.1258,46.15,47.9,0.0095,0.0002,64.43,whisper,ok,"{""bb_thr10"": 288.627, ""bb_thr6"": 288.627, ""hf_aic"": 288.646, ""hf_thr10"": 288.631, ""hf_thr6"": 288.631}","{""bb_thr"": 290.6355, ""hf_aic"": 290.635, ""hf_thr"": 290.6345}"
pVKEBJPFssc,WCH2023-110mH-M-F-H1,1,valid,298.32,,298.3199,296.1315,296.543,2.1884,1.7769,0.0162,0.1258,40.66,48.28,0.0095,0.001,52.12,whisper,speech_in_hold,"{""bb_thr10"": 296.141, ""bb_thr6"": 296.141, ""hf_aic"": 296.1313, ""hf_thr10"": 296.122, ""hf_thr6"": 296.122}","{""bb_thr"": 298.3205, ""hf_aic"": 298.3199, ""hf_thr"": 298.318}"
3553F-6Q044,WCH2022-100m-W-F-H1,1,valid,174.62,,174.6231,172.859,173.282,1.7641,1.3411,0.0592,0.1402,20.48,43.76,0.0281,0.0,56.82,last_burst,no_whisper_set;set_estimators_disagree,"{""bb_thr10"": 172.836, ""bb_thr6"": 172.836, ""hf_aic"": 172.8921, ""hf_thr10"": 172.882, ""hf_thr6"": 172.882}","{""bb_thr"": 174.623, ""hf_aic"": 174.6231, ""hf_thr"": 174.623}"
8lkzDBDUzD0,WCH2022-100mH-W-F-H1,1,valid,182.41,,182.4064,180.7385,181.163,1.6679,1.2434,0.0633,0.1402,28.8,37.01,0.036,0.0002,53.29,prev_burst_louder,no_whisper_set;set_estimators_disagree;speech_in_hold,"{""bb_thr10"": 180.77, ""bb_thr6"": 180.77, ""hf_aic"": 180.779, ""hf_thr10"": 180.707, ""hf_thr6"": 180.707}","{""bb_thr"": 182.4075, ""hf_aic"": 182.4064, ""hf_thr"": 182.406}"
4cUfAmsTnLo,WCH2022-110mH-M-F-H1,1,recalled,250.05,,250.0475,248.067,248.588,1.9805,1.4595,0.0523,0.1402,23.2,41.75,0.0044,0.0,57.18,whisper,ok,"{""bb_thr10"": 248.071, ""bb_thr6"": 248.071, ""hf_aic"": 248.0717, ""hf_thr10"": 248.063, ""hf_thr6"": 248.063}","{""bb_thr"": 250.048, ""hf_aic"": 250.0475, ""hf_thr"": 250.0475}"
4cUfAmsTnLo,WCH2022-110mH-M-F-H1,2,valid,550.15,,550.1476,548.108,548.611,2.0396,1.5366,0.057,0.1402,24.89,43.49,0.023,0.0006,53.51,last_burst,no_whisper_set;set_estimators_disagree,"{""bb_thr10"": 548.131, ""bb_thr6"": 548.131, ""hf_aic"": 548.128, ""hf_thr10"": 548.085, ""hf_thr6"": 548.085}","{""bb_thr"": 550.148, ""hf_aic"": 550.1476, ""hf_thr"": 550.1465}"
2McuUM2729o,WCH2025-100m-W-R1-H1,1,valid,139.295,,139.3069,136.7765,137.14,2.5304,2.1669,0.0203,0.1263,38.39,45.77,0.0109,0.0109,65.65,whisper,ok,"{""bb_thr10"": 136.773, ""bb_thr6"": 136.773, ""hf_aic"": 136.7948, ""hf_thr10"": 136.78, ""hf_thr6"": 136.78}","{""bb_thr"": 139.286, ""hf_aic"": 139.3069, ""hf_thr"": 139.285}"
2McuUM2729o,WCH2025-100m-W-R1-H2,1,valid,366.5,,366.5164,364.3055,364.703,2.2109,1.8134,0.0173,0.1263,32.28,45.89,0.0035,0.0107,66.38,whisper,ok,"{""bb_thr10"": 364.309, ""bb_thr6"": 364.309, ""hf_aic"": 364.3079, ""hf_thr10"": 364.302, ""hf_thr6"": 364.302}","{""bb_thr"": 366.496, ""hf_aic"": 366.5164, ""hf_thr"": 366.495}"
2McuUM2729o,WCH2025-100m-W-R1-H3,1,valid,614.63,,614.6422,612.3785,612.755,2.2637,1.8872,0.0319,0.1262,33.4,44.17,0.0273,0.0101,66.16,whisper,set_estimators_disagree,"{""bb_thr10"": 612.355, ""bb_thr6"": 612.355, ""hf_aic"": 612.4095, ""hf_thr10"": 612.402, ""hf_thr6"": 612.402}","{""bb_thr"": 614.637, ""hf_aic"": 614.6422, ""hf_thr"": 614.622}"
2McuUM2729o,WCH2025-100m-W-R1-H5,1,valid,1135.245,,1135.2607,1132.79,1133.395,2.4707,1.8658,0.0928,0.1406,29.91,44.17,0.076,0.0109,54.87,last_burst,no_whisper_set;set_estimators_disagree;speech_before_set,"{""bb_thr10"": 1132.866, ""bb_thr6"": 1132.866, ""hf_aic"": 1132.723, ""hf_thr10"": 1132.714, ""hf_thr6"": 1132.714}","{""bb_thr"": 1135.2405, ""hf_aic"": 1135.2607, ""hf_thr"": 1135.239}"
2McuUM2729o,WCH2025-100m-W-R1-H6,1,valid,1423.815,,1423.8291,1421.326,1422.141,2.5031,1.6881,0.1468,0.1502,16.21,40.31,0.075,0.011,59.25,whisper,set_estimators_disagree,"{""bb_thr10"": 1421.401, ""bb_thr6"": 1421.401, ""hf_aic"": 1421.2849, ""hf_thr10"": 1421.251, ""hf_thr6"": 1421.251}","{""bb_thr"": 1423.8235, ""hf_aic"": 1423.8291, ""hf_thr"": 1423.807}"
2McuUM2729o,WCH2025-100m-W-R1-H7,1,valid,1665.4,,1665.4115,1662.844,1663.218,2.5675,2.1935,0.0165,0.1258,39.01,49.01,0.01,0.0002,64.53,whisper,ok,"{""bb_thr10"": 1662.854, ""bb_thr6"": 1662.854, ""hf_aic"": 1662.8532, ""hf_thr10"": 1662.834, ""hf_thr6"": 1662.834}","{""bb_thr"": 1665.4115, ""hf_aic"": 1665.4115, ""hf_thr"": 1665.411}"
2McuUM2729o,WCH2025-100m-W-SF-H1,1,recalled,2008.705,,2008.7093,2006.1015,2006.31,2.6077,2.3993,0.1641,0.1498,17.81,41.73,0.1055,0.0026,54.54,last_burst,no_whisper_set;set_estimators_disagree,"{""bb_thr10"": 2006.008, ""bb_thr6"": 2006.008, ""hf_aic"": 2006.2189, ""hf_thr10"": 2006.195, ""hf_thr6"": 2006.195}","{""bb_thr"": 2008.7085, ""hf_aic"": 2008.7093, ""hf_thr"": 2008.704}"
2McuUM2729o,WCH2025-100m-W-SF-H1,2,valid,2119.39,,2119.3806,2117.351,2117.454,2.0296,1.9266,0.0522,0.1402,29.53,41.6,0.0,0.0021,48.92,last_burst,no_whisper_set;speech_before_set,"{""hf_aic"": 2117.351, ""hf_thr10"": 2117.351, ""hf_thr6"": 2117.351}","{""bb_thr"": 2119.3815, ""hf_aic"": 2119.3806, ""hf_thr"": 2119.3765}"
2McuUM2729o,WCH2025-100m-W-SF-H2,1,valid,2355.185,,2355.1837,2352.6205,2353.209,2.5632,1.9747,0.0895,0.1258,40.96,54.37,0.0885,0.0001,58.46,last_burst,no_whisper_set;set_estimators_disagree;speech_before_set,"{""bb_thr10"": 2352.709, ""bb_thr6"": 2352.709, ""hf_aic"": 2352.5329, ""hf_thr10"": 2352.532, ""hf_thr6"": 2352.532}","{""bb_thr"": 2355.184, ""hf_aic"": 2355.1837, ""hf_thr"": 2355.1835}"
2McuUM2729o,WCH2025-100m-W-SF-H3,1,valid,2597.555,,2597.5543,2595.24,2595.493,2.3143,2.0613,0.1261,0.1498,19.03,53.86,0.0104,0.0002,68.6,last_burst,no_whisper_set;speech_before_set,"{""hf_aic"": 2595.2192, ""hf_thr10"": 2595.24, ""hf_thr6"": 2595.24}","{""bb_thr"": 2597.5545, ""hf_aic"": 2597.5543, ""hf_thr"": 2597.554}"
a2R6qxmIfYU,WCH2025-100mH-W-R1-H1,1,valid,135.69,,135.7033,133.5545,134.261,2.1488,1.4423,0.1555,0.1402,23.61,47.63,0.1465,0.0001,56.49,last_burst_fallback_prev,no_whisper_set;set_estimators_disagree;speech_before_set;speech_in_hold,"{""bb_thr10"": 133.408, ""bb_thr6"": 133.408, ""hf_aic"": 133.4085, ""hf_thr10"": 133.701, ""hf_thr6"": 133.701}","{""bb_thr"": 135.7035, ""hf_aic"": 135.7033, ""hf_thr"": 135.7035}"
a2R6qxmIfYU,WCH2025-100mH-W-R1-H2,1,valid,434.35,,434.3485,431.826,432.073,2.5225,2.2755,0.0595,0.1258,37.05,48.27,0.058,0.0,60.8,whisper,set_estimators_disagree,"{""bb_thr10"": 431.884, ""bb_thr6"": 431.884, ""hf_aic"": 431.777, ""hf_thr10"": 431.768, ""hf_thr6"": 431.768}","{""bb_thr"": 434.3465, ""hf_aic"": 434.3485, ""hf_thr"": 434.3485}"
a2R6qxmIfYU,WCH2025-100mH-W-R1-H3,1,valid,854.995,,854.9935,852.462,852.825,2.5315,2.1685,0.0729,0.1402,27.02,48.96,0.051,0.0,61.41,prev_burst_louder,no_whisper_set;set_estimators_disagree;speech_in_hold,"{""bb_thr10"": 852.411, ""bb_thr6"": 852.411, ""hf_aic"": 852.5104, ""hf_thr10"": 852.513, ""hf_thr6"": 852.513}","{""bb_thr"": 854.9935, ""hf_aic"": 854.9935, ""hf_thr"": 854.9935}"
a2R6qxmIfYU,WCH2025-100mH-W-R1-H4,1,valid,1133.19,,1133.2004,1130.9775,1131.203,2.2229,1.9974,0.0137,0.1258,34.28,47.48,0.004,0.0001,57.81,s_onset_burst,no_whisper_set,"{""bb_thr10"": 1130.974, ""bb_thr6"": 1130.974, ""hf_aic"": 1130.982, ""hf_thr10"": 1130.981, ""hf_thr6"": 1130.981}","{""bb_thr"": 1133.2015, ""hf_aic"": 1133.2004, ""hf_thr"": 1133.2005}"
a2R6qxmIfYU,WCH2025-100mH-W-R1-H5,1,valid,1389.27,,1389.2841,1386.717,1387.098,2.5671,2.1861,0.033,0.1258,38.77,49.67,0.0303,0.0001,69.7,last_burst,no_whisper_set;set_estimators_disagree,"{""bb_thr10"": 1386.742, ""bb_thr6"": 1386.742, ""hf_aic"": 1386.7525, ""hf_thr10"": 1386.692, ""hf_thr6"": 1386.692}","{""bb_thr"": 1389.284, ""hf_aic"": 1389.2841, ""hf_thr"": 1389.284}"
a2R6qxmIfYU,WCH2025-100mH-W-R1-H6,1,valid,1663.81,,1663.8215,1661.6415,1662.057,2.18,1.7645,0.0157,0.1258,36.14,45.99,0.0086,0.0,66.42,last_burst,no_whisper_set,"{""bb_thr10"": 1661.642, ""bb_thr6"": 1661.642, ""hf_aic"": 1661.6583, ""hf_thr10"": 1661.641, ""hf_thr6"": 1661.641}","{""bb_thr"": 1663.822, ""hf_aic"": 1663.8215, ""hf_thr"": 1663.8215}"
a2R6qxmIfYU,WCH2025-100mH-W-SF-H1,1,recalled,2033.15,,2033.1902,2030.7755,2031.227,2.4147,1.9632,0.0194,0.1258,45.52,47.61,0.0142,0.0001,57.78,whisper,speech_in_hold,"{""bb_thr10"": 2030.764, ""bb_thr6"": 2030.764, ""hf_aic"": 2030.7924, ""hf_thr10"": 2030.787, ""hf_thr6"": 2030.787}","{""bb_thr"": 2033.189, ""hf_aic"": 2033.1902, ""hf_thr"": 2033.19}"
a2R6qxmIfYU,WCH2025-100mH-W-SF-H1,2,valid,2138.32,,2138.3178,2136.1565,2136.507,2.1613,1.8108,0.0136,0.1258,36.24,51.13,0.0035,0.0001,64.9,whisper,ok,"{""bb_thr10"": 2136.16, ""bb_thr6"": 2136.16, ""hf_aic"": 2136.1566, ""hf_thr10"": 2136.153, ""hf_thr6"": 2136.153}","{""bb_thr"": 2138.318, ""hf_aic"": 2138.3178, ""hf_thr"": 2138.3175}"
a2R6qxmIfYU,WCH2025-100mH-W-SF-H2,1,valid,2385.465,,2385.4655,2383.573,2384.022,1.8925,1.4435,0.0136,0.1258,36.83,45.69,0.0034,0.0,58.2,whisper,ok,"{""bb_thr10"": 2383.576, ""bb_thr6"": 2383.576, ""hf_aic"": 2383.5693, ""hf_thr10"": 2383.57, ""hf_thr6"": 2383.57}","{""bb_thr"": 2385.466, ""hf_aic"": 2385.4655, ""hf_thr"": 2385.4655}"
a2R6qxmIfYU,WCH2025-100mH-W-SF-H3,1,valid,2621.12,,2621.1109,2618.9875,2619.38,2.1235,1.731,0.0162,0.1258,37.6,45.37,0.0095,0.0,53.32,whisper,speech_in_hold,"{""bb_thr10"": 2618.997, ""bb_thr6"": 2618.997, ""hf_aic"": 2618.9923, ""hf_thr10"": 2618.978, ""hf_thr6"": 2618.978}","{""bb_thr"": 2621.111, ""hf_aic"": 2621.1109, ""hf_thr"": 2621.111}"
a2R6qxmIfYU,WCH2025-100mH-W-F-H1,1,valid,2899.275,,2899.2838,2897.104,2897.494,2.1798,1.7898,0.0149,0.1258,40.49,50.33,0.0071,0.0001,55.8,whisper,ok,"{""bb_thr10"": 2897.104, ""bb_thr6"": 2897.104, ""hf_aic"": 2897.1182, ""hf_thr10"": 2897.104, ""hf_thr6"": 2897.104}","{""bb_thr"": 2899.284, ""hf_aic"": 2899.2838, ""hf_thr"": 2899.284}"
dWV-SNRwbZY,WCH2025-110mH-M-R1-H1,1,valid,131.86,,131.8744,129.0905,129.501,2.7839,2.3734,0.0137,0.1258,36.64,46.32,0.0032,0.0024,67.86,whisper,ok,"{""bb_thr10"": 129.088, ""bb_thr6"": 129.088, ""hf_aic"": 129.0944, ""hf_thr10"": 129.093, ""hf_thr6"": 129.093}","{""bb_thr"": 131.86, ""hf_aic"": 131.8744, ""hf_thr"": 131.8695}"
dWV-SNRwbZY,WCH2025-110mH-M-R1-H2,1,valid,399.055,,399.0807,396.753,397.171,2.3277,1.9097,0.019,0.1259,39.53,48.21,0.0132,0.0036,65.62,whisper,speech_in_hold,"{""bb_thr10"": 396.744, ""bb_thr6"": 396.744, ""hf_aic"": 396.7703, ""hf_thr10"": 396.762, ""hf_thr6"": 396.762}","{""bb_thr"": 399.0625, ""hf_aic"": 399.0807, ""hf_thr"": 399.0735}"
dWV-SNRwbZY,WCH2025-110mH-M-R1-H3,1,valid,634.18,,634.1955,631.596,632.039,2.5995,2.1565,0.0198,0.1259,35.75,45.05,0.014,0.0047,59.63,whisper,speech_in_hold,"{""bb_thr10"": 631.582, ""bb_thr6"": 631.582, ""hf_aic"": 631.6099, ""hf_thr10"": 631.61, ""hf_thr6"": 631.61}","{""bb_thr"": 634.1765, ""hf_aic"": 634.1955, ""hf_thr"": 634.186}"
dWV-SNRwbZY,WCH2025-110mH-M-R1-H4,1,valid,882.435,,882.461,880.016,880.456,2.445,2.005,0.017,0.1258,39.96,43.28,0.0107,0.001,59.36,last_burst,no_whisper_set,"{""bb_thr10"": 880.011, ""bb_thr6"": 880.011, ""hf_aic"": 880.0325, ""hf_thr10"": 880.021, ""hf_thr6"": 880.021}","{""bb_thr"": 882.451, ""hf_aic"": 882.461, ""hf_thr"": 882.459}"
dWV-SNRwbZY,WCH2025-110mH-M-R1-H5,1,valid,1111.695,,1111.6973,1109.2485,1109.686,2.4488,2.0113,0.0152,0.1258,40.02,46.47,0.0075,0.0012,62.54,whisper,ok,"{""bb_thr10"": 1109.241, ""bb_thr6"": 1109.241, ""hf_aic"": 1109.256, ""hf_thr10"": 1109.256, ""hf_thr6"": 1109.256}","{""bb_thr"": 1111.6815, ""hf_aic"": 1111.6973, ""hf_thr"": 1111.695}"
dWV-SNRwbZY,WCH2025-110mH-M-SF-H1,1,valid,1434.885,,1434.8743,1432.379,1432.792,2.4953,2.0823,0.0154,0.1258,35.73,48.8,0.008,0.0002,66.67,whisper,ok,"{""bb_thr10"": 1432.387, ""bb_thr6"": 1432.387, ""hf_aic"": 1432.3743, ""hf_thr10"": 1432.371, ""hf_thr6"": 1432.371}","{""bb_thr"": 1434.8745, ""hf_aic"": 1434.8743, ""hf_thr"": 1434.874}"
dWV-SNRwbZY,WCH2025-110mH-M-SF-H2,1,valid,1716.625,,1716.6231,1714.547,1714.85,2.0761,1.7731,0.0258,0.1258,38.26,49.7,0.0222,0.0001,68.24,whisper,set_estimators_disagree,"{""bb_thr10"": 1714.566, ""bb_thr6"": 1714.566, ""hf_aic"": 1714.5723, ""hf_thr10"": 1714.528, ""hf_thr6"": 1714.528}","{""bb_thr"": 1716.6235, ""hf_aic"": 1716.6231, ""hf_thr"": 1716.623}"
dWV-SNRwbZY,WCH2025-110mH-M-SF-H3,1,valid,2009.94,,2009.9654,2007.561,2007.935,2.4044,2.0304,0.0141,0.1258,30.03,46.44,0.005,0.0002,61.28,last_burst,no_whisper_set;speech_before_set,"{""bb_thr10"": 2007.566, ""bb_thr6"": 2007.566, ""hf_aic"": 2007.5565, ""hf_thr10"": 2007.556, ""hf_thr6"": 2007.556}","{""bb_thr"": 2009.9655, ""hf_aic"": 2009.9654, ""hf_thr"": 2009.965}"
dWV-SNRwbZY,WCH2025-110mH-M-F-H1,1,valid,2350.79,,2350.7861,2348.7025,2349.066,2.0836,1.7201,0.0139,0.1258,42.54,51.13,0.0045,0.0,67.94,last_burst,no_whisper_set,"{""bb_thr10"": 2348.707, ""bb_thr6"": 2348.707, ""hf_aic"": 2348.7006, ""hf_thr10"": 2348.698, ""hf_thr6"": 2348.698}","{""bb_thr"": 2350.7865, ""hf_aic"": 2350.7861, ""hf_thr"": 2350.786}"
HH0KCEeVrkY,WCH2019-100m-M-SF-H1,1,valid,410.68,,410.6738,408.7275,409.123,1.9463,1.5508,0.0534,0.1402,24.83,25.61,0.0115,0.0001,30.25,whisper,speech_in_hold,"{""bb_thr10"": 408.739, ""bb_thr6"": 408.739, ""hf_aic"": 408.7233, ""hf_thr10"": 408.716, ""hf_thr6"": 408.716}","{""bb_thr"": 410.6975, ""hf_aic"": 410.6738, ""hf_thr"": 410.674}"
HH0KCEeVrkY,WCH2019-100m-M-SF-H2,1,valid,807.455,,807.4969,805.545,806.211,1.9519,1.2859,0.0659,0.1421,22.54,25.29,0.033,0.0232,28.34,whisper,set_estimators_disagree,"{""bb_thr10"": 805.578, ""bb_thr6"": 805.578, ""hf_aic"": 805.5459, ""hf_thr10"": 805.512, ""hf_thr6"": 805.512}","{""bb_thr"": 807.464, ""hf_aic"": 807.4969, ""hf_thr"": 807.4505}"
HH0KCEeVrkY,WCH2019-100m-M-SF-H3,1,valid,1282.89,,1282.8836,1279.611,1280.339,3.2726,2.5446,0.078,0.1402,27.47,32.67,0.058,0.0,37.06,whisper,set_estimators_disagree;speech_in_hold,"{""bb_thr10"": 1279.669, ""bb_thr6"": 1279.669, ""hf_aic"": 1279.5719, ""hf_thr10"": 1279.553, ""hf_thr6"": 1279.553}","{""bb_thr"": 1282.885, ""hf_aic"": 1282.8836, ""hf_thr"": 1282.8835}"
ozD0PqkTYek,WCH2019-100m-W-SF-H1,1,valid,143.335,,143.3508,141.6255,142.121,1.7253,1.2298,0.1106,0.1402,22.73,36.58,0.0975,0.0004,47.0,last_burst,no_whisper_set;set_estimators_disagree,"{""bb_thr10"": 141.723, ""bb_thr6"": 141.723, ""hf_aic"": 141.5643, ""hf_thr10"": 141.528, ""hf_thr6"": 141.528}","{""bb_thr"": 143.351, ""hf_aic"": 143.3508, ""hf_thr"": 143.35}"
ozD0PqkTYek,WCH2019-100m-W-SF-H2,1,valid,477.175,,477.1904,475.248,475.765,1.9424,1.4254,0.0857,0.1402,21.4,34.13,0.068,0.0002,45.24,whisper,set_estimators_disagree,"{""bb_thr10"": 475.316, ""bb_thr6"": 475.316, ""hf_aic"": 475.2452, ""hf_thr10"": 475.18, ""hf_thr6"": 475.18}","{""bb_thr"": 477.1905, ""hf_aic"": 477.1904, ""hf_thr"": 477.19}"
ozD0PqkTYek,WCH2019-100m-W-SF-H3,1,valid,843.405,,843.4223,841.6505,842.497,1.7718,0.9253,0.055,0.1402,20.8,38.29,0.0175,0.0004,48.83,whisper,ok,"{""bb_thr10"": 841.668, ""bb_thr6"": 841.668, ""hf_aic"": 841.6354, ""hf_thr10"": 841.633, ""hf_thr6"": 841.633}","{""bb_thr"": 843.4225, ""hf_aic"": 843.4223, ""hf_thr"": 843.4215}"
_FaNl21VoJw,WCH2019-100mH-W-SF-H1,1,valid,131.05,,131.0538,128.949,129.287,2.1048,1.7668,0.139,0.1498,14.78,23.39,0.0593,0.0001,31.82,whisper,set_estimators_disagree,"{""bb_thr10"": 129.007, ""bb_thr6"": 129.007, ""hf_aic"": 128.8883, ""hf_thr10"": 128.891, ""hf_thr6"": 128.891}","{""bb_thr"": 131.054, ""hf_aic"": 131.0538, ""hf_thr"": 131.054}"
_FaNl21VoJw,WCH2019-100mH-W-SF-H2,1,valid,420.76,,420.7856,418.7165,419.186,2.0691,1.5996,0.0576,0.1402,23.29,32.77,0.0245,0.0001,41.82,whisper,set_estimators_disagree,"{""bb_thr10"": 418.741, ""bb_thr6"": 418.741, ""hf_aic"": 418.7295, ""hf_thr10"": 418.692, ""hf_thr6"": 418.692}","{""bb_thr"": 420.786, ""hf_aic"": 420.7856, ""hf_thr"": 420.7855}"
_FaNl21VoJw,WCH2019-100mH-W-SF-H3,1,valid,678.72,,678.7198,676.7415,677.218,1.9783,1.5018,0.058,0.1402,22.76,31.01,0.0255,0.0001,40.35,whisper,set_estimators_disagree,"{""bb_thr10"": 676.767, ""bb_thr6"": 676.767, ""hf_aic"": 676.7385, ""hf_thr10"": 676.716, ""hf_thr6"": 676.716}","{""bb_thr"": 678.72, ""hf_aic"": 678.7198, ""hf_thr"": 678.7195}"
VXmgO6sXQ0g,WCH2019-110mH-M-SF-H1,1,recalled,137.51,,137.524,135.558,135.867,1.966,1.657,0.0524,0.1402,25.09,34.87,0.0054,0.0,43.27,whisper,ok,"{""bb_thr10"": 135.561, ""bb_thr6"": 135.561, ""hf_aic"": 135.5657, ""hf_thr10"": 135.555, ""hf_thr6"": 135.555}","{""bb_thr"": 137.5245, ""hf_aic"": 137.524, ""hf_thr"": 137.524}"
VXmgO6sXQ0g,WCH2019-110mH-M-SF-H1,2,valid,302.59,,302.5825,300.6565,301.017,1.926,1.5655,0.0521,0.1402,26.71,37.72,0.0019,0.0003,50.8,whisper,ok,"{""bb_thr10"": 300.656, ""bb_thr6"": 300.656, ""hf_aic"": 300.6598, ""hf_thr10"": 300.657, ""hf_thr6"": 300.657}","{""bb_thr"": 302.5835, ""hf_aic"": 302.5825, ""hf_thr"": 302.582}"
VXmgO6sXQ0g,WCH2019-110mH-M-SF-H2,1,valid,656.83,,656.8449,655.239,655.52,1.6059,1.3249,0.0542,0.1402,24.51,32.69,0.015,0.0002,41.22,whisper,ok,"{""bb_thr10"": 655.254, ""bb_thr6"": 655.254, ""hf_aic"": 655.2464, ""hf_thr10"": 655.224, ""hf_thr6"": 655.224}","{""bb_thr"": 656.8455, ""hf_aic"": 656.8449, ""hf_thr"": 656.8445}"
VXmgO6sXQ0g,WCH2019-110mH-M-SF-H3,1,valid,946.365,,946.3598,944.644,945.036,1.7158,1.3238,0.054,0.1402,24.86,30.93,0.014,0.0002,37.37,whisper,ok,"{""bb_thr10"": 944.658, ""bb_thr6"": 944.658, ""hf_aic"": 944.6425, ""hf_thr10"": 944.63, ""hf_thr6"": 944.63}","{""bb_thr"": 946.3595, ""hf_aic"": 946.3598, ""hf_thr"": 946.3595}"
sdr8LRvAtwI,WCH2019-100m-W-F-H1,1,valid,569.88,,569.8972,567.9175,568.436,1.9797,1.4612,0.0679,0.1402,25.93,39.38,0.0435,0.0011,56.03,whisper,set_estimators_disagree,"{""bb_thr10"": 567.961, ""bb_thr6"": 567.961, ""hf_aic"": 567.9175, ""hf_thr10"": 567.874, ""hf_thr6"": 567.874}","{""bb_thr"": 569.8975, ""hf_aic"": 569.8972, ""hf_thr"": 569.895}"
hMDALOHv1fE,WCH2019-100m-M-F-H1,1,valid,285.685,,285.6993,283.8925,284.271,1.8068,1.4283,0.0666,0.1402,23.09,37.77,0.0415,0.0001,48.93,whisper,set_estimators_disagree,"{""bb_thr10"": 283.934, ""bb_thr6"": 283.934, ""hf_aic"": 283.8612, ""hf_thr10"": 283.851, ""hf_thr6"": 283.851}","{""bb_thr"": 285.6995, ""hf_aic"": 285.6993, ""hf_thr"": 285.699}"
qtibu_VJb9Y,WCH2019-100mH-W-F-H1,1,valid,255.25,,255.2636,253.1345,,2.1291,,0.1177,0.1402,23.45,26.04,0.1055,0.0,32.25,whisper,set_estimators_disagree;no_offset;speech_in_hold,"{""bb_thr10"": 253.24, ""bb_thr6"": 253.24, ""hf_aic"": 253.0458, ""hf_thr10"": 253.029, ""hf_thr6"": 253.029}","{""bb_thr"": 255.264, ""hf_aic"": 255.2636, ""hf_thr"": 255.2635}"
pPyQosEYwwE,WCH2019-110mH-M-F-H1,1,valid,265.705,,265.7089,263.7615,264.052,1.9474,1.6569,0.1257,0.1498,19.8,32.0,0.0022,0.0,47.01,whisper,ok,"{""bb_thr10"": 263.763, ""bb_thr6"": 263.763, ""hf_aic"": 263.7586, ""hf_thr10"": 263.76, ""hf_thr6"": 263.76}","{""bb_thr"": 265.7095, ""hf_aic"": 265.7089, ""hf_thr"": 265.709}"
3S6M0g1VqDc,OG2024-100m-M-R1-H8,1,valid,33.905,,33.903,32.131,32.44,1.772,1.463,0.0521,0.1402,24.61,33.09,0.0,0.0,40.5,last_burst,no_whisper_set;speech_before_set,"{""bb_thr10"": 32.131, ""bb_thr6"": 32.131}","{""bb_thr"": 33.903, ""hf_aic"": 33.903, ""hf_thr"": 33.903}"
owSs5f5bKHo,OG2024-100m-M-R1-H4,1,valid,157.28,,157.3159,155.655,155.828,1.6609,1.4879,0.1258,0.1499,19.73,40.99,0.0,0.0057,57.42,whisper,weak_s_onset,"{""bb_thr10"": 155.655, ""bb_thr6"": 155.655}","{""bb_thr"": 157.3045, ""hf_aic"": 157.3159, ""hf_thr"": 157.3045}"
lr9NwcQnbqQ,OG2024-100m-M-R1-H3,1,valid,155.39,,155.4249,153.498,153.818,1.927,1.607,0.119,0.1402,20.32,43.53,0.107,0.0,53.33,last_burst,no_whisper_set;set_estimators_disagree,"{""bb_thr10"": 153.605, ""bb_thr6"": 153.605, ""hf_aic"": 153.4067, ""hf_thr10"": 153.391, ""hf_thr6"": 153.391}","{""bb_thr"": 155.424, ""hf_aic"": 155.4249, ""hf_thr"": 155.425}"
3b_XDgqQMbo,OG2024-100m-M-SF-H1,1,valid,187.145,,187.1505,185.284,185.763,1.8665,1.3875,0.104,0.126,33.59,36.97,0.1029,0.0077,55.61,last_burst,no_whisper_set;set_estimators_disagree,"{""bb_thr10"": 185.186, ""bb_thr6"": 185.186, ""hf_aic"": 185.3918, ""hf_thr10"": 185.382, ""hf_thr6"": 185.382}","{""bb_thr"": 187.15, ""hf_aic"": 187.1505, ""hf_thr"": 187.135}"
7vs7-kFCp-Q,OG2024-100m-M-SF-H3,1,valid,193.52,,193.5245,190.573,190.697,2.9515,2.8275,0.0721,0.1404,22.68,38.1,0.0493,0.007,58.54,last_burst,no_whisper_set;set_estimators_disagree;speech_before_set,"{""bb_thr10"": 190.622, ""bb_thr6"": 190.622, ""hf_aic"": 190.5234, ""hf_thr10"": 190.524, ""hf_thr6"": 190.524}","{""bb_thr"": 193.524, ""hf_aic"": 193.5245, ""hf_thr"": 193.5105}"
QVJNE9CqlHo,OG2024-100m-W-SF-H2,1,valid,110.01,,110.0186,108.7255,108.84,1.2931,1.1786,0.2052,0.1402,27.25,35.32,0.1985,0.0013,48.47,last_burst,no_whisper_set;set_estimators_disagree;speech_before_set,"{""bb_thr10"": 108.564, ""bb_thr6"": 108.564, ""hf_aic"": 108.4901, ""hf_thr10"": 108.887, ""hf_thr6"": 108.887}","{""bb_thr"": 110.0185, ""hf_aic"": 110.0186, ""hf_thr"": 110.016}"
EW196wLnBfw,OG2024-100m-W-R1-H8,1,valid,181.72,,181.7183,179.413,179.54,2.3053,2.1783,0.0653,0.1258,30.84,30.85,0.064,0.0009,51.17,last_burst,no_whisper_set;set_estimators_disagree;speech_before_set,"{""bb_thr10"": 179.477, ""bb_thr6"": 179.477, ""hf_aic"": 179.3541, ""hf_thr10"": 179.349, ""hf_thr6"": 179.349}","{""bb_thr"": 181.7185, ""hf_aic"": 181.7183, ""hf_thr"": 181.7165}"
Sry4ZZ5hQvE,OG2024-100m-W-R1-H4,1,valid,170.95,,170.9419,168.58,169.233,2.3619,1.7089,0.0144,0.1258,36.39,31.84,0.006,0.0,42.27,last_burst,no_whisper_set,"{""bb_thr10"": 168.586, ""bb_thr6"": 168.586, ""hf_aic"": 168.5826, ""hf_thr10"": 168.574, ""hf_thr6"": 168.574}","{""bb_thr"": 170.941, ""hf_aic"": 170.9419, ""hf_thr"": 170.942}"
WoVmhi6Abys,OG2024-100mH-W-R1-H2,1,valid,219.455,,219.4573,217.7345,218.059,1.7228,1.3983,0.1555,0.1498,14.85,32.73,0.0915,0.0014,53.09,whisper,set_estimators_disagree,"{""bb_thr10"": 217.826, ""bb_thr6"": 217.826, ""hf_aic"": 217.6788, ""hf_thr10"": 217.643, ""hf_thr6"": 217.643}","{""bb_thr"": 219.457, ""hf_aic"": 219.4573, ""hf_thr"": 219.4545}"
vGY3Ccjh6dA,OG2024-100mH-W-R1-H3,1,valid,142.545,,142.5482,140.5245,140.817,2.0238,1.7313,0.0926,0.1402,21.5,30.76,0.0765,0.0001,45.15,whisper,set_estimators_disagree,"{""bb_thr10"": 140.601, ""bb_thr6"": 140.601, ""hf_aic"": 140.4597, ""hf_thr10"": 140.448, ""hf_thr6"": 140.448}","{""bb_thr"": 142.5475, ""hf_aic"": 142.5482, ""hf_thr"": 142.548}"
NtRUqhX24ys,OG2024-100mH-W-SF-H2,1,valid,309.885,,309.8791,307.787,308.088,2.0921,1.7911,0.1613,0.1498,17.53,37.93,0.101,0.0008,54.0,last_burst,no_whisper_set;set_estimators_disagree,"{""bb_thr10"": 307.888, ""bb_thr6"": 307.888, ""hf_aic"": 307.697, ""hf_thr10"": 307.686, ""hf_thr6"": 307.686}","{""bb_thr"": 309.88, ""hf_aic"": 309.8791, ""hf_thr"": 309.8775}"
pTxLVsxXA4Q,OG2024-100mH-W-SF-H3,1,valid,176.48,,176.4939,174.215,174.466,2.2789,2.0279,0.1257,0.1498,18.62,32.67,0.0011,0.0002,56.45,last_burst,no_whisper_set;speech_before_set,"{""hf_aic"": 174.2172, ""hf_thr10"": 174.215, ""hf_thr6"": 174.215}","{""bb_thr"": 176.494, ""hf_aic"": 176.4939, ""hf_thr"": 176.4935}"
uULOjWF5dVM,OG2024-110mH-M-SF-H2,1,valid,238.635,,238.6528,236.816,237.178,1.8368,1.4748,0.1497,0.15,19.56,40.29,0.081,0.0074,58.26,whisper,set_estimators_disagree,"{""bb_thr10"": 236.897, ""bb_thr6"": 236.897, ""hf_aic"": 236.7358, ""hf_thr10"": 236.735, ""hf_thr6"": 236.735}","{""bb_thr"": 238.6465, ""hf_aic"": 238.6528, ""hf_thr"": 238.638}"
dW4GWNAN8Tk,OG2020-110mH-M-SF-H1,1,valid,235.36,,235.3794,233.509,233.751,1.8704,1.6284,0.0522,0.1402,29.15,40.18,0.0021,0.0004,55.01,last_burst,no_whisper_set,"{""bb_thr10"": 233.511, ""bb_thr6"": 233.511, ""hf_aic"": 233.5112, ""hf_thr10"": 233.507, ""hf_thr6"": 233.507}","{""bb_thr"": 235.3795, ""hf_aic"": 235.3794, ""hf_thr"": 235.3785}"
WWNE_TwZ8-Q,OG2020-110mH-M-SF-H2,1,valid,168.745,,168.7345,166.9155,167.087,1.819,1.6475,0.0588,0.1402,20.33,40.97,0.0273,0.0,60.73,last_burst,no_whisper_set;set_estimators_disagree;speech_before_set,"{""bb_thr10"": 166.937, ""bb_thr6"": 166.937, ""hf_aic"": 166.8823, ""hf_thr10"": 166.894, ""hf_thr6"": 166.894}","{""bb_thr"": 168.735, ""hf_aic"": 168.7345, ""hf_thr"": 168.7345}"
7Xnr805bm4E,OG2024-100m-M-F-H1,1,valid,408.37,,408.3729,406.39,,1.9829,,0.1752,0.1498,18.04,37.79,0.1221,0.0002,58.16,whisper,set_estimators_disagree;no_offset,"{""bb_thr6"": 406.601, ""hf_aic"": 406.3568, ""hf_thr10"": 406.39, ""hf_thr6"": 406.39}","{""bb_thr"": 408.3735, ""hf_aic"": 408.3729, ""hf_thr"": 408.3725}"
6a2oHdxxJ-I,OG2024-110mH-M-F-H1,1,valid,248.51,,248.5242,246.322,246.752,2.2022,1.7722,0.0534,0.1404,21.73,55.02,0.0093,0.0069,62.88,whisper,ok,"{""bb_thr10"": 246.331, ""bb_thr6"": 246.331, ""hf_aic"": 246.3124, ""hf_thr10"": 246.313, ""hf_thr6"": 246.313}","{""bb_thr"": 248.511, ""hf_aic"": 248.5242, ""hf_thr"": 248.5105}"
tNsTVJX3oUY,OG2024-100mH-W-F-H1,1,valid,64.405,,64.4093,62.3285,62.778,2.0808,1.6313,0.1482,0.1498,19.26,45.19,0.0785,0.0009,60.93,whisper,set_estimators_disagree,"{""bb_thr10"": 62.407, ""bb_thr6"": 62.407, ""hf_aic"": 62.254, ""hf_thr10"": 62.25, ""hf_thr6"": 62.25}","{""bb_thr"": 64.408, ""hf_aic"": 64.4093, ""hf_thr"": 64.4075}"
LdNWS1b0F0U,OG2024-100m-M-SF-H2,1,valid,203.095,,203.0965,201.978,202.316,1.1185,0.7805,0.0684,0.1259,36.16,37.81,0.067,0.0045,44.04,last_burst,no_whisper_set;set_estimators_disagree;speech_before_set,"{""bb_thr10"": 202.045, ""bb_thr6"": 202.045, ""hf_aic"": 201.914, ""hf_thr10"": 201.911, ""hf_thr6"": 201.911}","{""bb_thr"": 203.087, ""hf_aic"": 203.0965, ""hf_thr"": 203.0875}"
DqrVX1FyW6U,OG2024-100m-W-SF-H1,1,valid,173.87,,173.8968,172.22,172.527,1.6768,1.3698,0.1305,0.15,12.06,26.85,0.0345,0.0067,35.69,last_burst,no_whisper_set;set_estimators_disagree;speech_before_set,"{""hf_aic"": 172.151, ""hf_thr10"": 172.22, ""hf_thr6"": 172.22}","{""bb_thr"": 173.8745, ""hf_aic"": 173.8968, ""hf_thr"": 173.8835}"
lmpJMcO9VjE,OG2024-100mH-W-R1-H1,1,valid,142.17,,142.173,140.1155,140.686,2.0575,1.487,0.0417,0.1258,33.51,30.47,0.0395,0.0028,37.74,last_burst_fallback_prev,no_whisper_set;set_estimators_disagree;speech_in_hold,"{""bb_thr10"": 140.076, ""bb_thr6"": 140.076, ""hf_aic"": 140.0794, ""hf_thr10"": 140.155, ""hf_thr6"": 140.155}","{""bb_thr"": 142.173, ""hf_aic"": 142.173, ""hf_thr"": 142.1785}"
rXChjH2hzFk,OG2020-100m-M-SF-H1,1,recalled,493.23,,493.2632,491.5245,491.873,1.7387,1.3902,0.0816,0.1416,25.33,42.43,0.0595,0.0201,36.07,whisper,set_estimators_disagree,"{""bb_thr10"": 491.575, ""bb_thr6"": 491.575, ""hf_aic"": 491.593, ""hf_thr10"": 491.474, ""hf_thr6"": 491.474}","{""bb_thr"": 493.258, ""hf_aic"": 493.2632, ""hf_thr"": 493.223}"
rXChjH2hzFk,OG2020-100m-M-SF-H1,2,valid,839.08,,839.1135,837.487,837.808,1.6265,1.3055,0.0827,0.1417,26.75,43.64,0.061,0.0203,52.47,whisper,set_estimators_disagree,"{""bb_thr10"": 837.548, ""bb_thr6"": 837.548, ""hf_aic"": 837.4406, ""hf_thr10"": 837.426, ""hf_thr6"": 837.426}","{""bb_thr"": 839.102, ""hf_aic"": 839.1135, ""hf_thr"": 839.073}"
rXChjH2hzFk,OG2020-100m-M-SF-H2,1,valid,1309.115,,1309.149,1307.6875,1307.93,1.4615,1.219,0.0718,0.1418,28.53,43.06,0.0444,0.0215,55.17,whisper,set_estimators_disagree,"{""bb_thr10"": 1307.724, ""bb_thr6"": 1307.724, ""hf_aic"": 1307.7398, ""hf_thr10"": 1307.651, ""hf_thr6"": 1307.651}","{""bb_thr"": 1309.105, ""hf_aic"": 1309.149, ""hf_thr"": 1309.106}"
rXChjH2hzFk,OG2020-100m-M-SF-H3,1,valid,1747.07,,1747.1061,1745.6555,1746.002,1.4506,1.1041,0.111,0.1419,23.0,42.57,0.0955,0.0218,49.77,whisper,set_estimators_disagree,"{""bb_thr10"": 1745.751, ""bb_thr6"": 1745.751, ""hf_aic"": 1745.6485, ""hf_thr10"": 1745.56, ""hf_thr6"": 1745.56}","{""bb_thr"": 1747.106, ""hf_aic"": 1747.1061, ""hf_thr"": 1747.0625}"
SDxS1AB2PUQ,WCH2022-100mH-W-R1-H2,1,valid,54.095,,54.1061,52.539,52.784,1.5671,1.3221,0.0192,0.1258,34.42,48.62,0.014,0.0,63.12,whisper,ok,"{""bb_thr10"": 52.553, ""bb_thr6"": 52.553, ""hf_aic"": 52.5452, ""hf_thr10"": 52.525, ""hf_thr6"": 52.525}","{""bb_thr"": 54.1065, ""hf_aic"": 54.1061, ""hf_thr"": 54.106}"
I0sZ6srUnN4,WCH2022-110mH-M-R1-H2,1,valid,69.42,,69.4596,67.7,67.964,1.7596,1.4956,0.0525,0.1402,27.71,43.3,0.0066,0.0001,52.35,whisper,ok,"{""bb_thr10"": 67.703, ""bb_thr6"": 67.703, ""hf_aic"": 67.7103, ""hf_thr10"": 67.697, ""hf_thr6"": 67.697}","{""bb_thr"": 69.4605, ""hf_aic"": 69.4596, ""hf_thr"": 69.4595}"
L9rcMeWQBgQ,WCH2022-110mH-M-R1-H3,1,valid,94.67,,94.6788,93.127,93.521,1.5518,1.1578,0.0938,0.1402,26.28,33.58,0.078,0.0004,39.15,last_burst,no_whisper_set;set_estimators_disagree;speech_before_set,"{""bb_thr10"": 93.183, ""bb_thr6"": 93.183, ""hf_aic"": 93.0269, ""hf_thr10"": 93.071, ""hf_thr6"": 93.071}","{""bb_thr"": 94.6805, ""hf_aic"": 94.6788, ""hf_thr"": 94.6795}"
k-rqO4ufy8o,WCH2022-100mH-W-SF-H1,1,valid,121.645,,121.6562,120.0815,120.269,1.5747,1.3872,0.0691,0.1402,26.16,44.13,0.0454,0.0001,55.7,last_burst,no_whisper_set;set_estimators_disagree,"{""bb_thr10"": 120.124, ""bb_thr6"": 120.124, ""hf_aic"": 120.1299, ""hf_thr10"": 120.039, ""hf_thr6"": 120.039}","{""bb_thr"": 121.6575, ""hf_aic"": 121.6562, ""hf_thr"": 121.656}"
ryCzpIN37dc,WCH2023-100mH-W-R1-H5,1,valid,263.94,,263.9412,261.6025,262.071,2.3388,1.8702,0.0135,0.1258,42.96,45.72,0.0033,0.0001,59.67,whisper,ok,"{""bb_thr10"": 261.603, ""bb_thr6"": 261.603, ""hf_aic"": 261.6085, ""hf_thr10"": 261.602, ""hf_thr6"": 261.602}","{""bb_thr"": 263.9415, ""hf_aic"": 263.9412, ""hf_thr"": 263.941}"
FgipHHwzKrg,WCH2023-100mH-W-R1-H3,1,valid,164.69,,164.7025,162.543,162.868,2.1595,1.8345,0.0154,0.1258,41.71,48.95,0.008,0.0005,65.84,whisper,ok,"{""bb_thr10"": 162.551, ""bb_thr6"": 162.551, ""hf_aic"": 162.5444, ""hf_thr10"": 162.535, ""hf_thr6"": 162.535}","{""bb_thr"": 164.703, ""hf_aic"": 164.7025, ""hf_thr"": 164.7015}"
nMmKgT46FUc,OG2020-100m-W-SF-H1,1,valid,426.885,,426.8996,425.377,,1.5226,,0.2787,0.1273,30.44,39.79,0.2777,0.0196,40.02,last_burst,no_whisper_set;set_estimators_disagree;no_offset;speech_in_hold,"{""bb_thr10"": 425.115, ""bb_thr6"": 425.115, ""hf_aic"": 425.6705, ""hf_thr10"": 425.639, ""hf_thr6"": 425.639}","{""bb_thr"": 426.874, ""hf_aic"": 426.8996, ""hf_thr"": 426.8605}"
nMmKgT46FUc,OG2020-100m-W-SF-H2,1,valid,957.925,,957.959,956.2235,956.618,1.7355,1.341,0.0915,0.1417,21.35,42.45,0.0725,0.0202,46.33,last_burst,no_whisper_set;set_estimators_disagree,"{""bb_thr10"": 956.296, ""bb_thr6"": 956.296, ""hf_aic"": 956.2102, ""hf_thr10"": 956.151, ""hf_thr6"": 956.151}","{""bb_thr"": 957.955, ""hf_aic"": 957.959, ""hf_thr"": 957.9185}"
nMmKgT46FUc,OG2020-100m-W-SF-H3,1,valid,1400.46,,1400.4954,1398.681,1398.91,1.8144,1.5854,0.0797,0.1418,26.07,42.76,0.0565,0.0212,53.68,whisper,set_estimators_disagree;weak_s_onset,"{""bb_thr10"": 1398.681, ""bb_thr6"": 1398.681, ""hf_aic"": 1398.5799, ""hf_thr6"": 1398.568}","{""bb_thr"": 1400.4615, ""hf_aic"": 1400.4954, ""hf_thr"": 1400.453}"
zMFb8Y2QLPc,OG2020-100m-M-F-H1,1,recalled,349.2,,349.194,347.726,,1.468,,0.0859,0.08,10.39,17.36,0.0615,0.0,20.47,last_burst,no_whisper_set;low_snr_set;set_estimators_disagree;no_offset,"{""bb_thr10"": 347.726, ""bb_thr6"": 347.726, ""hf_aic"": 347.6209, ""hf_thr6"": 347.603}","{""bb_thr"": 349.202, ""hf_aic"": 349.194, ""hf_thr"": 349.194}"
zMFb8Y2QLPc,OG2020-100m-M-F-H1,2,valid,457.56,,457.5516,456.157,,1.3946,,0.1165,0.08,10.16,21.39,0.0999,0.0003,23.05,last_burst,no_whisper_set;low_snr_set;set_estimators_disagree;no_offset,"{""bb_thr10"": 456.157, ""bb_thr6"": 456.157, ""hf_aic"": 455.9572, ""hf_thr6"": 455.96}","{""bb_thr"": 457.5545, ""hf_aic"": 457.5516, ""hf_thr"": 457.551}"
